{
"type": "FeatureCollection",
"name": "coastline_always_wet",
"crs": { "type": "name", "properties": { "name": "urn:ogc:def:crs:OGC:1.3:CRS84" } },
"features": [
{ "type": "Feature", "properties": { "grid": "fine" }, "geometry": { "type": "Polygon", "coordinates": [ [ [ 6.16665, 56.35865 ], [ 6.16665, 56.35035 ], [ 6.16665, 56.34205 ], [ 6.16665, 56.33375 ], [ 6.16665, 56.32545 ], [ 6.16665, 56.31715 ], [ 6.16665, 56.30885 ], [ 6.16665, 56.30055 ], [ 6.16665, 56.29225 ], [ 6.16665, 56.28395 ], [ 6.16665, 56.27565 ], [ 6.16665, 56.26735 ], [ 6.16665, 56.25905 ], [ 6.16665, 56.25075 ], [ 6.16665, 56.24245 ], [ 6.16665, 56.23415 ], [ 6.16665, 56.22585 ], [ 6.16665, 56.21755 ], [ 6.16665, 56.20925 ], [ 6.16665, 56.20095 ], [ 6.16665, 56.19265 ], [ 6.16665, 56.18435 ], [ 6.16665, 56.17605 ], [ 6.16665, 56.16775 ], [ 6.16665, 56.15945 ], [ 6.16665, 56.15115 ], [ 6.16665, 56.14285 ], [ 6.16665, 56.13455 ], [ 6.16665, 56.12625 ], [ 6.16665, 56.11795 ], [ 6.16665, 56.10965 ], [ 6.16665, 56.10135 ], [ 6.16665, 56.09305 ], [ 6.16665, 56.08475 ], [ 6.16665, 56.07645 ], [ 6.16665, 56.06815 ], [ 6.16665, 56.05985 ], [ 6.16665, 56.05155 ], [ 6.16665, 56.04325 ], [ 6.16665, 56.03495 ], [ 6.16665, 56.02665 ], [ 6.16665, 56.01835 ], [ 6.16665, 56.01005 ], [ 6.16665, 56.00175 ], [ 6.16665, 55.99345 ], [ 6.16665, 55.98515 ], [ 6.16665, 55.97685 ], [ 6.16665, 55.96855 ], [ 6.16665, 55.96025 ], [ 6.16665, 55.95195 ], [ 6.16665, 55.94365 ], [ 6.16665, 55.93535 ], [ 6.16665, 55.927050000000101 ], [ 6.16665, 55.918750000000102 ], [ 6.16665, 55.910450000000104 ], [ 6.16665, 55.902150000000105 ], [ 6.16665, 55.893850000000107 ], [ 6.16665, 55.885550000000109 ], [ 6.16665, 55.87725000000011 ], [ 6.16665, 55.868950000000112 ], [ 6.16665, 55.860650000000113 ], [ 6.16665, 55.852350000000115 ], [ 6.16665, 55.844050000000117 ], [ 6.16665, 55.835750000000118 ], [ 6.16665, 55.82745000000012 ], [ 6.16665, 55.819150000000121 ], [ 6.16665, 55.810850000000123 ], [ 6.16665, 55.802550000000124 ], [ 6.16665, 55.794250000000126 ], [ 6.16665, 55.785950000000128 ], [ 6.16665, 55.777650000000129 ], [ 6.16665, 55.769350000000131 ], [ 6.16665, 55.761050000000132 ], [ 6.16665, 55.752750000000134 ], [ 6.16665, 55.744450000000136 ], [ 6.16665, 55.736150000000137 ], [ 6.16665, 55.727850000000139 ], [ 6.16665, 55.71955000000014 ], [ 6.16665, 55.711250000000142 ], [ 6.16665, 55.702950000000143 ], [ 6.16665, 55.694650000000145 ], [ 6.16665, 55.686350000000147 ], [ 6.16665, 55.678050000000148 ], [ 6.16665, 55.66975000000015 ], [ 6.16665, 55.661450000000151 ], [ 6.16665, 55.653150000000153 ], [ 6.16665, 55.644850000000154 ], [ 6.16665, 55.636550000000156 ], [ 6.16665, 55.628250000000158 ], [ 6.16665, 55.619950000000159 ], [ 6.16665, 55.611650000000161 ], [ 6.16665, 55.603350000000162 ], [ 6.16665, 55.595050000000164 ], [ 6.16665, 55.586750000000166 ], [ 6.16665, 55.578450000000167 ], [ 6.16665, 55.570150000000169 ], [ 6.16665, 55.56185000000017 ], [ 6.16665, 55.553550000000172 ], [ 6.16665, 55.545250000000173 ], [ 6.16665, 55.536950000000175 ], [ 6.16665, 55.528650000000177 ], [ 6.16665, 55.520350000000178 ], [ 6.16665, 55.51205000000018 ], [ 6.16665, 55.503750000000181 ], [ 6.16665, 55.495450000000183 ], [ 6.16665, 55.487150000000184 ], [ 6.16665, 55.478850000000186 ], [ 6.16665, 55.470550000000188 ], [ 6.16665, 55.462250000000189 ], [ 6.16665, 55.453950000000191 ], [ 6.16665, 55.445650000000192 ], [ 6.16665, 55.437350000000194 ], [ 6.16665, 55.429050000000196 ], [ 6.16665, 55.420750000000197 ], [ 6.16665, 55.412450000000199 ], [ 6.16665, 55.4041500000002 ], [ 6.16665, 55.395850000000202 ], [ 6.16665, 55.387550000000203 ], [ 6.16665, 55.379250000000205 ], [ 6.16665, 55.370950000000207 ], [ 6.16665, 55.362650000000208 ], [ 6.16665, 55.35435000000021 ], [ 6.16665, 55.346050000000211 ], [ 6.16665, 55.337750000000213 ], [ 6.16665, 55.329450000000215 ], [ 6.16665, 55.321150000000216 ], [ 6.16665, 55.312850000000218 ], [ 6.16665, 55.304550000000219 ], [ 6.16665, 55.296250000000221 ], [ 6.16665, 55.287950000000222 ], [ 6.16665, 55.279650000000224 ], [ 6.16665, 55.271350000000226 ], [ 6.16665, 55.263050000000227 ], [ 6.16665, 55.254750000000229 ], [ 6.16665, 55.24645000000023 ], [ 6.16665, 55.238150000000232 ], [ 6.16665, 55.229850000000233 ], [ 6.16665, 55.221550000000235 ], [ 6.16665, 55.213250000000237 ], [ 6.16665, 55.204950000000238 ], [ 6.16665, 55.19665000000024 ], [ 6.16665, 55.188350000000241 ], [ 6.16665, 55.180050000000243 ], [ 6.16665, 55.171750000000245 ], [ 6.16665, 55.163450000000246 ], [ 6.16665, 55.155150000000248 ], [ 6.16665, 55.146850000000249 ], [ 6.16665, 55.138550000000251 ], [ 6.16665, 55.130250000000252 ], [ 6.16665, 55.121950000000254 ], [ 6.16665, 55.113650000000256 ], [ 6.16665, 55.105350000000257 ], [ 6.16665, 55.097050000000259 ], [ 6.16665, 55.08875000000026 ], [ 6.16665, 55.080450000000262 ], [ 6.16665, 55.072150000000264 ], [ 6.16665, 55.063850000000265 ], [ 6.16665, 55.055550000000267 ], [ 6.16665, 55.047250000000268 ], [ 6.16665, 55.03895000000027 ], [ 6.16665, 55.030650000000271 ], [ 6.16665, 55.022350000000273 ], [ 6.16665, 55.014050000000275 ], [ 6.16665, 55.005750000000276 ], [ 6.16665, 54.997450000000278 ], [ 6.16665, 54.989150000000279 ], [ 6.16665, 54.980850000000281 ], [ 6.16665, 54.972550000000282 ], [ 6.16665, 54.964250000000284 ], [ 6.16665, 54.955950000000286 ], [ 6.16665, 54.947650000000287 ], [ 6.16665, 54.939350000000289 ], [ 6.16665, 54.93105000000029 ], [ 6.16665, 54.922750000000292 ], [ 6.16665, 54.914450000000294 ], [ 6.16665, 54.906150000000295 ], [ 6.16665, 54.897850000000297 ], [ 6.16665, 54.889550000000298 ], [ 6.16665, 54.8812500000003 ], [ 6.16665, 54.872950000000301 ], [ 6.16665, 54.864650000000303 ], [ 6.16665, 54.856350000000305 ], [ 6.16665, 54.848050000000306 ], [ 6.16665, 54.839750000000308 ], [ 6.16665, 54.831450000000309 ], [ 6.16665, 54.823150000000311 ], [ 6.16665, 54.814850000000312 ], [ 6.16665, 54.806550000000314 ], [ 6.16665, 54.798250000000316 ], [ 6.16665, 54.789950000000317 ], [ 6.16665, 54.781650000000319 ], [ 6.16665, 54.77335000000032 ], [ 6.16665, 54.765050000000322 ], [ 6.16665, 54.756750000000324 ], [ 6.16665, 54.748450000000325 ], [ 6.16665, 54.740150000000327 ], [ 6.16665, 54.731850000000328 ], [ 6.16665, 54.72355000000033 ], [ 6.16665, 54.715250000000331 ], [ 6.16665, 54.706950000000333 ], [ 6.16665, 54.698650000000335 ], [ 6.16665, 54.690350000000336 ], [ 6.16665, 54.682050000000338 ], [ 6.16665, 54.673750000000339 ], [ 6.16665, 54.665450000000341 ], [ 6.16665, 54.657150000000343 ], [ 6.16665, 54.648850000000344 ], [ 6.16665, 54.640550000000346 ], [ 6.16665, 54.632250000000347 ], [ 6.16665, 54.623950000000349 ], [ 6.16665, 54.61565000000035 ], [ 6.16665, 54.607350000000352 ], [ 6.16665, 54.599050000000354 ], [ 6.16665, 54.590750000000355 ], [ 6.16665, 54.582450000000357 ], [ 6.16665, 54.574150000000358 ], [ 6.16665, 54.56585000000036 ], [ 6.16665, 54.557550000000361 ], [ 6.16665, 54.549250000000363 ], [ 6.16665, 54.540950000000365 ], [ 6.16665, 54.532650000000366 ], [ 6.16665, 54.524350000000368 ], [ 6.16665, 54.516050000000369 ], [ 6.16665, 54.507750000000371 ], [ 6.16665, 54.499450000000373 ], [ 6.16665, 54.491150000000374 ], [ 6.16665, 54.482850000000376 ], [ 6.16665, 54.474550000000377 ], [ 6.16665, 54.466250000000379 ], [ 6.16665, 54.45795000000038 ], [ 6.16665, 54.449650000000382 ], [ 6.16665, 54.441350000000384 ], [ 6.16665, 54.433050000000385 ], [ 6.16665, 54.424750000000387 ], [ 6.16665, 54.416450000000388 ], [ 6.16665, 54.40815000000039 ], [ 6.16665, 54.399850000000392 ], [ 6.16665, 54.391550000000393 ], [ 6.16665, 54.383250000000395 ], [ 6.16665, 54.374950000000396 ], [ 6.16665, 54.366650000000398 ], [ 6.16665, 54.358350000000399 ], [ 6.16665, 54.350050000000401 ], [ 6.16665, 54.341750000000403 ], [ 6.16665, 54.333450000000404 ], [ 6.16665, 54.325150000000406 ], [ 6.16665, 54.316850000000407 ], [ 6.16665, 54.308550000000409 ], [ 6.16665, 54.30025000000041 ], [ 6.16665, 54.291950000000412 ], [ 6.16665, 54.283650000000414 ], [ 6.16665, 54.275350000000415 ], [ 6.16665, 54.267050000000417 ], [ 6.16665, 54.258750000000418 ], [ 6.16665, 54.25045000000042 ], [ 6.16665, 54.242150000000422 ], [ 6.16665, 54.233850000000423 ], [ 6.16665, 54.225550000000425 ], [ 6.16665, 54.217250000000426 ], [ 6.16665, 54.208950000000428 ], [ 6.16665, 54.200650000000429 ], [ 6.16665, 54.192350000000431 ], [ 6.16665, 54.184050000000433 ], [ 6.16665, 54.175750000000434 ], [ 6.16665, 54.167450000000436 ], [ 6.16665, 54.159150000000437 ], [ 6.16665, 54.150850000000439 ], [ 6.16665, 54.14255000000044 ], [ 6.16665, 54.134250000000442 ], [ 6.16665, 54.125950000000444 ], [ 6.16665, 54.117650000000445 ], [ 6.16665, 54.109350000000447 ], [ 6.16665, 54.101050000000448 ], [ 6.16665, 54.09275000000045 ], [ 6.16665, 54.084450000000452 ], [ 6.16665, 54.076150000000453 ], [ 6.16665, 54.067850000000455 ], [ 6.16665, 54.059550000000456 ], [ 6.16665, 54.051250000000458 ], [ 6.16665, 54.042950000000459 ], [ 6.16665, 54.034650000000461 ], [ 6.16665, 54.026350000000463 ], [ 6.16665, 54.018050000000464 ], [ 6.16665, 54.009750000000466 ], [ 6.16665, 54.001450000000467 ], [ 6.16665, 53.993150000000469 ], [ 6.16665, 53.984850000000471 ], [ 6.16665, 53.976550000000472 ], [ 6.16665, 53.968250000000474 ], [ 6.16665, 53.959950000000475 ], [ 6.16665, 53.951650000000477 ], [ 6.16665, 53.943350000000478 ], [ 6.16665, 53.93505000000048 ], [ 6.16665, 53.926750000000482 ], [ 6.16665, 53.918450000000483 ], [ 6.16665, 53.910150000000485 ], [ 6.16665, 53.901850000000486 ], [ 6.16665, 53.893550000000488 ], [ 6.16665, 53.885250000000489 ], [ 6.16665, 53.876950000000491 ], [ 6.16665, 53.868650000000493 ], [ 6.16665, 53.860350000000494 ], [ 6.16665, 53.852050000000496 ], [ 6.16665, 53.843750000000497 ], [ 6.16665, 53.835450000000499 ], [ 6.16665, 53.827150000000501 ], [ 6.16665, 53.818850000000502 ], [ 6.16665, 53.810550000000504 ], [ 6.16665, 53.802250000000505 ], [ 6.16665, 53.793950000000507 ], [ 6.16665, 53.785650000000508 ], [ 6.16665, 53.77735000000051 ], [ 6.16665, 53.769050000000512 ], [ 6.16665, 53.760750000000513 ], [ 6.16665, 53.752450000000515 ], [ 6.16665, 53.744150000000516 ], [ 6.16665, 53.735850000000518 ], [ 6.16665, 53.72755000000052 ], [ 6.16665, 53.719250000000521 ], [ 6.16665, 53.710950000000523 ], [ 6.16665, 53.702650000000524 ], [ 6.16665, 53.694350000000526 ], [ 6.16665, 53.686050000000527 ], [ 6.16665, 53.677750000000529 ], [ 6.16665, 53.669450000000531 ], [ 6.16665, 53.661150000000532 ], [ 6.16665, 53.652850000000534 ], [ 6.16665, 53.644550000000535 ], [ 6.16665, 53.636250000000537 ], [ 6.16665, 53.627950000000538 ], [ 6.16665, 53.61965000000054 ], [ 6.16665, 53.611350000000542 ], [ 6.16665, 53.603050000000543 ], [ 6.16665, 53.594750000000545 ], [ 6.16665, 53.586450000000546 ], [ 6.16665, 53.578150000000548 ], [ 6.16665, 53.56985000000055 ], [ 6.16665, 53.561550000000551 ], [ 6.16665, 53.553250000000553 ], [ 6.16665, 53.544950000000554 ], [ 6.16665, 53.536650000000556 ], [ 6.16665, 53.528350000000557 ], [ 6.16665, 53.520050000000559 ], [ 6.16665, 53.511750000000561 ], [ 6.18055, 53.511750000000561 ], [ 6.19445, 53.511750000000561 ], [ 6.20835, 53.511750000000561 ], [ 6.22225, 53.511750000000561 ], [ 6.23615, 53.511750000000561 ], [ 6.25005, 53.511750000000561 ], [ 6.26395, 53.511750000000561 ], [ 6.26395, 53.520050000000559 ], [ 6.27785, 53.520050000000559 ], [ 6.29175, 53.520050000000559 ], [ 6.30565, 53.520050000000559 ], [ 6.30565, 53.511750000000561 ], [ 6.31955, 53.511750000000561 ], [ 6.31955, 53.503450000000562 ], [ 6.30565, 53.503450000000562 ], [ 6.30565, 53.495150000000564 ], [ 6.29175, 53.495150000000564 ], [ 6.27785, 53.495150000000564 ], [ 6.26395, 53.495150000000564 ], [ 6.26395, 53.486850000000565 ], [ 6.25005, 53.486850000000565 ], [ 6.25005, 53.478550000000567 ], [ 6.25005, 53.470250000000568 ], [ 6.23615, 53.470250000000568 ], [ 6.23615, 53.46195000000057 ], [ 6.22225, 53.46195000000057 ], [ 6.20835, 53.46195000000057 ], [ 6.19445, 53.46195000000057 ], [ 6.18055, 53.46195000000057 ], [ 6.16665, 53.46195000000057 ], [ 6.16665, 53.453650000000572 ], [ 6.16665, 53.445350000000573 ], [ 6.16665, 53.437050000000575 ], [ 6.16665, 53.428750000000576 ], [ 6.16665, 53.420450000000578 ], [ 6.16665, 53.41215000000058 ], [ 6.18055, 53.41215000000058 ], [ 6.19445, 53.41215000000058 ], [ 6.20835, 53.41215000000058 ], [ 6.22225, 53.41215000000058 ], [ 6.23615, 53.41215000000058 ], [ 6.25005, 53.41215000000058 ], [ 6.26395, 53.41215000000058 ], [ 6.27785, 53.41215000000058 ], [ 6.29175, 53.41215000000058 ], [ 6.30565, 53.41215000000058 ], [ 6.31955, 53.41215000000058 ], [ 6.33345, 53.41215000000058 ], [ 6.33345, 53.420450000000578 ], [ 6.34735, 53.420450000000578 ], [ 6.36125, 53.420450000000578 ], [ 6.37515, 53.420450000000578 ], [ 6.37515, 53.428750000000576 ], [ 6.38905, 53.428750000000576 ], [ 6.38905, 53.437050000000575 ], [ 6.40295, 53.437050000000575 ], [ 6.40295, 53.428750000000576 ], [ 6.41685, 53.428750000000576 ], [ 6.41685, 53.437050000000575 ], [ 6.41685, 53.445350000000573 ], [ 6.43075, 53.445350000000573 ], [ 6.44465, 53.445350000000573 ], [ 6.45855, 53.445350000000573 ], [ 6.47245, 53.445350000000573 ], [ 6.48635, 53.445350000000573 ], [ 6.50025, 53.445350000000573 ], [ 6.50025, 53.437050000000575 ], [ 6.51415, 53.437050000000575 ], [ 6.51415, 53.445350000000573 ], [ 6.51415, 53.453650000000572 ], [ 6.52805, 53.453650000000572 ], [ 6.52805, 53.445350000000573 ], [ 6.54195, 53.445350000000573 ], [ 6.55585, 53.445350000000573 ], [ 6.55585, 53.453650000000572 ], [ 6.56975, 53.453650000000572 ], [ 6.58365, 53.453650000000572 ], [ 6.58365, 53.46195000000057 ], [ 6.59755, 53.46195000000057 ], [ 6.61145, 53.46195000000057 ], [ 6.61145, 53.470250000000568 ], [ 6.62535, 53.470250000000568 ], [ 6.63925, 53.470250000000568 ], [ 6.63925, 53.46195000000057 ], [ 6.65315, 53.46195000000057 ], [ 6.65315, 53.470250000000568 ], [ 6.66705, 53.470250000000568 ], [ 6.66705, 53.478550000000567 ], [ 6.68095, 53.478550000000567 ], [ 6.69485, 53.478550000000567 ], [ 6.69485, 53.470250000000568 ], [ 6.70875, 53.470250000000568 ], [ 6.72265, 53.470250000000568 ], [ 6.72265, 53.478550000000567 ], [ 6.73655, 53.478550000000567 ], [ 6.73655, 53.470250000000568 ], [ 6.75045, 53.470250000000568 ], [ 6.75045, 53.478550000000567 ], [ 6.76435, 53.478550000000567 ], [ 6.76435, 53.470250000000568 ], [ 6.77825, 53.470250000000568 ], [ 6.79215, 53.470250000000568 ], [ 6.80605, 53.470250000000568 ], [ 6.80605, 53.46195000000057 ], [ 6.81995, 53.46195000000057 ], [ 6.81995, 53.453650000000572 ], [ 6.83385, 53.453650000000572 ], [ 6.84775, 53.453650000000572 ], [ 6.84775, 53.445350000000573 ], [ 6.86165, 53.445350000000573 ], [ 6.87555, 53.445350000000573 ], [ 6.87555, 53.437050000000575 ], [ 6.88945, 53.437050000000575 ], [ 6.88945, 53.428750000000576 ], [ 6.88945, 53.420450000000578 ], [ 6.88945, 53.41215000000058 ], [ 6.88945, 53.403850000000581 ], [ 6.88945, 53.395550000000583 ], [ 6.90335, 53.395550000000583 ], [ 6.90335, 53.387250000000584 ], [ 6.90335, 53.378950000000586 ], [ 6.90335, 53.370650000000587 ], [ 6.90335, 53.362350000000589 ], [ 6.91725, 53.362350000000589 ], [ 6.91725, 53.354050000000591 ], [ 6.93115, 53.354050000000591 ], [ 6.93115, 53.345750000000592 ], [ 6.93115, 53.337450000000594 ], [ 6.94505, 53.337450000000594 ], [ 6.94505, 53.329150000000595 ], [ 6.95895, 53.329150000000595 ], [ 6.97285, 53.329150000000595 ], [ 6.98675, 53.329150000000595 ], [ 6.98675, 53.320850000000597 ], [ 7.00065, 53.320850000000597 ], [ 7.01455, 53.320850000000597 ], [ 7.02845, 53.320850000000597 ], [ 7.02845, 53.312550000000599 ], [ 7.04235, 53.312550000000599 ], [ 7.05625, 53.312550000000599 ], [ 7.07015, 53.312550000000599 ], [ 7.08405, 53.312550000000599 ], [ 7.08405, 53.3042500000006 ], [ 7.08405, 53.295950000000602 ], [ 7.09795, 53.295950000000602 ], [ 7.09795, 53.287650000000603 ], [ 7.09795, 53.279350000000605 ], [ 7.11185, 53.279350000000605 ], [ 7.11185, 53.271050000000606 ], [ 7.12575, 53.271050000000606 ], [ 7.13965, 53.271050000000606 ], [ 7.15355, 53.271050000000606 ], [ 7.16745, 53.271050000000606 ], [ 7.16745, 53.262750000000608 ], [ 7.16745, 53.25445000000061 ], [ 7.18135, 53.25445000000061 ], [ 7.18135, 53.262750000000608 ], [ 7.18135, 53.271050000000606 ], [ 7.19525, 53.271050000000606 ], [ 7.19525, 53.279350000000605 ], [ 7.20915, 53.279350000000605 ], [ 7.22305, 53.279350000000605 ], [ 7.22305, 53.287650000000603 ], [ 7.23695, 53.287650000000603 ], [ 7.23695, 53.295950000000602 ], [ 7.23695, 53.3042500000006 ], [ 7.22305, 53.3042500000006 ], [ 7.22305, 53.312550000000599 ], [ 7.23695, 53.312550000000599 ], [ 7.23695, 53.320850000000597 ], [ 7.23695, 53.329150000000595 ], [ 7.25085, 53.329150000000595 ], [ 7.26475, 53.329150000000595 ], [ 7.27865, 53.329150000000595 ], [ 7.29255, 53.329150000000595 ], [ 7.30645, 53.329150000000595 ], [ 7.30645, 53.337450000000594 ], [ 7.29255, 53.337450000000594 ], [ 7.27865, 53.337450000000594 ], [ 7.27865, 53.345750000000592 ], [ 7.26475, 53.345750000000592 ], [ 7.25085, 53.345750000000592 ], [ 7.23695, 53.345750000000592 ], [ 7.22305, 53.345750000000592 ], [ 7.20915, 53.345750000000592 ], [ 7.19525, 53.345750000000592 ], [ 7.18135, 53.345750000000592 ], [ 7.16745, 53.345750000000592 ], [ 7.15355, 53.345750000000592 ], [ 7.13965, 53.345750000000592 ], [ 7.12575, 53.345750000000592 ], [ 7.11185, 53.345750000000592 ], [ 7.09795, 53.345750000000592 ], [ 7.08405, 53.345750000000592 ], [ 7.07015, 53.345750000000592 ], [ 7.05625, 53.345750000000592 ], [ 7.04235, 53.345750000000592 ], [ 7.02845, 53.345750000000592 ], [ 7.02845, 53.354050000000591 ], [ 7.02845, 53.362350000000589 ], [ 7.02845, 53.370650000000587 ], [ 7.01455, 53.370650000000587 ], [ 7.00065, 53.370650000000587 ], [ 7.00065, 53.378950000000586 ], [ 7.00065, 53.387250000000584 ], [ 7.01455, 53.387250000000584 ], [ 7.01455, 53.395550000000583 ], [ 7.00065, 53.395550000000583 ], [ 7.00065, 53.403850000000581 ], [ 7.00065, 53.41215000000058 ], [ 7.00065, 53.420450000000578 ], [ 7.00065, 53.428750000000576 ], [ 7.01455, 53.428750000000576 ], [ 7.01455, 53.437050000000575 ], [ 7.01455, 53.445350000000573 ], [ 7.01455, 53.453650000000572 ], [ 7.01455, 53.46195000000057 ], [ 7.01455, 53.470250000000568 ], [ 7.01455, 53.478550000000567 ], [ 7.01455, 53.486850000000565 ], [ 7.01455, 53.495150000000564 ], [ 7.02845, 53.495150000000564 ], [ 7.02845, 53.503450000000562 ], [ 7.02845, 53.511750000000561 ], [ 7.04235, 53.511750000000561 ], [ 7.04235, 53.520050000000559 ], [ 7.04235, 53.528350000000557 ], [ 7.04235, 53.536650000000556 ], [ 7.04235, 53.544950000000554 ], [ 7.05625, 53.544950000000554 ], [ 7.07015, 53.544950000000554 ], [ 7.07015, 53.536650000000556 ], [ 7.08405, 53.536650000000556 ], [ 7.09795, 53.536650000000556 ], [ 7.11185, 53.536650000000556 ], [ 7.12575, 53.536650000000556 ], [ 7.12575, 53.544950000000554 ], [ 7.12575, 53.553250000000553 ], [ 7.11185, 53.553250000000553 ], [ 7.11185, 53.561550000000551 ], [ 7.09795, 53.561550000000551 ], [ 7.09795, 53.56985000000055 ], [ 7.08405, 53.56985000000055 ], [ 7.08405, 53.578150000000548 ], [ 7.07015, 53.578150000000548 ], [ 7.07015, 53.586450000000546 ], [ 7.08405, 53.586450000000546 ], [ 7.08405, 53.594750000000545 ], [ 7.09795, 53.594750000000545 ], [ 7.09795, 53.603050000000543 ], [ 7.11185, 53.603050000000543 ], [ 7.11185, 53.611350000000542 ], [ 7.12575, 53.611350000000542 ], [ 7.12575, 53.61965000000054 ], [ 7.13965, 53.61965000000054 ], [ 7.13965, 53.627950000000538 ], [ 7.15355, 53.627950000000538 ], [ 7.15355, 53.636250000000537 ], [ 7.16745, 53.636250000000537 ], [ 7.16745, 53.644550000000535 ], [ 7.16745, 53.652850000000534 ], [ 7.18135, 53.652850000000534 ], [ 7.19525, 53.652850000000534 ], [ 7.19525, 53.661150000000532 ], [ 7.20915, 53.661150000000532 ], [ 7.20915, 53.669450000000531 ], [ 7.22305, 53.669450000000531 ], [ 7.22305, 53.677750000000529 ], [ 7.23695, 53.677750000000529 ], [ 7.25085, 53.677750000000529 ], [ 7.25085, 53.686050000000527 ], [ 7.26475, 53.686050000000527 ], [ 7.27865, 53.686050000000527 ], [ 7.27865, 53.694350000000526 ], [ 7.29255, 53.694350000000526 ], [ 7.30645, 53.694350000000526 ], [ 7.32035, 53.694350000000526 ], [ 7.32035, 53.702650000000524 ], [ 7.33425, 53.702650000000524 ], [ 7.33425, 53.694350000000526 ], [ 7.34815, 53.694350000000526 ], [ 7.36205, 53.694350000000526 ], [ 7.36205, 53.702650000000524 ], [ 7.37595, 53.702650000000524 ], [ 7.38985, 53.702650000000524 ], [ 7.40375, 53.702650000000524 ], [ 7.41765, 53.702650000000524 ], [ 7.43155, 53.702650000000524 ], [ 7.44545, 53.702650000000524 ], [ 7.45935, 53.702650000000524 ], [ 7.45935, 53.694350000000526 ], [ 7.47325, 53.694350000000526 ], [ 7.48715, 53.694350000000526 ], [ 7.50105, 53.694350000000526 ], [ 7.50105, 53.686050000000527 ], [ 7.51495, 53.686050000000527 ], [ 7.52885, 53.686050000000527 ], [ 7.54275, 53.686050000000527 ], [ 7.55665, 53.686050000000527 ], [ 7.57055, 53.686050000000527 ], [ 7.58445, 53.686050000000527 ], [ 7.58445, 53.694350000000526 ], [ 7.59835, 53.694350000000526 ], [ 7.61225, 53.694350000000526 ], [ 7.61225, 53.702650000000524 ], [ 7.62615, 53.702650000000524 ], [ 7.64005, 53.702650000000524 ], [ 7.65395, 53.702650000000524 ], [ 7.65395, 53.710950000000523 ], [ 7.66785, 53.710950000000523 ], [ 7.68175, 53.710950000000523 ], [ 7.69565, 53.710950000000523 ], [ 7.70955, 53.710950000000523 ], [ 7.72345, 53.710950000000523 ], [ 7.73735, 53.710950000000523 ], [ 7.73735, 53.719250000000521 ], [ 7.75125, 53.719250000000521 ], [ 7.76515, 53.719250000000521 ], [ 7.77905, 53.719250000000521 ], [ 7.79295, 53.719250000000521 ], [ 7.79295, 53.72755000000052 ], [ 7.80685, 53.72755000000052 ], [ 7.80685, 53.719250000000521 ], [ 7.82075, 53.719250000000521 ], [ 7.82075, 53.72755000000052 ], [ 7.83465, 53.72755000000052 ], [ 7.84855, 53.72755000000052 ], [ 7.86245, 53.72755000000052 ], [ 7.87635, 53.72755000000052 ], [ 7.89025, 53.72755000000052 ], [ 7.90415, 53.72755000000052 ], [ 7.90415, 53.735850000000518 ], [ 7.91805, 53.735850000000518 ], [ 7.93195, 53.735850000000518 ], [ 7.94585, 53.735850000000518 ], [ 7.95975, 53.735850000000518 ], [ 7.97365, 53.735850000000518 ], [ 7.98755, 53.735850000000518 ], [ 7.98755, 53.72755000000052 ], [ 8.00145, 53.72755000000052 ], [ 8.01535, 53.72755000000052 ], [ 8.02925, 53.72755000000052 ], [ 8.02925, 53.719250000000521 ], [ 8.02925, 53.710950000000523 ], [ 8.02925, 53.702650000000524 ], [ 8.02925, 53.694350000000526 ], [ 8.02925, 53.686050000000527 ], [ 8.02925, 53.677750000000529 ], [ 8.04315, 53.677750000000529 ], [ 8.04315, 53.669450000000531 ], [ 8.04315, 53.661150000000532 ], [ 8.04315, 53.652850000000534 ], [ 8.05705, 53.652850000000534 ], [ 8.05705, 53.661150000000532 ], [ 8.07095, 53.661150000000532 ], [ 8.07095, 53.652850000000534 ], [ 8.08485, 53.652850000000534 ], [ 8.08485, 53.644550000000535 ], [ 8.09875, 53.644550000000535 ], [ 8.09875, 53.636250000000537 ], [ 8.11265, 53.636250000000537 ], [ 8.11265, 53.627950000000538 ], [ 8.11265, 53.61965000000054 ], [ 8.11265, 53.611350000000542 ], [ 8.11265, 53.603050000000543 ], [ 8.12655, 53.603050000000543 ], [ 8.12655, 53.594750000000545 ], [ 8.14045, 53.594750000000545 ], [ 8.14045, 53.586450000000546 ], [ 8.14045, 53.578150000000548 ], [ 8.15435, 53.578150000000548 ], [ 8.15435, 53.56985000000055 ], [ 8.16825, 53.56985000000055 ], [ 8.16825, 53.561550000000551 ], [ 8.16825, 53.553250000000553 ], [ 8.16825, 53.544950000000554 ], [ 8.15435, 53.544950000000554 ], [ 8.15435, 53.536650000000556 ], [ 8.15435, 53.528350000000557 ], [ 8.14045, 53.528350000000557 ], [ 8.14045, 53.520050000000559 ], [ 8.12655, 53.520050000000559 ], [ 8.11265, 53.520050000000559 ], [ 8.11265, 53.511750000000561 ], [ 8.09875, 53.511750000000561 ], [ 8.08485, 53.511750000000561 ], [ 8.08485, 53.503450000000562 ], [ 8.08485, 53.495150000000564 ], [ 8.08485, 53.486850000000565 ], [ 8.09875, 53.486850000000565 ], [ 8.09875, 53.478550000000567 ], [ 8.09875, 53.470250000000568 ], [ 8.09875, 53.46195000000057 ], [ 8.11265, 53.46195000000057 ], [ 8.11265, 53.470250000000568 ], [ 8.12655, 53.470250000000568 ], [ 8.14045, 53.470250000000568 ], [ 8.15435, 53.470250000000568 ], [ 8.15435, 53.46195000000057 ], [ 8.16825, 53.46195000000057 ], [ 8.16825, 53.453650000000572 ], [ 8.18215, 53.453650000000572 ], [ 8.18215, 53.445350000000573 ], [ 8.19605, 53.445350000000573 ], [ 8.19605, 53.437050000000575 ], [ 8.19605, 53.428750000000576 ], [ 8.20995, 53.428750000000576 ], [ 8.20995, 53.420450000000578 ], [ 8.22385, 53.420450000000578 ], [ 8.23775, 53.420450000000578 ], [ 8.25165, 53.420450000000578 ], [ 8.25165, 53.41215000000058 ], [ 8.26555, 53.41215000000058 ], [ 8.26555, 53.420450000000578 ], [ 8.26555, 53.428750000000576 ], [ 8.27945, 53.428750000000576 ], [ 8.27945, 53.437050000000575 ], [ 8.29335, 53.437050000000575 ], [ 8.29335, 53.445350000000573 ], [ 8.30725, 53.445350000000573 ], [ 8.30725, 53.453650000000572 ], [ 8.29335, 53.453650000000572 ], [ 8.29335, 53.46195000000057 ], [ 8.30725, 53.46195000000057 ], [ 8.30725, 53.470250000000568 ], [ 8.30725, 53.478550000000567 ], [ 8.30725, 53.486850000000565 ], [ 8.30725, 53.495150000000564 ], [ 8.30725, 53.503450000000562 ], [ 8.30725, 53.511750000000561 ], [ 8.30725, 53.520050000000559 ], [ 8.30725, 53.528350000000557 ], [ 8.30725, 53.536650000000556 ], [ 8.29335, 53.536650000000556 ], [ 8.29335, 53.528350000000557 ], [ 8.27945, 53.528350000000557 ], [ 8.27945, 53.536650000000556 ], [ 8.26555, 53.536650000000556 ], [ 8.25165, 53.536650000000556 ], [ 8.23775, 53.536650000000556 ], [ 8.23775, 53.544950000000554 ], [ 8.23775, 53.553250000000553 ], [ 8.23775, 53.561550000000551 ], [ 8.23775, 53.56985000000055 ], [ 8.23775, 53.578150000000548 ], [ 8.23775, 53.586450000000546 ], [ 8.23775, 53.594750000000545 ], [ 8.23775, 53.603050000000543 ], [ 8.25165, 53.603050000000543 ], [ 8.25165, 53.611350000000542 ], [ 8.26555, 53.611350000000542 ], [ 8.26555, 53.61965000000054 ], [ 8.27945, 53.61965000000054 ], [ 8.27945, 53.627950000000538 ], [ 8.29335, 53.627950000000538 ], [ 8.29335, 53.636250000000537 ], [ 8.30725, 53.636250000000537 ], [ 8.30725, 53.627950000000538 ], [ 8.32115, 53.627950000000538 ], [ 8.33505, 53.627950000000538 ], [ 8.33505, 53.61965000000054 ], [ 8.34895, 53.61965000000054 ], [ 8.34895, 53.611350000000542 ], [ 8.36285, 53.611350000000542 ], [ 8.36285, 53.603050000000543 ], [ 8.36285, 53.594750000000545 ], [ 8.37675, 53.594750000000545 ], [ 8.37675, 53.586450000000546 ], [ 8.39065, 53.586450000000546 ], [ 8.39065, 53.578150000000548 ], [ 8.40455, 53.578150000000548 ], [ 8.41845, 53.578150000000548 ], [ 8.43235, 53.578150000000548 ], [ 8.44625, 53.578150000000548 ], [ 8.44625, 53.56985000000055 ], [ 8.46015, 53.56985000000055 ], [ 8.47405, 53.56985000000055 ], [ 8.47405, 53.561550000000551 ], [ 8.48795, 53.561550000000551 ], [ 8.50185, 53.561550000000551 ], [ 8.51575, 53.561550000000551 ], [ 8.51575, 53.553250000000553 ], [ 8.52965, 53.553250000000553 ], [ 8.54355, 53.553250000000553 ], [ 8.54355, 53.544950000000554 ], [ 8.55745, 53.544950000000554 ], [ 8.55745, 53.536650000000556 ], [ 8.54355, 53.536650000000556 ], [ 8.54355, 53.528350000000557 ], [ 8.52965, 53.528350000000557 ], [ 8.52965, 53.520050000000559 ], [ 8.51575, 53.520050000000559 ], [ 8.50185, 53.520050000000559 ], [ 8.50185, 53.511750000000561 ], [ 8.48795, 53.511750000000561 ], [ 8.48795, 53.503450000000562 ], [ 8.48795, 53.495150000000564 ], [ 8.48795, 53.486850000000565 ], [ 8.48795, 53.478550000000567 ], [ 8.48795, 53.470250000000568 ], [ 8.48795, 53.46195000000057 ], [ 8.48795, 53.453650000000572 ], [ 8.48795, 53.445350000000573 ], [ 8.48795, 53.437050000000575 ], [ 8.48795, 53.428750000000576 ], [ 8.48795, 53.420450000000578 ], [ 8.48795, 53.41215000000058 ], [ 8.48795, 53.403850000000581 ], [ 8.48795, 53.395550000000583 ], [ 8.48795, 53.387250000000584 ], [ 8.48795, 53.378950000000586 ], [ 8.48795, 53.370650000000587 ], [ 8.48795, 53.362350000000589 ], [ 8.50185, 53.362350000000589 ], [ 8.50185, 53.354050000000591 ], [ 8.50185, 53.345750000000592 ], [ 8.50185, 53.337450000000594 ], [ 8.50185, 53.329150000000595 ], [ 8.50185, 53.320850000000597 ], [ 8.50185, 53.312550000000599 ], [ 8.50185, 53.3042500000006 ], [ 8.50185, 53.295950000000602 ], [ 8.50185, 53.287650000000603 ], [ 8.50185, 53.279350000000605 ], [ 8.50185, 53.271050000000606 ], [ 8.50185, 53.262750000000608 ], [ 8.50185, 53.25445000000061 ], [ 8.50185, 53.246150000000611 ], [ 8.51575, 53.246150000000611 ], [ 8.51575, 53.25445000000061 ], [ 8.51575, 53.262750000000608 ], [ 8.51575, 53.271050000000606 ], [ 8.51575, 53.279350000000605 ], [ 8.51575, 53.287650000000603 ], [ 8.51575, 53.295950000000602 ], [ 8.51575, 53.3042500000006 ], [ 8.51575, 53.312550000000599 ], [ 8.51575, 53.320850000000597 ], [ 8.51575, 53.329150000000595 ], [ 8.51575, 53.337450000000594 ], [ 8.51575, 53.345750000000592 ], [ 8.51575, 53.354050000000591 ], [ 8.51575, 53.362350000000589 ], [ 8.51575, 53.370650000000587 ], [ 8.51575, 53.378950000000586 ], [ 8.51575, 53.387250000000584 ], [ 8.51575, 53.395550000000583 ], [ 8.51575, 53.403850000000581 ], [ 8.50185, 53.403850000000581 ], [ 8.50185, 53.41215000000058 ], [ 8.50185, 53.420450000000578 ], [ 8.50185, 53.428750000000576 ], [ 8.50185, 53.437050000000575 ], [ 8.50185, 53.445350000000573 ], [ 8.50185, 53.453650000000572 ], [ 8.50185, 53.46195000000057 ], [ 8.50185, 53.470250000000568 ], [ 8.50185, 53.478550000000567 ], [ 8.50185, 53.486850000000565 ], [ 8.51575, 53.486850000000565 ], [ 8.51575, 53.495150000000564 ], [ 8.51575, 53.503450000000562 ], [ 8.52965, 53.503450000000562 ], [ 8.52965, 53.511750000000561 ], [ 8.54355, 53.511750000000561 ], [ 8.55745, 53.511750000000561 ], [ 8.55745, 53.520050000000559 ], [ 8.57135, 53.520050000000559 ], [ 8.57135, 53.528350000000557 ], [ 8.57135, 53.536650000000556 ], [ 8.57135, 53.544950000000554 ], [ 8.57135, 53.553250000000553 ], [ 8.57135, 53.561550000000551 ], [ 8.57135, 53.56985000000055 ], [ 8.55745, 53.56985000000055 ], [ 8.55745, 53.578150000000548 ], [ 8.55745, 53.586450000000546 ], [ 8.54355, 53.586450000000546 ], [ 8.54355, 53.594750000000545 ], [ 8.54355, 53.603050000000543 ], [ 8.52965, 53.603050000000543 ], [ 8.52965, 53.611350000000542 ], [ 8.52965, 53.61965000000054 ], [ 8.51575, 53.61965000000054 ], [ 8.51575, 53.627950000000538 ], [ 8.51575, 53.636250000000537 ], [ 8.50185, 53.636250000000537 ], [ 8.50185, 53.644550000000535 ], [ 8.50185, 53.652850000000534 ], [ 8.48795, 53.652850000000534 ], [ 8.48795, 53.661150000000532 ], [ 8.48795, 53.669450000000531 ], [ 8.48795, 53.677750000000529 ], [ 8.48795, 53.686050000000527 ], [ 8.48795, 53.694350000000526 ], [ 8.48795, 53.702650000000524 ], [ 8.48795, 53.710950000000523 ], [ 8.48795, 53.719250000000521 ], [ 8.50185, 53.719250000000521 ], [ 8.50185, 53.72755000000052 ], [ 8.50185, 53.735850000000518 ], [ 8.48795, 53.735850000000518 ], [ 8.48795, 53.744150000000516 ], [ 8.50185, 53.744150000000516 ], [ 8.50185, 53.752450000000515 ], [ 8.51575, 53.752450000000515 ], [ 8.51575, 53.760750000000513 ], [ 8.51575, 53.769050000000512 ], [ 8.52965, 53.769050000000512 ], [ 8.52965, 53.77735000000051 ], [ 8.52965, 53.785650000000508 ], [ 8.52965, 53.793950000000507 ], [ 8.54355, 53.793950000000507 ], [ 8.54355, 53.802250000000505 ], [ 8.54355, 53.810550000000504 ], [ 8.54355, 53.818850000000502 ], [ 8.54355, 53.827150000000501 ], [ 8.54355, 53.835450000000499 ], [ 8.55745, 53.835450000000499 ], [ 8.55745, 53.843750000000497 ], [ 8.55745, 53.852050000000496 ], [ 8.57135, 53.852050000000496 ], [ 8.57135, 53.860350000000494 ], [ 8.57135, 53.868650000000493 ], [ 8.58525, 53.868650000000493 ], [ 8.58525, 53.876950000000491 ], [ 8.59915, 53.876950000000491 ], [ 8.59915, 53.885250000000489 ], [ 8.61305, 53.885250000000489 ], [ 8.61305, 53.893550000000488 ], [ 8.62695, 53.893550000000488 ], [ 8.62695, 53.901850000000486 ], [ 8.64085, 53.901850000000486 ], [ 8.65475, 53.901850000000486 ], [ 8.66865, 53.901850000000486 ], [ 8.68255, 53.901850000000486 ], [ 8.68255, 53.893550000000488 ], [ 8.69645, 53.893550000000488 ], [ 8.69645, 53.885250000000489 ], [ 8.71035, 53.885250000000489 ], [ 8.71035, 53.876950000000491 ], [ 8.72425, 53.876950000000491 ], [ 8.72425, 53.868650000000493 ], [ 8.73815, 53.868650000000493 ], [ 8.73815, 53.860350000000494 ], [ 8.75205, 53.860350000000494 ], [ 8.75205, 53.852050000000496 ], [ 8.76595, 53.852050000000496 ], [ 8.76595, 53.843750000000497 ], [ 8.77985, 53.843750000000497 ], [ 8.79375, 53.843750000000497 ], [ 8.80765, 53.843750000000497 ], [ 8.82155, 53.843750000000497 ], [ 8.83545, 53.843750000000497 ], [ 8.84935, 53.843750000000497 ], [ 8.86325, 53.843750000000497 ], [ 8.87715, 53.843750000000497 ], [ 8.89105, 53.843750000000497 ], [ 8.89105, 53.835450000000499 ], [ 8.90495, 53.835450000000499 ], [ 8.90495, 53.843750000000497 ], [ 8.91885, 53.843750000000497 ], [ 8.93275, 53.843750000000497 ], [ 8.94665, 53.843750000000497 ], [ 8.96055, 53.843750000000497 ], [ 8.96055, 53.852050000000496 ], [ 8.97445, 53.852050000000496 ], [ 8.98835, 53.852050000000496 ], [ 9.00225, 53.852050000000496 ], [ 9.00225, 53.843750000000497 ], [ 9.01615, 53.843750000000497 ], [ 9.03005, 53.843750000000497 ], [ 9.03005, 53.852050000000496 ], [ 9.03005, 53.860350000000494 ], [ 9.04395, 53.860350000000494 ], [ 9.05785, 53.860350000000494 ], [ 9.05785, 53.868650000000493 ], [ 9.07175, 53.868650000000493 ], [ 9.08565, 53.868650000000493 ], [ 9.09955, 53.868650000000493 ], [ 9.09955, 53.876950000000491 ], [ 9.11345, 53.876950000000491 ], [ 9.12735, 53.876950000000491 ], [ 9.14125, 53.876950000000491 ], [ 9.15515, 53.876950000000491 ], [ 9.16905, 53.876950000000491 ], [ 9.18295, 53.876950000000491 ], [ 9.19685, 53.876950000000491 ], [ 9.21075, 53.876950000000491 ], [ 9.22465, 53.876950000000491 ], [ 9.22465, 53.868650000000493 ], [ 9.23855, 53.868650000000493 ], [ 9.25245, 53.868650000000493 ], [ 9.26635, 53.868650000000493 ], [ 9.26635, 53.860350000000494 ], [ 9.28025, 53.860350000000494 ], [ 9.29415, 53.860350000000494 ], [ 9.29415, 53.852050000000496 ], [ 9.30805, 53.852050000000496 ], [ 9.30805, 53.843750000000497 ], [ 9.32195, 53.843750000000497 ], [ 9.32195, 53.835450000000499 ], [ 9.32195, 53.827150000000501 ], [ 9.33585, 53.827150000000501 ], [ 9.33585, 53.818850000000502 ], [ 9.33585, 53.810550000000504 ], [ 9.34975, 53.810550000000504 ], [ 9.34975, 53.802250000000505 ], [ 9.34975, 53.793950000000507 ], [ 9.36365, 53.793950000000507 ], [ 9.36365, 53.785650000000508 ], [ 9.37755, 53.785650000000508 ], [ 9.37755, 53.77735000000051 ], [ 9.37755, 53.769050000000512 ], [ 9.39145, 53.769050000000512 ], [ 9.39145, 53.760750000000513 ], [ 9.39145, 53.752450000000515 ], [ 9.40535, 53.752450000000515 ], [ 9.40535, 53.744150000000516 ], [ 9.40535, 53.735850000000518 ], [ 9.41925, 53.735850000000518 ], [ 9.41925, 53.72755000000052 ], [ 9.43315, 53.72755000000052 ], [ 9.43315, 53.719250000000521 ], [ 9.44705, 53.719250000000521 ], [ 9.44705, 53.710950000000523 ], [ 9.46095, 53.710950000000523 ], [ 9.46095, 53.702650000000524 ], [ 9.47485, 53.702650000000524 ], [ 9.47485, 53.694350000000526 ], [ 9.48875, 53.694350000000526 ], [ 9.48875, 53.686050000000527 ], [ 9.50265, 53.686050000000527 ], [ 9.50265, 53.677750000000529 ], [ 9.50265, 53.669450000000531 ], [ 9.516549999999899, 53.669450000000531 ], [ 9.516549999999899, 53.661150000000532 ], [ 9.516549999999899, 53.652850000000534 ], [ 9.516549999999899, 53.644550000000535 ], [ 9.530449999999899, 53.644550000000535 ], [ 9.530449999999899, 53.636250000000537 ], [ 9.530449999999899, 53.627950000000538 ], [ 9.544349999999898, 53.627950000000538 ], [ 9.544349999999898, 53.61965000000054 ], [ 9.558249999999898, 53.61965000000054 ], [ 9.558249999999898, 53.611350000000542 ], [ 9.572149999999898, 53.611350000000542 ], [ 9.572149999999898, 53.603050000000543 ], [ 9.586049999999897, 53.603050000000543 ], [ 9.586049999999897, 53.594750000000545 ], [ 9.599949999999897, 53.594750000000545 ], [ 9.613849999999896, 53.594750000000545 ], [ 9.613849999999896, 53.586450000000546 ], [ 9.627749999999896, 53.586450000000546 ], [ 9.641649999999895, 53.586450000000546 ], [ 9.641649999999895, 53.578150000000548 ], [ 9.655549999999895, 53.578150000000548 ], [ 9.655549999999895, 53.56985000000055 ], [ 9.669449999999895, 53.56985000000055 ], [ 9.669449999999895, 53.561550000000551 ], [ 9.683349999999894, 53.561550000000551 ], [ 9.697249999999894, 53.561550000000551 ], [ 9.711149999999893, 53.561550000000551 ], [ 9.725049999999893, 53.561550000000551 ], [ 9.738949999999893, 53.561550000000551 ], [ 9.752849999999892, 53.561550000000551 ], [ 9.766749999999892, 53.561550000000551 ], [ 9.766749999999892, 53.553250000000553 ], [ 9.780649999999891, 53.553250000000553 ], [ 9.794549999999891, 53.553250000000553 ], [ 9.794549999999891, 53.544950000000554 ], [ 9.80844999999989, 53.544950000000554 ], [ 9.82234999999989, 53.544950000000554 ], [ 9.83624999999989, 53.544950000000554 ], [ 9.850149999999889, 53.544950000000554 ], [ 9.864049999999889, 53.544950000000554 ], [ 9.877949999999888, 53.544950000000554 ], [ 9.891849999999888, 53.544950000000554 ], [ 9.891849999999888, 53.536650000000556 ], [ 9.905749999999887, 53.536650000000556 ], [ 9.905749999999887, 53.544950000000554 ], [ 9.919649999999887, 53.544950000000554 ], [ 9.933549999999887, 53.544950000000554 ], [ 9.947449999999886, 53.544950000000554 ], [ 9.947449999999886, 53.536650000000556 ], [ 9.947449999999886, 53.528350000000557 ], [ 9.947449999999886, 53.520050000000559 ], [ 9.947449999999886, 53.511750000000561 ], [ 9.947449999999886, 53.503450000000562 ], [ 9.961349999999886, 53.503450000000562 ], [ 9.975249999999885, 53.503450000000562 ], [ 9.989149999999885, 53.503450000000562 ], [ 10.003049999999885, 53.503450000000562 ], [ 10.003049999999885, 53.495150000000564 ], [ 10.016949999999884, 53.495150000000564 ], [ 10.030849999999884, 53.495150000000564 ], [ 10.030849999999884, 53.486850000000565 ], [ 10.044749999999883, 53.486850000000565 ], [ 10.044749999999883, 53.478550000000567 ], [ 10.044749999999883, 53.470250000000568 ], [ 10.044749999999883, 53.46195000000057 ], [ 10.058649999999883, 53.46195000000057 ], [ 10.072549999999882, 53.46195000000057 ], [ 10.072549999999882, 53.453650000000572 ], [ 10.086449999999882, 53.453650000000572 ], [ 10.086449999999882, 53.445350000000573 ], [ 10.100349999999882, 53.445350000000573 ], [ 10.114249999999881, 53.445350000000573 ], [ 10.114249999999881, 53.437050000000575 ], [ 10.128149999999881, 53.437050000000575 ], [ 10.128149999999881, 53.428750000000576 ], [ 10.14204999999988, 53.428750000000576 ], [ 10.14204999999988, 53.420450000000578 ], [ 10.15594999999988, 53.420450000000578 ], [ 10.169849999999879, 53.420450000000578 ], [ 10.183749999999879, 53.420450000000578 ], [ 10.197649999999879, 53.420450000000578 ], [ 10.211549999999878, 53.420450000000578 ], [ 10.225449999999878, 53.420450000000578 ], [ 10.239349999999877, 53.420450000000578 ], [ 10.253249999999877, 53.420450000000578 ], [ 10.267149999999877, 53.420450000000578 ], [ 10.281049999999876, 53.420450000000578 ], [ 10.281049999999876, 53.428750000000576 ], [ 10.294949999999876, 53.428750000000576 ], [ 10.308849999999875, 53.428750000000576 ], [ 10.322749999999875, 53.428750000000576 ], [ 10.336649999999874, 53.428750000000576 ], [ 10.350549999999874, 53.428750000000576 ], [ 10.364449999999874, 53.428750000000576 ], [ 10.364449999999874, 53.437050000000575 ], [ 10.350549999999874, 53.437050000000575 ], [ 10.336649999999874, 53.437050000000575 ], [ 10.322749999999875, 53.437050000000575 ], [ 10.308849999999875, 53.437050000000575 ], [ 10.294949999999876, 53.437050000000575 ], [ 10.281049999999876, 53.437050000000575 ], [ 10.267149999999877, 53.437050000000575 ], [ 10.253249999999877, 53.437050000000575 ], [ 10.253249999999877, 53.428750000000576 ], [ 10.239349999999877, 53.428750000000576 ], [ 10.225449999999878, 53.428750000000576 ], [ 10.211549999999878, 53.428750000000576 ], [ 10.197649999999879, 53.428750000000576 ], [ 10.183749999999879, 53.428750000000576 ], [ 10.169849999999879, 53.428750000000576 ], [ 10.169849999999879, 53.437050000000575 ], [ 10.15594999999988, 53.437050000000575 ], [ 10.15594999999988, 53.445350000000573 ], [ 10.14204999999988, 53.445350000000573 ], [ 10.128149999999881, 53.445350000000573 ], [ 10.128149999999881, 53.453650000000572 ], [ 10.114249999999881, 53.453650000000572 ], [ 10.114249999999881, 53.46195000000057 ], [ 10.100349999999882, 53.46195000000057 ], [ 10.086449999999882, 53.46195000000057 ], [ 10.086449999999882, 53.470250000000568 ], [ 10.072549999999882, 53.470250000000568 ], [ 10.072549999999882, 53.478550000000567 ], [ 10.058649999999883, 53.478550000000567 ], [ 10.058649999999883, 53.486850000000565 ], [ 10.058649999999883, 53.495150000000564 ], [ 10.058649999999883, 53.503450000000562 ], [ 10.058649999999883, 53.511750000000561 ], [ 10.058649999999883, 53.520050000000559 ], [ 10.058649999999883, 53.528350000000557 ], [ 10.058649999999883, 53.536650000000556 ], [ 10.044749999999883, 53.536650000000556 ], [ 10.044749999999883, 53.544950000000554 ], [ 10.030849999999884, 53.544950000000554 ], [ 10.016949999999884, 53.544950000000554 ], [ 10.003049999999885, 53.544950000000554 ], [ 9.989149999999885, 53.544950000000554 ], [ 9.975249999999885, 53.544950000000554 ], [ 9.975249999999885, 53.553250000000553 ], [ 9.961349999999886, 53.553250000000553 ], [ 9.947449999999886, 53.553250000000553 ], [ 9.933549999999887, 53.553250000000553 ], [ 9.919649999999887, 53.553250000000553 ], [ 9.905749999999887, 53.553250000000553 ], [ 9.891849999999888, 53.553250000000553 ], [ 9.877949999999888, 53.553250000000553 ], [ 9.864049999999889, 53.553250000000553 ], [ 9.850149999999889, 53.553250000000553 ], [ 9.850149999999889, 53.561550000000551 ], [ 9.83624999999989, 53.561550000000551 ], [ 9.83624999999989, 53.56985000000055 ], [ 9.82234999999989, 53.56985000000055 ], [ 9.80844999999989, 53.56985000000055 ], [ 9.80844999999989, 53.578150000000548 ], [ 9.794549999999891, 53.578150000000548 ], [ 9.780649999999891, 53.578150000000548 ], [ 9.766749999999892, 53.578150000000548 ], [ 9.752849999999892, 53.578150000000548 ], [ 9.738949999999893, 53.578150000000548 ], [ 9.725049999999893, 53.578150000000548 ], [ 9.711149999999893, 53.578150000000548 ], [ 9.711149999999893, 53.586450000000546 ], [ 9.697249999999894, 53.586450000000546 ], [ 9.683349999999894, 53.586450000000546 ], [ 9.669449999999895, 53.586450000000546 ], [ 9.669449999999895, 53.594750000000545 ], [ 9.655549999999895, 53.594750000000545 ], [ 9.641649999999895, 53.594750000000545 ], [ 9.641649999999895, 53.603050000000543 ], [ 9.627749999999896, 53.603050000000543 ], [ 9.627749999999896, 53.611350000000542 ], [ 9.613849999999896, 53.611350000000542 ], [ 9.613849999999896, 53.61965000000054 ], [ 9.599949999999897, 53.61965000000054 ], [ 9.586049999999897, 53.61965000000054 ], [ 9.586049999999897, 53.627950000000538 ], [ 9.572149999999898, 53.627950000000538 ], [ 9.572149999999898, 53.636250000000537 ], [ 9.572149999999898, 53.644550000000535 ], [ 9.572149999999898, 53.652850000000534 ], [ 9.572149999999898, 53.661150000000532 ], [ 9.558249999999898, 53.661150000000532 ], [ 9.558249999999898, 53.669450000000531 ], [ 9.558249999999898, 53.677750000000529 ], [ 9.558249999999898, 53.686050000000527 ], [ 9.544349999999898, 53.686050000000527 ], [ 9.544349999999898, 53.694350000000526 ], [ 9.544349999999898, 53.702650000000524 ], [ 9.544349999999898, 53.710950000000523 ], [ 9.530449999999899, 53.710950000000523 ], [ 9.530449999999899, 53.719250000000521 ], [ 9.516549999999899, 53.719250000000521 ], [ 9.516549999999899, 53.72755000000052 ], [ 9.516549999999899, 53.735850000000518 ], [ 9.50265, 53.735850000000518 ], [ 9.48875, 53.735850000000518 ], [ 9.47485, 53.735850000000518 ], [ 9.47485, 53.744150000000516 ], [ 9.46095, 53.744150000000516 ], [ 9.46095, 53.752450000000515 ], [ 9.44705, 53.752450000000515 ], [ 9.44705, 53.760750000000513 ], [ 9.43315, 53.760750000000513 ], [ 9.43315, 53.769050000000512 ], [ 9.43315, 53.77735000000051 ], [ 9.43315, 53.785650000000508 ], [ 9.41925, 53.785650000000508 ], [ 9.41925, 53.793950000000507 ], [ 9.41925, 53.802250000000505 ], [ 9.40535, 53.802250000000505 ], [ 9.40535, 53.810550000000504 ], [ 9.40535, 53.818850000000502 ], [ 9.40535, 53.827150000000501 ], [ 9.40535, 53.835450000000499 ], [ 9.39145, 53.835450000000499 ], [ 9.39145, 53.843750000000497 ], [ 9.37755, 53.843750000000497 ], [ 9.36365, 53.843750000000497 ], [ 9.36365, 53.852050000000496 ], [ 9.34975, 53.852050000000496 ], [ 9.34975, 53.860350000000494 ], [ 9.33585, 53.860350000000494 ], [ 9.33585, 53.868650000000493 ], [ 9.32195, 53.868650000000493 ], [ 9.30805, 53.868650000000493 ], [ 9.30805, 53.876950000000491 ], [ 9.30805, 53.885250000000489 ], [ 9.29415, 53.885250000000489 ], [ 9.28025, 53.885250000000489 ], [ 9.26635, 53.885250000000489 ], [ 9.26635, 53.893550000000488 ], [ 9.25245, 53.893550000000488 ], [ 9.25245, 53.901850000000486 ], [ 9.23855, 53.901850000000486 ], [ 9.22465, 53.901850000000486 ], [ 9.21075, 53.901850000000486 ], [ 9.19685, 53.901850000000486 ], [ 9.18295, 53.901850000000486 ], [ 9.16905, 53.901850000000486 ], [ 9.15515, 53.901850000000486 ], [ 9.14125, 53.901850000000486 ], [ 9.12735, 53.901850000000486 ], [ 9.11345, 53.901850000000486 ], [ 9.09955, 53.901850000000486 ], [ 9.08565, 53.901850000000486 ], [ 9.07175, 53.901850000000486 ], [ 9.05785, 53.901850000000486 ], [ 9.04395, 53.901850000000486 ], [ 9.03005, 53.901850000000486 ], [ 9.01615, 53.901850000000486 ], [ 9.01615, 53.893550000000488 ], [ 9.00225, 53.893550000000488 ], [ 8.98835, 53.893550000000488 ], [ 8.97445, 53.893550000000488 ], [ 8.97445, 53.901850000000486 ], [ 8.96055, 53.901850000000486 ], [ 8.94665, 53.901850000000486 ], [ 8.94665, 53.910150000000485 ], [ 8.94665, 53.918450000000483 ], [ 8.93275, 53.918450000000483 ], [ 8.93275, 53.926750000000482 ], [ 8.91885, 53.926750000000482 ], [ 8.90495, 53.926750000000482 ], [ 8.89105, 53.926750000000482 ], [ 8.89105, 53.93505000000048 ], [ 8.89105, 53.943350000000478 ], [ 8.87715, 53.943350000000478 ], [ 8.87715, 53.951650000000477 ], [ 8.86325, 53.951650000000477 ], [ 8.86325, 53.943350000000478 ], [ 8.84935, 53.943350000000478 ], [ 8.83545, 53.943350000000478 ], [ 8.83545, 53.951650000000477 ], [ 8.84935, 53.951650000000477 ], [ 8.84935, 53.959950000000475 ], [ 8.84935, 53.968250000000474 ], [ 8.86325, 53.968250000000474 ], [ 8.86325, 53.976550000000472 ], [ 8.84935, 53.976550000000472 ], [ 8.83545, 53.976550000000472 ], [ 8.82155, 53.976550000000472 ], [ 8.80765, 53.976550000000472 ], [ 8.80765, 53.968250000000474 ], [ 8.79375, 53.968250000000474 ], [ 8.77985, 53.968250000000474 ], [ 8.77985, 53.976550000000472 ], [ 8.77985, 53.984850000000471 ], [ 8.79375, 53.984850000000471 ], [ 8.80765, 53.984850000000471 ], [ 8.82155, 53.984850000000471 ], [ 8.83545, 53.984850000000471 ], [ 8.83545, 53.993150000000469 ], [ 8.84935, 53.993150000000469 ], [ 8.84935, 54.001450000000467 ], [ 8.84935, 54.009750000000466 ], [ 8.83545, 54.009750000000466 ], [ 8.82155, 54.009750000000466 ], [ 8.82155, 54.018050000000464 ], [ 8.80765, 54.018050000000464 ], [ 8.80765, 54.026350000000463 ], [ 8.82155, 54.026350000000463 ], [ 8.82155, 54.034650000000461 ], [ 8.82155, 54.042950000000459 ], [ 8.80765, 54.042950000000459 ], [ 8.80765, 54.051250000000458 ], [ 8.82155, 54.051250000000458 ], [ 8.83545, 54.051250000000458 ], [ 8.83545, 54.059550000000456 ], [ 8.84935, 54.059550000000456 ], [ 8.86325, 54.059550000000456 ], [ 8.87715, 54.059550000000456 ], [ 8.87715, 54.067850000000455 ], [ 8.89105, 54.067850000000455 ], [ 8.90495, 54.067850000000455 ], [ 8.91885, 54.067850000000455 ], [ 8.91885, 54.059550000000456 ], [ 8.93275, 54.059550000000456 ], [ 8.94665, 54.059550000000456 ], [ 8.94665, 54.051250000000458 ], [ 8.96055, 54.051250000000458 ], [ 8.96055, 54.059550000000456 ], [ 8.97445, 54.059550000000456 ], [ 8.97445, 54.067850000000455 ], [ 8.96055, 54.067850000000455 ], [ 8.96055, 54.076150000000453 ], [ 8.94665, 54.076150000000453 ], [ 8.94665, 54.084450000000452 ], [ 8.96055, 54.084450000000452 ], [ 8.96055, 54.09275000000045 ], [ 8.94665, 54.09275000000045 ], [ 8.94665, 54.101050000000448 ], [ 8.94665, 54.109350000000447 ], [ 8.93275, 54.109350000000447 ], [ 8.93275, 54.117650000000445 ], [ 8.93275, 54.125950000000444 ], [ 8.93275, 54.134250000000442 ], [ 8.91885, 54.134250000000442 ], [ 8.91885, 54.14255000000044 ], [ 8.90495, 54.14255000000044 ], [ 8.90495, 54.134250000000442 ], [ 8.89105, 54.134250000000442 ], [ 8.87715, 54.134250000000442 ], [ 8.86325, 54.134250000000442 ], [ 8.84935, 54.134250000000442 ], [ 8.84935, 54.14255000000044 ], [ 8.83545, 54.14255000000044 ], [ 8.83545, 54.150850000000439 ], [ 8.82155, 54.150850000000439 ], [ 8.80765, 54.150850000000439 ], [ 8.80765, 54.159150000000437 ], [ 8.82155, 54.159150000000437 ], [ 8.82155, 54.167450000000436 ], [ 8.82155, 54.175750000000434 ], [ 8.80765, 54.175750000000434 ], [ 8.80765, 54.184050000000433 ], [ 8.80765, 54.192350000000431 ], [ 8.79375, 54.192350000000431 ], [ 8.79375, 54.200650000000429 ], [ 8.79375, 54.208950000000428 ], [ 8.77985, 54.208950000000428 ], [ 8.77985, 54.217250000000426 ], [ 8.79375, 54.217250000000426 ], [ 8.80765, 54.217250000000426 ], [ 8.80765, 54.225550000000425 ], [ 8.82155, 54.225550000000425 ], [ 8.82155, 54.233850000000423 ], [ 8.82155, 54.242150000000422 ], [ 8.82155, 54.25045000000042 ], [ 8.82155, 54.258750000000418 ], [ 8.82155, 54.267050000000417 ], [ 8.83545, 54.267050000000417 ], [ 8.84935, 54.267050000000417 ], [ 8.84935, 54.275350000000415 ], [ 8.83545, 54.275350000000415 ], [ 8.83545, 54.283650000000414 ], [ 8.83545, 54.291950000000412 ], [ 8.82155, 54.291950000000412 ], [ 8.82155, 54.283650000000414 ], [ 8.80765, 54.283650000000414 ], [ 8.79375, 54.283650000000414 ], [ 8.77985, 54.283650000000414 ], [ 8.77985, 54.291950000000412 ], [ 8.76595, 54.291950000000412 ], [ 8.76595, 54.30025000000041 ], [ 8.75205, 54.30025000000041 ], [ 8.73815, 54.30025000000041 ], [ 8.72425, 54.30025000000041 ], [ 8.72425, 54.291950000000412 ], [ 8.71035, 54.291950000000412 ], [ 8.69645, 54.291950000000412 ], [ 8.69645, 54.283650000000414 ], [ 8.69645, 54.275350000000415 ], [ 8.68255, 54.275350000000415 ], [ 8.66865, 54.275350000000415 ], [ 8.65475, 54.275350000000415 ], [ 8.64085, 54.275350000000415 ], [ 8.64085, 54.283650000000414 ], [ 8.62695, 54.283650000000414 ], [ 8.62695, 54.291950000000412 ], [ 8.61305, 54.291950000000412 ], [ 8.59915, 54.291950000000412 ], [ 8.59915, 54.30025000000041 ], [ 8.58525, 54.30025000000041 ], [ 8.58525, 54.308550000000409 ], [ 8.58525, 54.316850000000407 ], [ 8.58525, 54.325150000000406 ], [ 8.58525, 54.333450000000404 ], [ 8.58525, 54.341750000000403 ], [ 8.58525, 54.350050000000401 ], [ 8.59915, 54.350050000000401 ], [ 8.59915, 54.358350000000399 ], [ 8.59915, 54.366650000000398 ], [ 8.61305, 54.366650000000398 ], [ 8.62695, 54.366650000000398 ], [ 8.62695, 54.358350000000399 ], [ 8.64085, 54.358350000000399 ], [ 8.64085, 54.366650000000398 ], [ 8.64085, 54.374950000000396 ], [ 8.62695, 54.374950000000396 ], [ 8.61305, 54.374950000000396 ], [ 8.59915, 54.374950000000396 ], [ 8.59915, 54.383250000000395 ], [ 8.59915, 54.391550000000393 ], [ 8.61305, 54.391550000000393 ], [ 8.62695, 54.391550000000393 ], [ 8.62695, 54.399850000000392 ], [ 8.64085, 54.399850000000392 ], [ 8.64085, 54.40815000000039 ], [ 8.65475, 54.40815000000039 ], [ 8.66865, 54.40815000000039 ], [ 8.68255, 54.40815000000039 ], [ 8.69645, 54.40815000000039 ], [ 8.69645, 54.416450000000388 ], [ 8.71035, 54.416450000000388 ], [ 8.72425, 54.416450000000388 ], [ 8.73815, 54.416450000000388 ], [ 8.75205, 54.416450000000388 ], [ 8.76595, 54.416450000000388 ], [ 8.77985, 54.416450000000388 ], [ 8.77985, 54.424750000000387 ], [ 8.76595, 54.424750000000387 ], [ 8.76595, 54.433050000000385 ], [ 8.77985, 54.433050000000385 ], [ 8.79375, 54.433050000000385 ], [ 8.80765, 54.433050000000385 ], [ 8.82155, 54.433050000000385 ], [ 8.82155, 54.424750000000387 ], [ 8.83545, 54.424750000000387 ], [ 8.83545, 54.416450000000388 ], [ 8.84935, 54.416450000000388 ], [ 8.86325, 54.416450000000388 ], [ 8.87715, 54.416450000000388 ], [ 8.87715, 54.424750000000387 ], [ 8.89105, 54.424750000000387 ], [ 8.90495, 54.424750000000387 ], [ 8.90495, 54.433050000000385 ], [ 8.91885, 54.433050000000385 ], [ 8.91885, 54.441350000000384 ], [ 8.93275, 54.441350000000384 ], [ 8.93275, 54.449650000000382 ], [ 8.94665, 54.449650000000382 ], [ 8.94665, 54.45795000000038 ], [ 8.94665, 54.466250000000379 ], [ 8.96055, 54.466250000000379 ], [ 8.96055, 54.474550000000377 ], [ 8.97445, 54.474550000000377 ], [ 8.97445, 54.466250000000379 ], [ 8.98835, 54.466250000000379 ], [ 8.98835, 54.474550000000377 ], [ 8.98835, 54.482850000000376 ], [ 9.00225, 54.482850000000376 ], [ 9.00225, 54.491150000000374 ], [ 9.00225, 54.499450000000373 ], [ 9.00225, 54.507750000000371 ], [ 8.98835, 54.507750000000371 ], [ 8.98835, 54.516050000000369 ], [ 8.97445, 54.516050000000369 ], [ 8.97445, 54.507750000000371 ], [ 8.96055, 54.507750000000371 ], [ 8.96055, 54.499450000000373 ], [ 8.94665, 54.499450000000373 ], [ 8.94665, 54.491150000000374 ], [ 8.93275, 54.491150000000374 ], [ 8.93275, 54.482850000000376 ], [ 8.91885, 54.482850000000376 ], [ 8.91885, 54.474550000000377 ], [ 8.91885, 54.466250000000379 ], [ 8.90495, 54.466250000000379 ], [ 8.89105, 54.466250000000379 ], [ 8.87715, 54.466250000000379 ], [ 8.86325, 54.466250000000379 ], [ 8.84935, 54.466250000000379 ], [ 8.83545, 54.466250000000379 ], [ 8.82155, 54.466250000000379 ], [ 8.82155, 54.474550000000377 ], [ 8.80765, 54.474550000000377 ], [ 8.79375, 54.474550000000377 ], [ 8.77985, 54.474550000000377 ], [ 8.76595, 54.474550000000377 ], [ 8.75205, 54.474550000000377 ], [ 8.75205, 54.482850000000376 ], [ 8.76595, 54.482850000000376 ], [ 8.76595, 54.491150000000374 ], [ 8.77985, 54.491150000000374 ], [ 8.79375, 54.491150000000374 ], [ 8.80765, 54.491150000000374 ], [ 8.80765, 54.499450000000373 ], [ 8.80765, 54.507750000000371 ], [ 8.82155, 54.507750000000371 ], [ 8.82155, 54.516050000000369 ], [ 8.83545, 54.516050000000369 ], [ 8.83545, 54.524350000000368 ], [ 8.84935, 54.524350000000368 ], [ 8.86325, 54.524350000000368 ], [ 8.86325, 54.532650000000366 ], [ 8.87715, 54.532650000000366 ], [ 8.87715, 54.540950000000365 ], [ 8.87715, 54.549250000000363 ], [ 8.87715, 54.557550000000361 ], [ 8.86325, 54.557550000000361 ], [ 8.84935, 54.557550000000361 ], [ 8.83545, 54.557550000000361 ], [ 8.83545, 54.549250000000363 ], [ 8.82155, 54.549250000000363 ], [ 8.80765, 54.549250000000363 ], [ 8.80765, 54.557550000000361 ], [ 8.80765, 54.56585000000036 ], [ 8.82155, 54.56585000000036 ], [ 8.83545, 54.56585000000036 ], [ 8.84935, 54.56585000000036 ], [ 8.86325, 54.56585000000036 ], [ 8.86325, 54.574150000000358 ], [ 8.86325, 54.582450000000357 ], [ 8.86325, 54.590750000000355 ], [ 8.87715, 54.590750000000355 ], [ 8.87715, 54.599050000000354 ], [ 8.87715, 54.607350000000352 ], [ 8.86325, 54.607350000000352 ], [ 8.84935, 54.607350000000352 ], [ 8.83545, 54.607350000000352 ], [ 8.83545, 54.599050000000354 ], [ 8.82155, 54.599050000000354 ], [ 8.82155, 54.607350000000352 ], [ 8.82155, 54.61565000000035 ], [ 8.82155, 54.623950000000349 ], [ 8.83545, 54.623950000000349 ], [ 8.83545, 54.632250000000347 ], [ 8.82155, 54.632250000000347 ], [ 8.82155, 54.640550000000346 ], [ 8.80765, 54.640550000000346 ], [ 8.80765, 54.648850000000344 ], [ 8.80765, 54.657150000000343 ], [ 8.79375, 54.657150000000343 ], [ 8.79375, 54.665450000000341 ], [ 8.77985, 54.665450000000341 ], [ 8.77985, 54.673750000000339 ], [ 8.76595, 54.673750000000339 ], [ 8.76595, 54.682050000000338 ], [ 8.75205, 54.682050000000338 ], [ 8.75205, 54.690350000000336 ], [ 8.75205, 54.698650000000335 ], [ 8.73815, 54.698650000000335 ], [ 8.73815, 54.706950000000333 ], [ 8.72425, 54.706950000000333 ], [ 8.72425, 54.698650000000335 ], [ 8.72425, 54.690350000000336 ], [ 8.72425, 54.682050000000338 ], [ 8.71035, 54.682050000000338 ], [ 8.71035, 54.673750000000339 ], [ 8.69645, 54.673750000000339 ], [ 8.68255, 54.673750000000339 ], [ 8.66865, 54.673750000000339 ], [ 8.66865, 54.682050000000338 ], [ 8.68255, 54.682050000000338 ], [ 8.68255, 54.690350000000336 ], [ 8.68255, 54.698650000000335 ], [ 8.69645, 54.698650000000335 ], [ 8.69645, 54.706950000000333 ], [ 8.71035, 54.706950000000333 ], [ 8.71035, 54.715250000000331 ], [ 8.71035, 54.72355000000033 ], [ 8.69645, 54.72355000000033 ], [ 8.69645, 54.731850000000328 ], [ 8.69645, 54.740150000000327 ], [ 8.69645, 54.748450000000325 ], [ 8.69645, 54.756750000000324 ], [ 8.69645, 54.765050000000322 ], [ 8.68255, 54.765050000000322 ], [ 8.68255, 54.77335000000032 ], [ 8.68255, 54.781650000000319 ], [ 8.66865, 54.781650000000319 ], [ 8.66865, 54.789950000000317 ], [ 8.66865, 54.798250000000316 ], [ 8.65475, 54.798250000000316 ], [ 8.65475, 54.806550000000314 ], [ 8.64085, 54.806550000000314 ], [ 8.64085, 54.814850000000312 ], [ 8.62695, 54.814850000000312 ], [ 8.61305, 54.814850000000312 ], [ 8.61305, 54.823150000000311 ], [ 8.61305, 54.831450000000309 ], [ 8.61305, 54.839750000000308 ], [ 8.59915, 54.839750000000308 ], [ 8.59915, 54.848050000000306 ], [ 8.59915, 54.856350000000305 ], [ 8.59915, 54.864650000000303 ], [ 8.59915, 54.872950000000301 ], [ 8.59915, 54.8812500000003 ], [ 8.58525, 54.8812500000003 ], [ 8.58525, 54.889550000000298 ], [ 8.57135, 54.889550000000298 ], [ 8.55745, 54.889550000000298 ], [ 8.54355, 54.889550000000298 ], [ 8.52965, 54.889550000000298 ], [ 8.51575, 54.889550000000298 ], [ 8.51575, 54.8812500000003 ], [ 8.50185, 54.8812500000003 ], [ 8.48795, 54.8812500000003 ], [ 8.48795, 54.872950000000301 ], [ 8.47405, 54.872950000000301 ], [ 8.47405, 54.864650000000303 ], [ 8.46015, 54.864650000000303 ], [ 8.46015, 54.856350000000305 ], [ 8.44625, 54.856350000000305 ], [ 8.43235, 54.856350000000305 ], [ 8.41845, 54.856350000000305 ], [ 8.41845, 54.848050000000306 ], [ 8.40455, 54.848050000000306 ], [ 8.40455, 54.856350000000305 ], [ 8.39065, 54.856350000000305 ], [ 8.37675, 54.856350000000305 ], [ 8.37675, 54.864650000000303 ], [ 8.36285, 54.864650000000303 ], [ 8.36285, 54.872950000000301 ], [ 8.36285, 54.8812500000003 ], [ 8.34895, 54.8812500000003 ], [ 8.33505, 54.8812500000003 ], [ 8.33505, 54.872950000000301 ], [ 8.33505, 54.864650000000303 ], [ 8.32115, 54.864650000000303 ], [ 8.30725, 54.864650000000303 ], [ 8.30725, 54.856350000000305 ], [ 8.30725, 54.848050000000306 ], [ 8.30725, 54.839750000000308 ], [ 8.30725, 54.831450000000309 ], [ 8.29335, 54.831450000000309 ], [ 8.29335, 54.823150000000311 ], [ 8.29335, 54.814850000000312 ], [ 8.29335, 54.806550000000314 ], [ 8.30725, 54.806550000000314 ], [ 8.30725, 54.798250000000316 ], [ 8.30725, 54.789950000000317 ], [ 8.30725, 54.781650000000319 ], [ 8.29335, 54.781650000000319 ], [ 8.29335, 54.77335000000032 ], [ 8.29335, 54.765050000000322 ], [ 8.29335, 54.756750000000324 ], [ 8.27945, 54.756750000000324 ], [ 8.27945, 54.765050000000322 ], [ 8.27945, 54.77335000000032 ], [ 8.27945, 54.781650000000319 ], [ 8.27945, 54.789950000000317 ], [ 8.27945, 54.798250000000316 ], [ 8.27945, 54.806550000000314 ], [ 8.27945, 54.814850000000312 ], [ 8.27945, 54.823150000000311 ], [ 8.27945, 54.831450000000309 ], [ 8.27945, 54.839750000000308 ], [ 8.27945, 54.848050000000306 ], [ 8.29335, 54.848050000000306 ], [ 8.29335, 54.856350000000305 ], [ 8.29335, 54.864650000000303 ], [ 8.29335, 54.872950000000301 ], [ 8.29335, 54.8812500000003 ], [ 8.29335, 54.889550000000298 ], [ 8.29335, 54.897850000000297 ], [ 8.29335, 54.906150000000295 ], [ 8.29335, 54.914450000000294 ], [ 8.29335, 54.922750000000292 ], [ 8.30725, 54.922750000000292 ], [ 8.30725, 54.93105000000029 ], [ 8.30725, 54.939350000000289 ], [ 8.32115, 54.939350000000289 ], [ 8.32115, 54.947650000000287 ], [ 8.32115, 54.955950000000286 ], [ 8.32115, 54.964250000000284 ], [ 8.33505, 54.964250000000284 ], [ 8.33505, 54.972550000000282 ], [ 8.33505, 54.980850000000281 ], [ 8.34895, 54.980850000000281 ], [ 8.34895, 54.989150000000279 ], [ 8.34895, 54.997450000000278 ], [ 8.34895, 55.005750000000276 ], [ 8.36285, 55.005750000000276 ], [ 8.36285, 55.014050000000275 ], [ 8.37675, 55.014050000000275 ], [ 8.37675, 55.022350000000273 ], [ 8.37675, 55.030650000000271 ], [ 8.37675, 55.03895000000027 ], [ 8.39065, 55.03895000000027 ], [ 8.39065, 55.047250000000268 ], [ 8.39065, 55.055550000000267 ], [ 8.40455, 55.055550000000267 ], [ 8.40455, 55.063850000000265 ], [ 8.41845, 55.063850000000265 ], [ 8.43235, 55.063850000000265 ], [ 8.43235, 55.055550000000267 ], [ 8.44625, 55.055550000000267 ], [ 8.46015, 55.055550000000267 ], [ 8.46015, 55.047250000000268 ], [ 8.44625, 55.047250000000268 ], [ 8.43235, 55.047250000000268 ], [ 8.41845, 55.047250000000268 ], [ 8.41845, 55.03895000000027 ], [ 8.43235, 55.03895000000027 ], [ 8.43235, 55.030650000000271 ], [ 8.44625, 55.030650000000271 ], [ 8.44625, 55.022350000000273 ], [ 8.43235, 55.022350000000273 ], [ 8.41845, 55.022350000000273 ], [ 8.41845, 55.014050000000275 ], [ 8.40455, 55.014050000000275 ], [ 8.39065, 55.014050000000275 ], [ 8.39065, 55.005750000000276 ], [ 8.39065, 54.997450000000278 ], [ 8.37675, 54.997450000000278 ], [ 8.37675, 54.989150000000279 ], [ 8.37675, 54.980850000000281 ], [ 8.36285, 54.980850000000281 ], [ 8.36285, 54.972550000000282 ], [ 8.36285, 54.964250000000284 ], [ 8.36285, 54.955950000000286 ], [ 8.36285, 54.947650000000287 ], [ 8.36285, 54.939350000000289 ], [ 8.36285, 54.93105000000029 ], [ 8.36285, 54.922750000000292 ], [ 8.36285, 54.914450000000294 ], [ 8.37675, 54.914450000000294 ], [ 8.37675, 54.906150000000295 ], [ 8.37675, 54.897850000000297 ], [ 8.39065, 54.897850000000297 ], [ 8.40455, 54.897850000000297 ], [ 8.41845, 54.897850000000297 ], [ 8.41845, 54.889550000000298 ], [ 8.43235, 54.889550000000298 ], [ 8.44625, 54.889550000000298 ], [ 8.46015, 54.889550000000298 ], [ 8.47405, 54.889550000000298 ], [ 8.48795, 54.889550000000298 ], [ 8.50185, 54.889550000000298 ], [ 8.50185, 54.897850000000297 ], [ 8.51575, 54.897850000000297 ], [ 8.52965, 54.897850000000297 ], [ 8.54355, 54.897850000000297 ], [ 8.55745, 54.897850000000297 ], [ 8.57135, 54.897850000000297 ], [ 8.58525, 54.897850000000297 ], [ 8.59915, 54.897850000000297 ], [ 8.61305, 54.897850000000297 ], [ 8.61305, 54.906150000000295 ], [ 8.62695, 54.906150000000295 ], [ 8.62695, 54.914450000000294 ], [ 8.62695, 54.922750000000292 ], [ 8.64085, 54.922750000000292 ], [ 8.64085, 54.93105000000029 ], [ 8.64085, 54.939350000000289 ], [ 8.64085, 54.947650000000287 ], [ 8.64085, 54.955950000000286 ], [ 8.65475, 54.955950000000286 ], [ 8.65475, 54.964250000000284 ], [ 8.65475, 54.972550000000282 ], [ 8.65475, 54.980850000000281 ], [ 8.65475, 54.989150000000279 ], [ 8.65475, 54.997450000000278 ], [ 8.64085, 54.997450000000278 ], [ 8.64085, 55.005750000000276 ], [ 8.64085, 55.014050000000275 ], [ 8.64085, 55.022350000000273 ], [ 8.64085, 55.030650000000271 ], [ 8.62695, 55.030650000000271 ], [ 8.62695, 55.03895000000027 ], [ 8.62695, 55.047250000000268 ], [ 8.62695, 55.055550000000267 ], [ 8.62695, 55.063850000000265 ], [ 8.62695, 55.072150000000264 ], [ 8.64085, 55.072150000000264 ], [ 8.64085, 55.080450000000262 ], [ 8.64085, 55.08875000000026 ], [ 8.64085, 55.097050000000259 ], [ 8.65475, 55.097050000000259 ], [ 8.65475, 55.105350000000257 ], [ 8.65475, 55.113650000000256 ], [ 8.65475, 55.121950000000254 ], [ 8.66865, 55.121950000000254 ], [ 8.66865, 55.130250000000252 ], [ 8.66865, 55.138550000000251 ], [ 8.66865, 55.146850000000249 ], [ 8.65475, 55.146850000000249 ], [ 8.64085, 55.146850000000249 ], [ 8.62695, 55.146850000000249 ], [ 8.61305, 55.146850000000249 ], [ 8.59915, 55.146850000000249 ], [ 8.59915, 55.155150000000248 ], [ 8.58525, 55.155150000000248 ], [ 8.57135, 55.155150000000248 ], [ 8.55745, 55.155150000000248 ], [ 8.55745, 55.146850000000249 ], [ 8.55745, 55.138550000000251 ], [ 8.55745, 55.130250000000252 ], [ 8.55745, 55.121950000000254 ], [ 8.55745, 55.113650000000256 ], [ 8.55745, 55.105350000000257 ], [ 8.55745, 55.097050000000259 ], [ 8.57135, 55.097050000000259 ], [ 8.57135, 55.08875000000026 ], [ 8.55745, 55.08875000000026 ], [ 8.55745, 55.080450000000262 ], [ 8.54355, 55.080450000000262 ], [ 8.54355, 55.072150000000264 ], [ 8.52965, 55.072150000000264 ], [ 8.51575, 55.072150000000264 ], [ 8.51575, 55.063850000000265 ], [ 8.50185, 55.063850000000265 ], [ 8.50185, 55.072150000000264 ], [ 8.50185, 55.080450000000262 ], [ 8.48795, 55.080450000000262 ], [ 8.48795, 55.08875000000026 ], [ 8.47405, 55.08875000000026 ], [ 8.47405, 55.097050000000259 ], [ 8.47405, 55.105350000000257 ], [ 8.47405, 55.113650000000256 ], [ 8.47405, 55.121950000000254 ], [ 8.47405, 55.130250000000252 ], [ 8.47405, 55.138550000000251 ], [ 8.47405, 55.146850000000249 ], [ 8.47405, 55.155150000000248 ], [ 8.46015, 55.155150000000248 ], [ 8.46015, 55.163450000000246 ], [ 8.47405, 55.163450000000246 ], [ 8.47405, 55.171750000000245 ], [ 8.47405, 55.180050000000243 ], [ 8.47405, 55.188350000000241 ], [ 8.47405, 55.19665000000024 ], [ 8.48795, 55.19665000000024 ], [ 8.48795, 55.204950000000238 ], [ 8.50185, 55.204950000000238 ], [ 8.50185, 55.213250000000237 ], [ 8.51575, 55.213250000000237 ], [ 8.52965, 55.213250000000237 ], [ 8.52965, 55.204950000000238 ], [ 8.54355, 55.204950000000238 ], [ 8.55745, 55.204950000000238 ], [ 8.55745, 55.19665000000024 ], [ 8.57135, 55.19665000000024 ], [ 8.58525, 55.19665000000024 ], [ 8.58525, 55.188350000000241 ], [ 8.58525, 55.180050000000243 ], [ 8.59915, 55.180050000000243 ], [ 8.59915, 55.171750000000245 ], [ 8.59915, 55.163450000000246 ], [ 8.61305, 55.163450000000246 ], [ 8.62695, 55.163450000000246 ], [ 8.64085, 55.163450000000246 ], [ 8.65475, 55.163450000000246 ], [ 8.66865, 55.163450000000246 ], [ 8.66865, 55.171750000000245 ], [ 8.66865, 55.180050000000243 ], [ 8.66865, 55.188350000000241 ], [ 8.66865, 55.19665000000024 ], [ 8.66865, 55.204950000000238 ], [ 8.66865, 55.213250000000237 ], [ 8.66865, 55.221550000000235 ], [ 8.66865, 55.229850000000233 ], [ 8.65475, 55.229850000000233 ], [ 8.65475, 55.238150000000232 ], [ 8.65475, 55.24645000000023 ], [ 8.64085, 55.24645000000023 ], [ 8.64085, 55.254750000000229 ], [ 8.65475, 55.254750000000229 ], [ 8.65475, 55.263050000000227 ], [ 8.65475, 55.271350000000226 ], [ 8.65475, 55.279650000000224 ], [ 8.65475, 55.287950000000222 ], [ 8.65475, 55.296250000000221 ], [ 8.65475, 55.304550000000219 ], [ 8.64085, 55.304550000000219 ], [ 8.64085, 55.312850000000218 ], [ 8.62695, 55.312850000000218 ], [ 8.62695, 55.321150000000216 ], [ 8.64085, 55.321150000000216 ], [ 8.65475, 55.321150000000216 ], [ 8.66865, 55.321150000000216 ], [ 8.66865, 55.329450000000215 ], [ 8.66865, 55.337750000000213 ], [ 8.66865, 55.346050000000211 ], [ 8.65475, 55.346050000000211 ], [ 8.65475, 55.35435000000021 ], [ 8.65475, 55.362650000000208 ], [ 8.65475, 55.370950000000207 ], [ 8.64085, 55.370950000000207 ], [ 8.64085, 55.379250000000205 ], [ 8.64085, 55.387550000000203 ], [ 8.64085, 55.395850000000202 ], [ 8.64085, 55.4041500000002 ], [ 8.62695, 55.4041500000002 ], [ 8.62695, 55.412450000000199 ], [ 8.62695, 55.420750000000197 ], [ 8.62695, 55.429050000000196 ], [ 8.61305, 55.429050000000196 ], [ 8.59915, 55.429050000000196 ], [ 8.59915, 55.437350000000194 ], [ 8.58525, 55.437350000000194 ], [ 8.58525, 55.445650000000192 ], [ 8.57135, 55.445650000000192 ], [ 8.55745, 55.445650000000192 ], [ 8.55745, 55.453950000000191 ], [ 8.54355, 55.453950000000191 ], [ 8.52965, 55.453950000000191 ], [ 8.51575, 55.453950000000191 ], [ 8.50185, 55.453950000000191 ], [ 8.50185, 55.462250000000189 ], [ 8.48795, 55.462250000000189 ], [ 8.47405, 55.462250000000189 ], [ 8.46015, 55.462250000000189 ], [ 8.46015, 55.470550000000188 ], [ 8.44625, 55.470550000000188 ], [ 8.44625, 55.478850000000186 ], [ 8.43235, 55.478850000000186 ], [ 8.43235, 55.487150000000184 ], [ 8.41845, 55.487150000000184 ], [ 8.41845, 55.495450000000183 ], [ 8.40455, 55.495450000000183 ], [ 8.40455, 55.503750000000181 ], [ 8.39065, 55.503750000000181 ], [ 8.39065, 55.51205000000018 ], [ 8.37675, 55.51205000000018 ], [ 8.37675, 55.520350000000178 ], [ 8.36285, 55.520350000000178 ], [ 8.36285, 55.528650000000177 ], [ 8.34895, 55.528650000000177 ], [ 8.34895, 55.536950000000175 ], [ 8.33505, 55.536950000000175 ], [ 8.33505, 55.545250000000173 ], [ 8.32115, 55.545250000000173 ], [ 8.32115, 55.553550000000172 ], [ 8.32115, 55.56185000000017 ], [ 8.30725, 55.56185000000017 ], [ 8.29335, 55.56185000000017 ], [ 8.29335, 55.570150000000169 ], [ 8.29335, 55.578450000000167 ], [ 8.30725, 55.578450000000167 ], [ 8.32115, 55.578450000000167 ], [ 8.32115, 55.586750000000166 ], [ 8.30725, 55.586750000000166 ], [ 8.29335, 55.586750000000166 ], [ 8.29335, 55.595050000000164 ], [ 8.27945, 55.595050000000164 ], [ 8.26555, 55.595050000000164 ], [ 8.26555, 55.586750000000166 ], [ 8.25165, 55.586750000000166 ], [ 8.25165, 55.578450000000167 ], [ 8.25165, 55.570150000000169 ], [ 8.25165, 55.56185000000017 ], [ 8.25165, 55.553550000000172 ], [ 8.25165, 55.545250000000173 ], [ 8.26555, 55.545250000000173 ], [ 8.26555, 55.536950000000175 ], [ 8.26555, 55.528650000000177 ], [ 8.26555, 55.520350000000178 ], [ 8.27945, 55.520350000000178 ], [ 8.29335, 55.520350000000178 ], [ 8.29335, 55.51205000000018 ], [ 8.29335, 55.503750000000181 ], [ 8.30725, 55.503750000000181 ], [ 8.30725, 55.495450000000183 ], [ 8.30725, 55.487150000000184 ], [ 8.29335, 55.487150000000184 ], [ 8.27945, 55.487150000000184 ], [ 8.26555, 55.487150000000184 ], [ 8.26555, 55.495450000000183 ], [ 8.25165, 55.495450000000183 ], [ 8.25165, 55.503750000000181 ], [ 8.23775, 55.503750000000181 ], [ 8.23775, 55.51205000000018 ], [ 8.22385, 55.51205000000018 ], [ 8.22385, 55.520350000000178 ], [ 8.20995, 55.520350000000178 ], [ 8.19605, 55.520350000000178 ], [ 8.19605, 55.528650000000177 ], [ 8.18215, 55.528650000000177 ], [ 8.18215, 55.536950000000175 ], [ 8.16825, 55.536950000000175 ], [ 8.15435, 55.536950000000175 ], [ 8.15435, 55.545250000000173 ], [ 8.14045, 55.545250000000173 ], [ 8.12655, 55.545250000000173 ], [ 8.12655, 55.553550000000172 ], [ 8.11265, 55.553550000000172 ], [ 8.09875, 55.553550000000172 ], [ 8.08485, 55.553550000000172 ], [ 8.08485, 55.56185000000017 ], [ 8.07095, 55.56185000000017 ], [ 8.07095, 55.570150000000169 ], [ 8.08485, 55.570150000000169 ], [ 8.08485, 55.578450000000167 ], [ 8.08485, 55.586750000000166 ], [ 8.09875, 55.586750000000166 ], [ 8.09875, 55.595050000000164 ], [ 8.09875, 55.603350000000162 ], [ 8.11265, 55.603350000000162 ], [ 8.11265, 55.611650000000161 ], [ 8.11265, 55.619950000000159 ], [ 8.11265, 55.628250000000158 ], [ 8.11265, 55.636550000000156 ], [ 8.12655, 55.636550000000156 ], [ 8.12655, 55.644850000000154 ], [ 8.12655, 55.653150000000153 ], [ 8.12655, 55.661450000000151 ], [ 8.14045, 55.661450000000151 ], [ 8.14045, 55.66975000000015 ], [ 8.14045, 55.678050000000148 ], [ 8.15435, 55.678050000000148 ], [ 8.15435, 55.686350000000147 ], [ 8.15435, 55.694650000000145 ], [ 8.15435, 55.702950000000143 ], [ 8.15435, 55.711250000000142 ], [ 8.16825, 55.711250000000142 ], [ 8.16825, 55.71955000000014 ], [ 8.16825, 55.727850000000139 ], [ 8.16825, 55.736150000000137 ], [ 8.16825, 55.744450000000136 ], [ 8.18215, 55.744450000000136 ], [ 8.18215, 55.752750000000134 ], [ 8.18215, 55.761050000000132 ], [ 8.18215, 55.769350000000131 ], [ 8.18215, 55.777650000000129 ], [ 8.18215, 55.785950000000128 ], [ 8.18215, 55.794250000000126 ], [ 8.18215, 55.802550000000124 ], [ 8.18215, 55.810850000000123 ], [ 8.18215, 55.819150000000121 ], [ 8.18215, 55.82745000000012 ], [ 8.18215, 55.835750000000118 ], [ 8.18215, 55.844050000000117 ], [ 8.16825, 55.844050000000117 ], [ 8.16825, 55.852350000000115 ], [ 8.16825, 55.860650000000113 ], [ 8.16825, 55.868950000000112 ], [ 8.16825, 55.87725000000011 ], [ 8.16825, 55.885550000000109 ], [ 8.16825, 55.893850000000107 ], [ 8.16825, 55.902150000000105 ], [ 8.16825, 55.910450000000104 ], [ 8.16825, 55.918750000000102 ], [ 8.15435, 55.918750000000102 ], [ 8.15435, 55.927050000000101 ], [ 8.15435, 55.93535 ], [ 8.15435, 55.94365 ], [ 8.15435, 55.95195 ], [ 8.14045, 55.95195 ], [ 8.14045, 55.96025 ], [ 8.14045, 55.96855 ], [ 8.14045, 55.97685 ], [ 8.12655, 55.97685 ], [ 8.12655, 55.98515 ], [ 8.14045, 55.98515 ], [ 8.14045, 55.99345 ], [ 8.14045, 56.00175 ], [ 8.15435, 56.00175 ], [ 8.15435, 55.99345 ], [ 8.15435, 55.98515 ], [ 8.16825, 55.98515 ], [ 8.16825, 55.97685 ], [ 8.16825, 55.96855 ], [ 8.18215, 55.96855 ], [ 8.18215, 55.96025 ], [ 8.18215, 55.95195 ], [ 8.18215, 55.94365 ], [ 8.19605, 55.94365 ], [ 8.19605, 55.93535 ], [ 8.20995, 55.93535 ], [ 8.20995, 55.927050000000101 ], [ 8.19605, 55.927050000000101 ], [ 8.19605, 55.918750000000102 ], [ 8.19605, 55.910450000000104 ], [ 8.19605, 55.902150000000105 ], [ 8.19605, 55.893850000000107 ], [ 8.19605, 55.885550000000109 ], [ 8.19605, 55.87725000000011 ], [ 8.19605, 55.868950000000112 ], [ 8.20995, 55.868950000000112 ], [ 8.20995, 55.87725000000011 ], [ 8.20995, 55.885550000000109 ], [ 8.20995, 55.893850000000107 ], [ 8.22385, 55.893850000000107 ], [ 8.22385, 55.902150000000105 ], [ 8.23775, 55.902150000000105 ], [ 8.23775, 55.893850000000107 ], [ 8.25165, 55.893850000000107 ], [ 8.25165, 55.885550000000109 ], [ 8.26555, 55.885550000000109 ], [ 8.27945, 55.885550000000109 ], [ 8.27945, 55.87725000000011 ], [ 8.27945, 55.868950000000112 ], [ 8.27945, 55.860650000000113 ], [ 8.29335, 55.860650000000113 ], [ 8.30725, 55.860650000000113 ], [ 8.30725, 55.868950000000112 ], [ 8.32115, 55.868950000000112 ], [ 8.32115, 55.87725000000011 ], [ 8.33505, 55.87725000000011 ], [ 8.33505, 55.885550000000109 ], [ 8.34895, 55.885550000000109 ], [ 8.34895, 55.893850000000107 ], [ 8.36285, 55.893850000000107 ], [ 8.36285, 55.902150000000105 ], [ 8.37675, 55.902150000000105 ], [ 8.37675, 55.910450000000104 ], [ 8.37675, 55.918750000000102 ], [ 8.37675, 55.927050000000101 ], [ 8.36285, 55.927050000000101 ], [ 8.36285, 55.93535 ], [ 8.36285, 55.94365 ], [ 8.36285, 55.95195 ], [ 8.34895, 55.95195 ], [ 8.34895, 55.96025 ], [ 8.34895, 55.96855 ], [ 8.33505, 55.96855 ], [ 8.32115, 55.96855 ], [ 8.32115, 55.97685 ], [ 8.30725, 55.97685 ], [ 8.30725, 55.98515 ], [ 8.29335, 55.98515 ], [ 8.29335, 55.99345 ], [ 8.29335, 56.00175 ], [ 8.30725, 56.00175 ], [ 8.30725, 56.01005 ], [ 8.29335, 56.01005 ], [ 8.29335, 56.01835 ], [ 8.29335, 56.02665 ], [ 8.29335, 56.03495 ], [ 8.29335, 56.04325 ], [ 8.30725, 56.04325 ], [ 8.30725, 56.05155 ], [ 8.29335, 56.05155 ], [ 8.29335, 56.05985 ], [ 8.27945, 56.05985 ], [ 8.27945, 56.06815 ], [ 8.26555, 56.06815 ], [ 8.26555, 56.07645 ], [ 8.25165, 56.07645 ], [ 8.25165, 56.08475 ], [ 8.23775, 56.08475 ], [ 8.23775, 56.09305 ], [ 8.22385, 56.09305 ], [ 8.20995, 56.09305 ], [ 8.19605, 56.09305 ], [ 8.19605, 56.10135 ], [ 8.18215, 56.10135 ], [ 8.16825, 56.10135 ], [ 8.16825, 56.10965 ], [ 8.15435, 56.10965 ], [ 8.15435, 56.10135 ], [ 8.14045, 56.10135 ], [ 8.14045, 56.09305 ], [ 8.14045, 56.08475 ], [ 8.14045, 56.07645 ], [ 8.14045, 56.06815 ], [ 8.12655, 56.06815 ], [ 8.12655, 56.05985 ], [ 8.12655, 56.05155 ], [ 8.12655, 56.04325 ], [ 8.14045, 56.04325 ], [ 8.14045, 56.03495 ], [ 8.14045, 56.02665 ], [ 8.14045, 56.01835 ], [ 8.14045, 56.01005 ], [ 8.12655, 56.01005 ], [ 8.12655, 56.01835 ], [ 8.11265, 56.01835 ], [ 8.11265, 56.02665 ], [ 8.11265, 56.03495 ], [ 8.11265, 56.04325 ], [ 8.09875, 56.04325 ], [ 8.09875, 56.05155 ], [ 8.09875, 56.05985 ], [ 8.09875, 56.06815 ], [ 8.09875, 56.07645 ], [ 8.09875, 56.08475 ], [ 8.11265, 56.08475 ], [ 8.11265, 56.09305 ], [ 8.11265, 56.10135 ], [ 8.11265, 56.10965 ], [ 8.11265, 56.11795 ], [ 8.11265, 56.12625 ], [ 8.11265, 56.13455 ], [ 8.12655, 56.13455 ], [ 8.12655, 56.14285 ], [ 8.12655, 56.15115 ], [ 8.12655, 56.15945 ], [ 8.12655, 56.16775 ], [ 8.12655, 56.17605 ], [ 8.12655, 56.18435 ], [ 8.12655, 56.19265 ], [ 8.12655, 56.20095 ], [ 8.12655, 56.20925 ], [ 8.14045, 56.20925 ], [ 8.14045, 56.21755 ], [ 8.14045, 56.22585 ], [ 8.14045, 56.23415 ], [ 8.14045, 56.24245 ], [ 8.14045, 56.25075 ], [ 8.14045, 56.25905 ], [ 8.14045, 56.26735 ], [ 8.14045, 56.27565 ], [ 8.14045, 56.28395 ], [ 8.12655, 56.28395 ], [ 8.12655, 56.29225 ], [ 8.12655, 56.30055 ], [ 8.12655, 56.30885 ], [ 8.12655, 56.31715 ], [ 8.12655, 56.32545 ], [ 8.12655, 56.33375 ], [ 8.12655, 56.34205 ], [ 8.12655, 56.35035 ], [ 8.12655, 56.35865 ], [ 8.14045, 56.35865 ], [ 8.14045, 56.36695 ], [ 8.14045, 56.37525 ], [ 8.14045, 56.38355 ], [ 8.15435, 56.38355 ], [ 8.15435, 56.39185 ], [ 8.15435, 56.40015 ], [ 8.16825, 56.40015 ], [ 8.16825, 56.40845 ], [ 8.16825, 56.41675 ], [ 8.16825, 56.42505 ], [ 8.16825, 56.43335 ], [ 8.16825, 56.44165 ], [ 8.16825, 56.44995 ], [ 8.15435, 56.44995 ], [ 8.14045, 56.44995 ], [ 8.12655, 56.44995 ], [ 8.11265, 56.44995 ], [ 8.09875, 56.44995 ], [ 8.08485, 56.44995 ], [ 8.07095, 56.44995 ], [ 8.05705, 56.44995 ], [ 8.04315, 56.44995 ], [ 8.02925, 56.44995 ], [ 8.01535, 56.44995 ], [ 8.00145, 56.44995 ], [ 7.98755, 56.44995 ], [ 7.97365, 56.44995 ], [ 7.95975, 56.44995 ], [ 7.94585, 56.44995 ], [ 7.93195, 56.44995 ], [ 7.91805, 56.44995 ], [ 7.90415, 56.44995 ], [ 7.89025, 56.44995 ], [ 7.87635, 56.44995 ], [ 7.86245, 56.44995 ], [ 7.84855, 56.44995 ], [ 7.83465, 56.44995 ], [ 7.82075, 56.44995 ], [ 7.80685, 56.44995 ], [ 7.79295, 56.44995 ], [ 7.77905, 56.44995 ], [ 7.76515, 56.44995 ], [ 7.75125, 56.44995 ], [ 7.73735, 56.44995 ], [ 7.72345, 56.44995 ], [ 7.70955, 56.44995 ], [ 7.69565, 56.44995 ], [ 7.68175, 56.44995 ], [ 7.66785, 56.44995 ], [ 7.65395, 56.44995 ], [ 7.64005, 56.44995 ], [ 7.62615, 56.44995 ], [ 7.61225, 56.44995 ], [ 7.59835, 56.44995 ], [ 7.58445, 56.44995 ], [ 7.57055, 56.44995 ], [ 7.55665, 56.44995 ], [ 7.54275, 56.44995 ], [ 7.52885, 56.44995 ], [ 7.51495, 56.44995 ], [ 7.50105, 56.44995 ], [ 7.48715, 56.44995 ], [ 7.47325, 56.44995 ], [ 7.45935, 56.44995 ], [ 7.44545, 56.44995 ], [ 7.43155, 56.44995 ], [ 7.41765, 56.44995 ], [ 7.40375, 56.44995 ], [ 7.38985, 56.44995 ], [ 7.37595, 56.44995 ], [ 7.36205, 56.44995 ], [ 7.34815, 56.44995 ], [ 7.33425, 56.44995 ], [ 7.32035, 56.44995 ], [ 7.30645, 56.44995 ], [ 7.29255, 56.44995 ], [ 7.27865, 56.44995 ], [ 7.26475, 56.44995 ], [ 7.25085, 56.44995 ], [ 7.23695, 56.44995 ], [ 7.22305, 56.44995 ], [ 7.20915, 56.44995 ], [ 7.19525, 56.44995 ], [ 7.18135, 56.44995 ], [ 7.16745, 56.44995 ], [ 7.15355, 56.44995 ], [ 7.13965, 56.44995 ], [ 7.12575, 56.44995 ], [ 7.11185, 56.44995 ], [ 7.09795, 56.44995 ], [ 7.08405, 56.44995 ], [ 7.07015, 56.44995 ], [ 7.05625, 56.44995 ], [ 7.04235, 56.44995 ], [ 7.02845, 56.44995 ], [ 7.01455, 56.44995 ], [ 7.00065, 56.44995 ], [ 6.98675, 56.44995 ], [ 6.97285, 56.44995 ], [ 6.95895, 56.44995 ], [ 6.94505, 56.44995 ], [ 6.93115, 56.44995 ], [ 6.91725, 56.44995 ], [ 6.90335, 56.44995 ], [ 6.88945, 56.44995 ], [ 6.87555, 56.44995 ], [ 6.86165, 56.44995 ], [ 6.84775, 56.44995 ], [ 6.83385, 56.44995 ], [ 6.81995, 56.44995 ], [ 6.80605, 56.44995 ], [ 6.79215, 56.44995 ], [ 6.77825, 56.44995 ], [ 6.76435, 56.44995 ], [ 6.75045, 56.44995 ], [ 6.73655, 56.44995 ], [ 6.72265, 56.44995 ], [ 6.70875, 56.44995 ], [ 6.69485, 56.44995 ], [ 6.68095, 56.44995 ], [ 6.66705, 56.44995 ], [ 6.65315, 56.44995 ], [ 6.63925, 56.44995 ], [ 6.62535, 56.44995 ], [ 6.61145, 56.44995 ], [ 6.59755, 56.44995 ], [ 6.58365, 56.44995 ], [ 6.56975, 56.44995 ], [ 6.55585, 56.44995 ], [ 6.54195, 56.44995 ], [ 6.52805, 56.44995 ], [ 6.51415, 56.44995 ], [ 6.50025, 56.44995 ], [ 6.48635, 56.44995 ], [ 6.47245, 56.44995 ], [ 6.45855, 56.44995 ], [ 6.44465, 56.44995 ], [ 6.43075, 56.44995 ], [ 6.41685, 56.44995 ], [ 6.40295, 56.44995 ], [ 6.38905, 56.44995 ], [ 6.37515, 56.44995 ], [ 6.36125, 56.44995 ], [ 6.34735, 56.44995 ], [ 6.33345, 56.44995 ], [ 6.31955, 56.44995 ], [ 6.30565, 56.44995 ], [ 6.29175, 56.44995 ], [ 6.27785, 56.44995 ], [ 6.26395, 56.44995 ], [ 6.25005, 56.44995 ], [ 6.23615, 56.44995 ], [ 6.22225, 56.44995 ], [ 6.20835, 56.44995 ], [ 6.19445, 56.44995 ], [ 6.18055, 56.44995 ], [ 6.16665, 56.44995 ], [ 6.16665, 56.44165 ], [ 6.16665, 56.43335 ], [ 6.16665, 56.42505 ], [ 6.16665, 56.41675 ], [ 6.16665, 56.40845 ], [ 6.16665, 56.40015 ], [ 6.16665, 56.39185 ], [ 6.16665, 56.38355 ], [ 6.16665, 56.37525 ], [ 6.16665, 56.36695 ], [ 6.16665, 56.35865 ] ], [ [ 6.31955, 53.520050000000559 ], [ 6.33345, 53.520050000000559 ], [ 6.33345, 53.511750000000561 ], [ 6.31955, 53.511750000000561 ], [ 6.31955, 53.520050000000559 ] ], [ [ 7.08405, 53.320850000000597 ], [ 7.09795, 53.320850000000597 ], [ 7.09795, 53.312550000000599 ], [ 7.08405, 53.312550000000599 ], [ 7.08405, 53.320850000000597 ] ], [ [ 8.94665, 53.893550000000488 ], [ 8.93275, 53.893550000000488 ], [ 8.93275, 53.885250000000489 ], [ 8.91885, 53.885250000000489 ], [ 8.90495, 53.885250000000489 ], [ 8.90495, 53.893550000000488 ], [ 8.89105, 53.893550000000488 ], [ 8.89105, 53.901850000000486 ], [ 8.90495, 53.901850000000486 ], [ 8.91885, 53.901850000000486 ], [ 8.93275, 53.901850000000486 ], [ 8.94665, 53.901850000000486 ], [ 8.94665, 53.893550000000488 ] ], [ [ 8.82155, 53.993150000000469 ], [ 8.82155, 54.001450000000467 ], [ 8.83545, 54.001450000000467 ], [ 8.83545, 53.993150000000469 ], [ 8.82155, 53.993150000000469 ] ], [ [ 8.79375, 54.184050000000433 ], [ 8.79375, 54.175750000000434 ], [ 8.77985, 54.175750000000434 ], [ 8.76595, 54.175750000000434 ], [ 8.75205, 54.175750000000434 ], [ 8.75205, 54.167450000000436 ], [ 8.73815, 54.167450000000436 ], [ 8.72425, 54.167450000000436 ], [ 8.71035, 54.167450000000436 ], [ 8.71035, 54.175750000000434 ], [ 8.71035, 54.184050000000433 ], [ 8.72425, 54.184050000000433 ], [ 8.73815, 54.184050000000433 ], [ 8.75205, 54.184050000000433 ], [ 8.75205, 54.192350000000431 ], [ 8.76595, 54.192350000000431 ], [ 8.77985, 54.192350000000431 ], [ 8.79375, 54.192350000000431 ], [ 8.79375, 54.184050000000433 ] ], [ [ 8.76595, 54.665450000000341 ], [ 8.75205, 54.665450000000341 ], [ 8.75205, 54.673750000000339 ], [ 8.76595, 54.673750000000339 ], [ 8.76595, 54.665450000000341 ] ], [ [ 8.66865, 54.665450000000341 ], [ 8.66865, 54.657150000000343 ], [ 8.65475, 54.657150000000343 ], [ 8.65475, 54.648850000000344 ], [ 8.64085, 54.648850000000344 ], [ 8.64085, 54.640550000000346 ], [ 8.62695, 54.640550000000346 ], [ 8.61305, 54.640550000000346 ], [ 8.59915, 54.640550000000346 ], [ 8.58525, 54.640550000000346 ], [ 8.57135, 54.640550000000346 ], [ 8.57135, 54.632250000000347 ], [ 8.55745, 54.632250000000347 ], [ 8.54355, 54.632250000000347 ], [ 8.54355, 54.640550000000346 ], [ 8.54355, 54.648850000000344 ], [ 8.55745, 54.648850000000344 ], [ 8.57135, 54.648850000000344 ], [ 8.58525, 54.648850000000344 ], [ 8.59915, 54.648850000000344 ], [ 8.59915, 54.657150000000343 ], [ 8.61305, 54.657150000000343 ], [ 8.62695, 54.657150000000343 ], [ 8.64085, 54.657150000000343 ], [ 8.64085, 54.665450000000341 ], [ 8.65475, 54.665450000000341 ], [ 8.65475, 54.673750000000339 ], [ 8.66865, 54.673750000000339 ], [ 8.66865, 54.665450000000341 ] ], [ [ 8.62695, 55.304550000000219 ], [ 8.61305, 55.304550000000219 ], [ 8.59915, 55.304550000000219 ], [ 8.59915, 55.312850000000218 ], [ 8.61305, 55.312850000000218 ], [ 8.62695, 55.312850000000218 ], [ 8.62695, 55.304550000000219 ] ], [ [ 8.59915, 55.296250000000221 ], [ 8.58525, 55.296250000000221 ], [ 8.58525, 55.287950000000222 ], [ 8.58525, 55.279650000000224 ], [ 8.57135, 55.279650000000224 ], [ 8.57135, 55.271350000000226 ], [ 8.55745, 55.271350000000226 ], [ 8.54355, 55.271350000000226 ], [ 8.54355, 55.279650000000224 ], [ 8.52965, 55.279650000000224 ], [ 8.52965, 55.287950000000222 ], [ 8.54355, 55.287950000000222 ], [ 8.54355, 55.296250000000221 ], [ 8.55745, 55.296250000000221 ], [ 8.57135, 55.296250000000221 ], [ 8.57135, 55.304550000000219 ], [ 8.57135, 55.312850000000218 ], [ 8.58525, 55.312850000000218 ], [ 8.58525, 55.304550000000219 ], [ 8.59915, 55.304550000000219 ], [ 8.59915, 55.296250000000221 ] ], [ [ 9.961349999999886, 53.520050000000559 ], [ 9.961349999999886, 53.528350000000557 ], [ 9.961349999999886, 53.536650000000556 ], [ 9.975249999999885, 53.536650000000556 ], [ 9.989149999999885, 53.536650000000556 ], [ 10.003049999999885, 53.536650000000556 ], [ 10.016949999999884, 53.536650000000556 ], [ 10.016949999999884, 53.528350000000557 ], [ 10.030849999999884, 53.528350000000557 ], [ 10.030849999999884, 53.520050000000559 ], [ 10.044749999999883, 53.520050000000559 ], [ 10.044749999999883, 53.511750000000561 ], [ 10.044749999999883, 53.503450000000562 ], [ 10.030849999999884, 53.503450000000562 ], [ 10.016949999999884, 53.503450000000562 ], [ 10.016949999999884, 53.511750000000561 ], [ 10.003049999999885, 53.511750000000561 ], [ 9.989149999999885, 53.511750000000561 ], [ 9.975249999999885, 53.511750000000561 ], [ 9.961349999999886, 53.511750000000561 ], [ 9.961349999999886, 53.520050000000559 ] ], [ [ 7.29255, 53.719250000000521 ], [ 7.27865, 53.719250000000521 ], [ 7.27865, 53.710950000000523 ], [ 7.26475, 53.710950000000523 ], [ 7.25085, 53.710950000000523 ], [ 7.23695, 53.710950000000523 ], [ 7.23695, 53.719250000000521 ], [ 7.22305, 53.719250000000521 ], [ 7.22305, 53.710950000000523 ], [ 7.20915, 53.710950000000523 ], [ 7.19525, 53.710950000000523 ], [ 7.19525, 53.719250000000521 ], [ 7.18135, 53.719250000000521 ], [ 7.16745, 53.719250000000521 ], [ 7.16745, 53.710950000000523 ], [ 7.15355, 53.710950000000523 ], [ 7.15355, 53.719250000000521 ], [ 7.15355, 53.72755000000052 ], [ 7.16745, 53.72755000000052 ], [ 7.18135, 53.72755000000052 ], [ 7.18135, 53.735850000000518 ], [ 7.19525, 53.735850000000518 ], [ 7.20915, 53.735850000000518 ], [ 7.22305, 53.735850000000518 ], [ 7.23695, 53.735850000000518 ], [ 7.25085, 53.735850000000518 ], [ 7.26475, 53.735850000000518 ], [ 7.27865, 53.735850000000518 ], [ 7.29255, 53.735850000000518 ], [ 7.30645, 53.735850000000518 ], [ 7.32035, 53.735850000000518 ], [ 7.32035, 53.72755000000052 ], [ 7.33425, 53.72755000000052 ], [ 7.33425, 53.719250000000521 ], [ 7.32035, 53.719250000000521 ], [ 7.30645, 53.719250000000521 ], [ 7.29255, 53.719250000000521 ] ], [ [ 6.68095, 53.586450000000546 ], [ 6.66705, 53.586450000000546 ], [ 6.66705, 53.594750000000545 ], [ 6.65315, 53.594750000000545 ], [ 6.65315, 53.603050000000543 ], [ 6.65315, 53.611350000000542 ], [ 6.66705, 53.611350000000542 ], [ 6.68095, 53.611350000000542 ], [ 6.69485, 53.611350000000542 ], [ 6.69485, 53.61965000000054 ], [ 6.70875, 53.61965000000054 ], [ 6.72265, 53.61965000000054 ], [ 6.72265, 53.627950000000538 ], [ 6.73655, 53.627950000000538 ], [ 6.75045, 53.627950000000538 ], [ 6.76435, 53.627950000000538 ], [ 6.76435, 53.61965000000054 ], [ 6.77825, 53.61965000000054 ], [ 6.79215, 53.61965000000054 ], [ 6.79215, 53.611350000000542 ], [ 6.77825, 53.611350000000542 ], [ 6.77825, 53.603050000000543 ], [ 6.76435, 53.603050000000543 ], [ 6.75045, 53.603050000000543 ], [ 6.75045, 53.594750000000545 ], [ 6.73655, 53.594750000000545 ], [ 6.73655, 53.586450000000546 ], [ 6.73655, 53.578150000000548 ], [ 6.72265, 53.578150000000548 ], [ 6.70875, 53.578150000000548 ], [ 6.69485, 53.578150000000548 ], [ 6.69485, 53.586450000000546 ], [ 6.68095, 53.586450000000546 ] ], [ [ 6.40295, 53.536650000000556 ], [ 6.40295, 53.528350000000557 ], [ 6.38905, 53.528350000000557 ], [ 6.38905, 53.536650000000556 ], [ 6.40295, 53.536650000000556 ] ], [ [ 6.58365, 53.561550000000551 ], [ 6.59755, 53.561550000000551 ], [ 6.61145, 53.561550000000551 ], [ 6.61145, 53.553250000000553 ], [ 6.61145, 53.544950000000554 ], [ 6.59755, 53.544950000000554 ], [ 6.58365, 53.544950000000554 ], [ 6.58365, 53.536650000000556 ], [ 6.56975, 53.536650000000556 ], [ 6.56975, 53.544950000000554 ], [ 6.56975, 53.553250000000553 ], [ 6.56975, 53.561550000000551 ], [ 6.58365, 53.561550000000551 ] ], [ [ 6.45855, 53.561550000000551 ], [ 6.47245, 53.561550000000551 ], [ 6.48635, 53.561550000000551 ], [ 6.50025, 53.561550000000551 ], [ 6.50025, 53.553250000000553 ], [ 6.51415, 53.553250000000553 ], [ 6.52805, 53.553250000000553 ], [ 6.52805, 53.544950000000554 ], [ 6.51415, 53.544950000000554 ], [ 6.50025, 53.544950000000554 ], [ 6.48635, 53.544950000000554 ], [ 6.47245, 53.544950000000554 ], [ 6.45855, 53.544950000000554 ], [ 6.45855, 53.553250000000553 ], [ 6.45855, 53.561550000000551 ] ], [ [ 6.98675, 53.677750000000529 ], [ 6.97285, 53.677750000000529 ], [ 6.95895, 53.677750000000529 ], [ 6.94505, 53.677750000000529 ], [ 6.93115, 53.677750000000529 ], [ 6.91725, 53.677750000000529 ], [ 6.90335, 53.677750000000529 ], [ 6.90335, 53.686050000000527 ], [ 6.91725, 53.686050000000527 ], [ 6.93115, 53.686050000000527 ], [ 6.94505, 53.686050000000527 ], [ 6.95895, 53.686050000000527 ], [ 6.97285, 53.686050000000527 ], [ 6.97285, 53.694350000000526 ], [ 6.98675, 53.694350000000526 ], [ 7.00065, 53.694350000000526 ], [ 7.01455, 53.694350000000526 ], [ 7.02845, 53.694350000000526 ], [ 7.04235, 53.694350000000526 ], [ 7.05625, 53.694350000000526 ], [ 7.07015, 53.694350000000526 ], [ 7.08405, 53.694350000000526 ], [ 7.09795, 53.694350000000526 ], [ 7.09795, 53.686050000000527 ], [ 7.08405, 53.686050000000527 ], [ 7.07015, 53.686050000000527 ], [ 7.05625, 53.686050000000527 ], [ 7.04235, 53.686050000000527 ], [ 7.02845, 53.686050000000527 ], [ 7.02845, 53.677750000000529 ], [ 7.01455, 53.677750000000529 ], [ 7.00065, 53.677750000000529 ], [ 7.00065, 53.686050000000527 ], [ 6.98675, 53.686050000000527 ], [ 6.98675, 53.677750000000529 ] ], [ [ 6.88945, 53.669450000000531 ], [ 6.90335, 53.669450000000531 ], [ 6.91725, 53.669450000000531 ], [ 6.91725, 53.661150000000532 ], [ 6.93115, 53.661150000000532 ], [ 6.93115, 53.652850000000534 ], [ 6.91725, 53.652850000000534 ], [ 6.91725, 53.644550000000535 ], [ 6.90335, 53.644550000000535 ], [ 6.88945, 53.644550000000535 ], [ 6.87555, 53.644550000000535 ], [ 6.87555, 53.652850000000534 ], [ 6.87555, 53.661150000000532 ], [ 6.88945, 53.661150000000532 ], [ 6.88945, 53.669450000000531 ] ], [ [ 7.93195, 53.785650000000508 ], [ 7.91805, 53.785650000000508 ], [ 7.90415, 53.785650000000508 ], [ 7.90415, 53.793950000000507 ], [ 7.89025, 53.793950000000507 ], [ 7.87635, 53.793950000000507 ], [ 7.87635, 53.785650000000508 ], [ 7.86245, 53.785650000000508 ], [ 7.86245, 53.793950000000507 ], [ 7.84855, 53.793950000000507 ], [ 7.84855, 53.802250000000505 ], [ 7.86245, 53.802250000000505 ], [ 7.86245, 53.810550000000504 ], [ 7.87635, 53.810550000000504 ], [ 7.89025, 53.810550000000504 ], [ 7.90415, 53.810550000000504 ], [ 7.90415, 53.802250000000505 ], [ 7.91805, 53.802250000000505 ], [ 7.93195, 53.802250000000505 ], [ 7.94585, 53.802250000000505 ], [ 7.94585, 53.793950000000507 ], [ 7.95975, 53.793950000000507 ], [ 7.97365, 53.793950000000507 ], [ 7.97365, 53.785650000000508 ], [ 7.95975, 53.785650000000508 ], [ 7.94585, 53.785650000000508 ], [ 7.93195, 53.785650000000508 ] ], [ [ 7.47325, 53.752450000000515 ], [ 7.47325, 53.760750000000513 ], [ 7.48715, 53.760750000000513 ], [ 7.50105, 53.760750000000513 ], [ 7.50105, 53.769050000000512 ], [ 7.51495, 53.769050000000512 ], [ 7.52885, 53.769050000000512 ], [ 7.54275, 53.769050000000512 ], [ 7.55665, 53.769050000000512 ], [ 7.57055, 53.769050000000512 ], [ 7.58445, 53.769050000000512 ], [ 7.59835, 53.769050000000512 ], [ 7.61225, 53.769050000000512 ], [ 7.62615, 53.769050000000512 ], [ 7.62615, 53.760750000000513 ], [ 7.61225, 53.760750000000513 ], [ 7.61225, 53.752450000000515 ], [ 7.59835, 53.752450000000515 ], [ 7.58445, 53.752450000000515 ], [ 7.57055, 53.752450000000515 ], [ 7.55665, 53.752450000000515 ], [ 7.54275, 53.752450000000515 ], [ 7.52885, 53.752450000000515 ], [ 7.51495, 53.752450000000515 ], [ 7.51495, 53.744150000000516 ], [ 7.50105, 53.744150000000516 ], [ 7.48715, 53.744150000000516 ], [ 7.48715, 53.735850000000518 ], [ 7.47325, 53.735850000000518 ], [ 7.47325, 53.744150000000516 ], [ 7.47325, 53.752450000000515 ] ], [ [ 7.37595, 53.744150000000516 ], [ 7.38985, 53.744150000000516 ], [ 7.40375, 53.744150000000516 ], [ 7.41765, 53.744150000000516 ], [ 7.43155, 53.744150000000516 ], [ 7.43155, 53.735850000000518 ], [ 7.43155, 53.72755000000052 ], [ 7.41765, 53.72755000000052 ], [ 7.40375, 53.72755000000052 ], [ 7.38985, 53.72755000000052 ], [ 7.37595, 53.72755000000052 ], [ 7.37595, 53.735850000000518 ], [ 7.36205, 53.735850000000518 ], [ 7.36205, 53.744150000000516 ], [ 7.37595, 53.744150000000516 ] ], [ [ 7.69565, 53.785650000000508 ], [ 7.69565, 53.793950000000507 ], [ 7.70955, 53.793950000000507 ], [ 7.72345, 53.793950000000507 ], [ 7.73735, 53.793950000000507 ], [ 7.75125, 53.793950000000507 ], [ 7.76515, 53.793950000000507 ], [ 7.77905, 53.793950000000507 ], [ 7.79295, 53.793950000000507 ], [ 7.79295, 53.785650000000508 ], [ 7.80685, 53.785650000000508 ], [ 7.80685, 53.77735000000051 ], [ 7.79295, 53.77735000000051 ], [ 7.77905, 53.77735000000051 ], [ 7.77905, 53.769050000000512 ], [ 7.76515, 53.769050000000512 ], [ 7.75125, 53.769050000000512 ], [ 7.73735, 53.769050000000512 ], [ 7.72345, 53.769050000000512 ], [ 7.70955, 53.769050000000512 ], [ 7.70955, 53.77735000000051 ], [ 7.69565, 53.77735000000051 ], [ 7.68175, 53.77735000000051 ], [ 7.68175, 53.785650000000508 ], [ 7.69565, 53.785650000000508 ] ], [ [ 7.68175, 53.769050000000512 ], [ 7.66785, 53.769050000000512 ], [ 7.66785, 53.77735000000051 ], [ 7.68175, 53.77735000000051 ], [ 7.68175, 53.769050000000512 ] ], [ [ 7.90415, 54.200650000000429 ], [ 7.91805, 54.200650000000429 ], [ 7.91805, 54.192350000000431 ], [ 7.90415, 54.192350000000431 ], [ 7.90415, 54.200650000000429 ] ], [ [ 7.87635, 54.192350000000431 ], [ 7.87635, 54.200650000000429 ], [ 7.89025, 54.200650000000429 ], [ 7.89025, 54.192350000000431 ], [ 7.89025, 54.184050000000433 ], [ 7.87635, 54.184050000000433 ], [ 7.87635, 54.192350000000431 ] ], [ [ 7.90415, 54.184050000000433 ], [ 7.90415, 54.175750000000434 ], [ 7.89025, 54.175750000000434 ], [ 7.89025, 54.184050000000433 ], [ 7.90415, 54.184050000000433 ] ], [ [ 8.34895, 54.623950000000349 ], [ 8.34895, 54.632250000000347 ], [ 8.33505, 54.632250000000347 ], [ 8.33505, 54.640550000000346 ], [ 8.33505, 54.648850000000344 ], [ 8.32115, 54.648850000000344 ], [ 8.32115, 54.657150000000343 ], [ 8.30725, 54.657150000000343 ], [ 8.30725, 54.665450000000341 ], [ 8.29335, 54.665450000000341 ], [ 8.29335, 54.673750000000339 ], [ 8.29335, 54.682050000000338 ], [ 8.30725, 54.682050000000338 ], [ 8.30725, 54.690350000000336 ], [ 8.32115, 54.690350000000336 ], [ 8.32115, 54.698650000000335 ], [ 8.32115, 54.706950000000333 ], [ 8.33505, 54.706950000000333 ], [ 8.34895, 54.706950000000333 ], [ 8.34895, 54.698650000000335 ], [ 8.34895, 54.690350000000336 ], [ 8.36285, 54.690350000000336 ], [ 8.36285, 54.682050000000338 ], [ 8.36285, 54.673750000000339 ], [ 8.36285, 54.665450000000341 ], [ 8.36285, 54.657150000000343 ], [ 8.37675, 54.657150000000343 ], [ 8.37675, 54.648850000000344 ], [ 8.37675, 54.640550000000346 ], [ 8.39065, 54.640550000000346 ], [ 8.39065, 54.632250000000347 ], [ 8.39065, 54.623950000000349 ], [ 8.39065, 54.61565000000035 ], [ 8.37675, 54.61565000000035 ], [ 8.36285, 54.61565000000035 ], [ 8.36285, 54.623950000000349 ], [ 8.34895, 54.623950000000349 ] ], [ [ 8.40455, 54.731850000000328 ], [ 8.40455, 54.740150000000327 ], [ 8.40455, 54.748450000000325 ], [ 8.41845, 54.748450000000325 ], [ 8.41845, 54.756750000000324 ], [ 8.43235, 54.756750000000324 ], [ 8.44625, 54.756750000000324 ], [ 8.44625, 54.765050000000322 ], [ 8.46015, 54.765050000000322 ], [ 8.47405, 54.765050000000322 ], [ 8.48795, 54.765050000000322 ], [ 8.50185, 54.765050000000322 ], [ 8.50185, 54.77335000000032 ], [ 8.51575, 54.77335000000032 ], [ 8.52965, 54.77335000000032 ], [ 8.54355, 54.77335000000032 ], [ 8.55745, 54.77335000000032 ], [ 8.55745, 54.765050000000322 ], [ 8.57135, 54.765050000000322 ], [ 8.57135, 54.756750000000324 ], [ 8.58525, 54.756750000000324 ], [ 8.58525, 54.748450000000325 ], [ 8.58525, 54.740150000000327 ], [ 8.58525, 54.731850000000328 ], [ 8.59915, 54.731850000000328 ], [ 8.59915, 54.72355000000033 ], [ 8.58525, 54.72355000000033 ], [ 8.58525, 54.715250000000331 ], [ 8.58525, 54.706950000000333 ], [ 8.57135, 54.706950000000333 ], [ 8.57135, 54.698650000000335 ], [ 8.57135, 54.690350000000336 ], [ 8.55745, 54.690350000000336 ], [ 8.54355, 54.690350000000336 ], [ 8.52965, 54.690350000000336 ], [ 8.52965, 54.682050000000338 ], [ 8.51575, 54.682050000000338 ], [ 8.50185, 54.682050000000338 ], [ 8.48795, 54.682050000000338 ], [ 8.47405, 54.682050000000338 ], [ 8.47405, 54.690350000000336 ], [ 8.46015, 54.690350000000336 ], [ 8.46015, 54.698650000000335 ], [ 8.44625, 54.698650000000335 ], [ 8.43235, 54.698650000000335 ], [ 8.41845, 54.698650000000335 ], [ 8.41845, 54.706950000000333 ], [ 8.40455, 54.706950000000333 ], [ 8.40455, 54.715250000000331 ], [ 8.40455, 54.72355000000033 ], [ 8.39065, 54.72355000000033 ], [ 8.39065, 54.731850000000328 ], [ 8.40455, 54.731850000000328 ] ], [ [ 8.39065, 55.4041500000002 ], [ 8.39065, 55.412450000000199 ], [ 8.37675, 55.412450000000199 ], [ 8.37675, 55.420750000000197 ], [ 8.37675, 55.429050000000196 ], [ 8.36285, 55.429050000000196 ], [ 8.36285, 55.437350000000194 ], [ 8.34895, 55.437350000000194 ], [ 8.34895, 55.445650000000192 ], [ 8.34895, 55.453950000000191 ], [ 8.36285, 55.453950000000191 ], [ 8.36285, 55.462250000000189 ], [ 8.36285, 55.470550000000188 ], [ 8.37675, 55.470550000000188 ], [ 8.39065, 55.470550000000188 ], [ 8.39065, 55.462250000000189 ], [ 8.40455, 55.462250000000189 ], [ 8.40455, 55.453950000000191 ], [ 8.40455, 55.445650000000192 ], [ 8.41845, 55.445650000000192 ], [ 8.41845, 55.437350000000194 ], [ 8.43235, 55.437350000000194 ], [ 8.44625, 55.437350000000194 ], [ 8.46015, 55.437350000000194 ], [ 8.46015, 55.429050000000196 ], [ 8.46015, 55.420750000000197 ], [ 8.47405, 55.420750000000197 ], [ 8.47405, 55.412450000000199 ], [ 8.47405, 55.4041500000002 ], [ 8.46015, 55.4041500000002 ], [ 8.46015, 55.395850000000202 ], [ 8.46015, 55.387550000000203 ], [ 8.47405, 55.387550000000203 ], [ 8.47405, 55.379250000000205 ], [ 8.47405, 55.370950000000207 ], [ 8.47405, 55.362650000000208 ], [ 8.47405, 55.35435000000021 ], [ 8.47405, 55.346050000000211 ], [ 8.46015, 55.346050000000211 ], [ 8.44625, 55.346050000000211 ], [ 8.44625, 55.35435000000021 ], [ 8.43235, 55.35435000000021 ], [ 8.43235, 55.362650000000208 ], [ 8.41845, 55.362650000000208 ], [ 8.41845, 55.370950000000207 ], [ 8.41845, 55.379250000000205 ], [ 8.40455, 55.379250000000205 ], [ 8.40455, 55.387550000000203 ], [ 8.40455, 55.395850000000202 ], [ 8.39065, 55.395850000000202 ], [ 8.39065, 55.4041500000002 ] ], [ [ 8.14045, 53.735850000000518 ], [ 8.14045, 53.744150000000516 ], [ 8.15435, 53.744150000000516 ], [ 8.16825, 53.744150000000516 ], [ 8.18215, 53.744150000000516 ], [ 8.18215, 53.735850000000518 ], [ 8.18215, 53.72755000000052 ], [ 8.16825, 53.72755000000052 ], [ 8.16825, 53.719250000000521 ], [ 8.15435, 53.719250000000521 ], [ 8.14045, 53.719250000000521 ], [ 8.12655, 53.719250000000521 ], [ 8.12655, 53.72755000000052 ], [ 8.12655, 53.735850000000518 ], [ 8.14045, 53.735850000000518 ] ], [ [ 8.69645, 54.184050000000433 ], [ 8.68255, 54.184050000000433 ], [ 8.66865, 54.184050000000433 ], [ 8.65475, 54.184050000000433 ], [ 8.65475, 54.192350000000431 ], [ 8.66865, 54.192350000000431 ], [ 8.68255, 54.192350000000431 ], [ 8.69645, 54.192350000000431 ], [ 8.69645, 54.184050000000433 ] ], [ [ 8.65475, 54.225550000000425 ], [ 8.66865, 54.225550000000425 ], [ 8.66865, 54.217250000000426 ], [ 8.65475, 54.217250000000426 ], [ 8.65475, 54.225550000000425 ] ], [ [ 8.61305, 54.499450000000373 ], [ 8.61305, 54.507750000000371 ], [ 8.59915, 54.507750000000371 ], [ 8.59915, 54.516050000000369 ], [ 8.58525, 54.516050000000369 ], [ 8.58525, 54.524350000000368 ], [ 8.58525, 54.532650000000366 ], [ 8.59915, 54.532650000000366 ], [ 8.59915, 54.540950000000365 ], [ 8.61305, 54.540950000000365 ], [ 8.61305, 54.549250000000363 ], [ 8.62695, 54.549250000000363 ], [ 8.64085, 54.549250000000363 ], [ 8.64085, 54.557550000000361 ], [ 8.65475, 54.557550000000361 ], [ 8.66865, 54.557550000000361 ], [ 8.66865, 54.56585000000036 ], [ 8.68255, 54.56585000000036 ], [ 8.69645, 54.56585000000036 ], [ 8.71035, 54.56585000000036 ], [ 8.71035, 54.557550000000361 ], [ 8.71035, 54.549250000000363 ], [ 8.71035, 54.540950000000365 ], [ 8.71035, 54.532650000000366 ], [ 8.69645, 54.532650000000366 ], [ 8.69645, 54.524350000000368 ], [ 8.69645, 54.516050000000369 ], [ 8.69645, 54.507750000000371 ], [ 8.68255, 54.507750000000371 ], [ 8.68255, 54.499450000000373 ], [ 8.66865, 54.499450000000373 ], [ 8.65475, 54.499450000000373 ], [ 8.64085, 54.499450000000373 ], [ 8.64085, 54.491150000000374 ], [ 8.62695, 54.491150000000374 ], [ 8.62695, 54.499450000000373 ], [ 8.61305, 54.499450000000373 ] ], [ [ 8.69645, 54.599050000000354 ], [ 8.69645, 54.590750000000355 ], [ 8.68255, 54.590750000000355 ], [ 8.68255, 54.582450000000357 ], [ 8.66865, 54.582450000000357 ], [ 8.65475, 54.582450000000357 ], [ 8.65475, 54.590750000000355 ], [ 8.66865, 54.590750000000355 ], [ 8.66865, 54.599050000000354 ], [ 8.68255, 54.599050000000354 ], [ 8.69645, 54.599050000000354 ] ], [ [ 8.69645, 54.607350000000352 ], [ 8.71035, 54.607350000000352 ], [ 8.71035, 54.61565000000035 ], [ 8.72425, 54.61565000000035 ], [ 8.72425, 54.607350000000352 ], [ 8.72425, 54.599050000000354 ], [ 8.71035, 54.599050000000354 ], [ 8.69645, 54.599050000000354 ], [ 8.69645, 54.607350000000352 ] ], [ [ 8.41845, 53.943350000000478 ], [ 8.41845, 53.951650000000477 ], [ 8.40455, 53.951650000000477 ], [ 8.39065, 53.951650000000477 ], [ 8.39065, 53.959950000000475 ], [ 8.40455, 53.959950000000475 ], [ 8.40455, 53.968250000000474 ], [ 8.41845, 53.968250000000474 ], [ 8.41845, 53.976550000000472 ], [ 8.43235, 53.976550000000472 ], [ 8.44625, 53.976550000000472 ], [ 8.44625, 53.968250000000474 ], [ 8.46015, 53.968250000000474 ], [ 8.47405, 53.968250000000474 ], [ 8.47405, 53.959950000000475 ], [ 8.46015, 53.959950000000475 ], [ 8.46015, 53.951650000000477 ], [ 8.44625, 53.951650000000477 ], [ 8.43235, 53.951650000000477 ], [ 8.43235, 53.943350000000478 ], [ 8.41845, 53.943350000000478 ] ], [ [ 8.44625, 54.45795000000038 ], [ 8.44625, 54.466250000000379 ], [ 8.46015, 54.466250000000379 ], [ 8.46015, 54.474550000000377 ], [ 8.47405, 54.474550000000377 ], [ 8.48795, 54.474550000000377 ], [ 8.48795, 54.482850000000376 ], [ 8.50185, 54.482850000000376 ], [ 8.51575, 54.482850000000376 ], [ 8.52965, 54.482850000000376 ], [ 8.54355, 54.482850000000376 ], [ 8.55745, 54.482850000000376 ], [ 8.57135, 54.482850000000376 ], [ 8.57135, 54.474550000000377 ], [ 8.55745, 54.474550000000377 ], [ 8.55745, 54.466250000000379 ], [ 8.54355, 54.466250000000379 ], [ 8.54355, 54.45795000000038 ], [ 8.55745, 54.45795000000038 ], [ 8.55745, 54.449650000000382 ], [ 8.54355, 54.449650000000382 ], [ 8.52965, 54.449650000000382 ], [ 8.52965, 54.441350000000384 ], [ 8.51575, 54.441350000000384 ], [ 8.51575, 54.433050000000385 ], [ 8.50185, 54.433050000000385 ], [ 8.50185, 54.424750000000387 ], [ 8.48795, 54.424750000000387 ], [ 8.47405, 54.424750000000387 ], [ 8.47405, 54.433050000000385 ], [ 8.46015, 54.433050000000385 ], [ 8.46015, 54.441350000000384 ], [ 8.46015, 54.449650000000382 ], [ 8.44625, 54.449650000000382 ], [ 8.44625, 54.45795000000038 ] ], [ [ 8.46015, 54.549250000000363 ], [ 8.47405, 54.549250000000363 ], [ 8.48795, 54.549250000000363 ], [ 8.50185, 54.549250000000363 ], [ 8.50185, 54.540950000000365 ], [ 8.51575, 54.540950000000365 ], [ 8.51575, 54.532650000000366 ], [ 8.50185, 54.532650000000366 ], [ 8.50185, 54.524350000000368 ], [ 8.50185, 54.516050000000369 ], [ 8.48795, 54.516050000000369 ], [ 8.48795, 54.507750000000371 ], [ 8.47405, 54.507750000000371 ], [ 8.46015, 54.507750000000371 ], [ 8.46015, 54.516050000000369 ], [ 8.46015, 54.524350000000368 ], [ 8.46015, 54.532650000000366 ], [ 8.46015, 54.540950000000365 ], [ 8.46015, 54.549250000000363 ] ], [ [ 8.47405, 54.582450000000357 ], [ 8.48795, 54.582450000000357 ], [ 8.50185, 54.582450000000357 ], [ 8.50185, 54.574150000000358 ], [ 8.50185, 54.56585000000036 ], [ 8.48795, 54.56585000000036 ], [ 8.47405, 54.56585000000036 ], [ 8.46015, 54.56585000000036 ], [ 8.44625, 54.56585000000036 ], [ 8.44625, 54.574150000000358 ], [ 8.46015, 54.574150000000358 ], [ 8.46015, 54.582450000000357 ], [ 8.47405, 54.582450000000357 ] ], [ [ 8.36285, 53.835450000000499 ], [ 8.34895, 53.835450000000499 ], [ 8.34895, 53.843750000000497 ], [ 8.34895, 53.852050000000496 ], [ 8.36285, 53.852050000000496 ], [ 8.37675, 53.852050000000496 ], [ 8.37675, 53.843750000000497 ], [ 8.37675, 53.835450000000499 ], [ 8.36285, 53.835450000000499 ] ], [ [ 8.54355, 54.582450000000357 ], [ 8.55745, 54.582450000000357 ], [ 8.57135, 54.582450000000357 ], [ 8.57135, 54.574150000000358 ], [ 8.58525, 54.574150000000358 ], [ 8.58525, 54.56585000000036 ], [ 8.57135, 54.56585000000036 ], [ 8.55745, 54.56585000000036 ], [ 8.54355, 54.56585000000036 ], [ 8.52965, 54.56585000000036 ], [ 8.52965, 54.574150000000358 ], [ 8.51575, 54.574150000000358 ], [ 8.51575, 54.582450000000357 ], [ 8.52965, 54.582450000000357 ], [ 8.54355, 54.582450000000357 ] ], [ [ 8.48795, 53.93505000000048 ], [ 8.50185, 53.93505000000048 ], [ 8.50185, 53.943350000000478 ], [ 8.51575, 53.943350000000478 ], [ 8.52965, 53.943350000000478 ], [ 8.52965, 53.93505000000048 ], [ 8.52965, 53.926750000000482 ], [ 8.51575, 53.926750000000482 ], [ 8.51575, 53.918450000000483 ], [ 8.50185, 53.918450000000483 ], [ 8.48795, 53.918450000000483 ], [ 8.48795, 53.926750000000482 ], [ 8.48795, 53.93505000000048 ] ], [ [ 8.79375, 54.516050000000369 ], [ 8.77985, 54.516050000000369 ], [ 8.77985, 54.524350000000368 ], [ 8.79375, 54.524350000000368 ], [ 8.80765, 54.524350000000368 ], [ 8.80765, 54.516050000000369 ], [ 8.79375, 54.516050000000369 ] ], [ [ 8.71035, 54.640550000000346 ], [ 8.71035, 54.648850000000344 ], [ 8.72425, 54.648850000000344 ], [ 8.73815, 54.648850000000344 ], [ 8.73815, 54.640550000000346 ], [ 8.72425, 54.640550000000346 ], [ 8.71035, 54.640550000000346 ] ], [ [ 8.71035, 54.067850000000455 ], [ 8.71035, 54.059550000000456 ], [ 8.69645, 54.059550000000456 ], [ 8.69645, 54.051250000000458 ], [ 8.68255, 54.051250000000458 ], [ 8.68255, 54.059550000000456 ], [ 8.66865, 54.059550000000456 ], [ 8.66865, 54.067850000000455 ], [ 8.66865, 54.076150000000453 ], [ 8.68255, 54.076150000000453 ], [ 8.69645, 54.076150000000453 ], [ 8.69645, 54.067850000000455 ], [ 8.71035, 54.067850000000455 ] ], [ [ 8.93275, 54.09275000000045 ], [ 8.91885, 54.09275000000045 ], [ 8.91885, 54.101050000000448 ], [ 8.93275, 54.101050000000448 ], [ 8.93275, 54.09275000000045 ] ], [ [ 8.76595, 54.258750000000418 ], [ 8.77985, 54.258750000000418 ], [ 8.79375, 54.258750000000418 ], [ 8.80765, 54.258750000000418 ], [ 8.80765, 54.25045000000042 ], [ 8.79375, 54.25045000000042 ], [ 8.77985, 54.25045000000042 ], [ 8.77985, 54.242150000000422 ], [ 8.77985, 54.233850000000423 ], [ 8.76595, 54.233850000000423 ], [ 8.76595, 54.242150000000422 ], [ 8.75205, 54.242150000000422 ], [ 8.75205, 54.233850000000423 ], [ 8.73815, 54.233850000000423 ], [ 8.73815, 54.242150000000422 ], [ 8.72425, 54.242150000000422 ], [ 8.72425, 54.233850000000423 ], [ 8.71035, 54.233850000000423 ], [ 8.69645, 54.233850000000423 ], [ 8.69645, 54.242150000000422 ], [ 8.71035, 54.242150000000422 ], [ 8.71035, 54.25045000000042 ], [ 8.72425, 54.25045000000042 ], [ 8.72425, 54.258750000000418 ], [ 8.73815, 54.258750000000418 ], [ 8.75205, 54.258750000000418 ], [ 8.76595, 54.258750000000418 ] ], [ [ 8.80765, 54.101050000000448 ], [ 8.82155, 54.101050000000448 ], [ 8.82155, 54.09275000000045 ], [ 8.82155, 54.084450000000452 ], [ 8.83545, 54.084450000000452 ], [ 8.83545, 54.076150000000453 ], [ 8.82155, 54.076150000000453 ], [ 8.80765, 54.076150000000453 ], [ 8.79375, 54.076150000000453 ], [ 8.77985, 54.076150000000453 ], [ 8.77985, 54.084450000000452 ], [ 8.77985, 54.09275000000045 ], [ 8.76595, 54.09275000000045 ], [ 8.75205, 54.09275000000045 ], [ 8.75205, 54.101050000000448 ], [ 8.76595, 54.101050000000448 ], [ 8.77985, 54.101050000000448 ], [ 8.79375, 54.101050000000448 ], [ 8.80765, 54.101050000000448 ] ], [ [ 8.84935, 54.076150000000453 ], [ 8.84935, 54.067850000000455 ], [ 8.83545, 54.067850000000455 ], [ 8.83545, 54.076150000000453 ], [ 8.84935, 54.076150000000453 ] ], [ [ 8.79375, 54.026350000000463 ], [ 8.77985, 54.026350000000463 ], [ 8.77985, 54.034650000000461 ], [ 8.79375, 54.034650000000461 ], [ 8.79375, 54.026350000000463 ] ], [ [ 8.76595, 54.034650000000461 ], [ 8.76595, 54.042950000000459 ], [ 8.77985, 54.042950000000459 ], [ 8.77985, 54.034650000000461 ], [ 8.76595, 54.034650000000461 ] ], [ [ 8.73815, 54.009750000000466 ], [ 8.73815, 54.018050000000464 ], [ 8.75205, 54.018050000000464 ], [ 8.75205, 54.009750000000466 ], [ 8.73815, 54.009750000000466 ] ], [ [ 8.76595, 54.009750000000466 ], [ 8.76595, 54.001450000000467 ], [ 8.75205, 54.001450000000467 ], [ 8.75205, 54.009750000000466 ], [ 8.76595, 54.009750000000466 ] ], [ [ 8.79375, 53.943350000000478 ], [ 8.79375, 53.951650000000477 ], [ 8.80765, 53.951650000000477 ], [ 8.80765, 53.943350000000478 ], [ 8.79375, 53.943350000000478 ] ], [ [ 8.57135, 55.047250000000268 ], [ 8.58525, 55.047250000000268 ], [ 8.58525, 55.055550000000267 ], [ 8.59915, 55.055550000000267 ], [ 8.61305, 55.055550000000267 ], [ 8.61305, 55.047250000000268 ], [ 8.61305, 55.03895000000027 ], [ 8.59915, 55.03895000000027 ], [ 8.59915, 55.030650000000271 ], [ 8.58525, 55.030650000000271 ], [ 8.58525, 55.022350000000273 ], [ 8.57135, 55.022350000000273 ], [ 8.55745, 55.022350000000273 ], [ 8.54355, 55.022350000000273 ], [ 8.54355, 55.030650000000271 ], [ 8.55745, 55.030650000000271 ], [ 8.55745, 55.03895000000027 ], [ 8.57135, 55.03895000000027 ], [ 8.57135, 55.047250000000268 ] ], [ [ 8.54355, 55.014050000000275 ], [ 8.52965, 55.014050000000275 ], [ 8.52965, 55.022350000000273 ], [ 8.54355, 55.022350000000273 ], [ 8.54355, 55.014050000000275 ] ] ] } },
{ "type": "Feature", "properties": { "grid": "fine" }, "geometry": { "type": "Polygon", "coordinates": [ [ [ 8.19605, 53.420450000000578 ], [ 8.19605, 53.41215000000058 ], [ 8.20995, 53.41215000000058 ], [ 8.20995, 53.420450000000578 ], [ 8.19605, 53.420450000000578 ] ] ] } },
{ "type": "Feature", "properties": { "grid": "fine" }, "geometry": { "type": "Polygon", "coordinates": [ [ [ 8.51575, 54.45795000000038 ], [ 8.51575, 54.449650000000382 ], [ 8.52965, 54.449650000000382 ], [ 8.52965, 54.45795000000038 ], [ 8.51575, 54.45795000000038 ] ] ] } },
{ "type": "Feature", "properties": { "grid": "fine" }, "geometry": { "type": "Polygon", "coordinates": [ [ [ 8.57135, 55.180050000000243 ], [ 8.57135, 55.171750000000245 ], [ 8.57135, 55.163450000000246 ], [ 8.58525, 55.163450000000246 ], [ 8.58525, 55.171750000000245 ], [ 8.58525, 55.180050000000243 ], [ 8.57135, 55.180050000000243 ] ] ] } },
{ "type": "Feature", "properties": { "grid": "fine" }, "geometry": { "type": "Polygon", "coordinates": [ [ [ 9.669449999999895, 55.694650000000145 ], [ 9.683349999999894, 55.694650000000145 ], [ 9.683349999999894, 55.686350000000147 ], [ 9.683349999999894, 55.678050000000148 ], [ 9.697249999999894, 55.678050000000148 ], [ 9.697249999999894, 55.66975000000015 ], [ 9.711149999999893, 55.66975000000015 ], [ 9.725049999999893, 55.66975000000015 ], [ 9.738949999999893, 55.66975000000015 ], [ 9.738949999999893, 55.661450000000151 ], [ 9.738949999999893, 55.653150000000153 ], [ 9.752849999999892, 55.653150000000153 ], [ 9.752849999999892, 55.644850000000154 ], [ 9.752849999999892, 55.636550000000156 ], [ 9.752849999999892, 55.628250000000158 ], [ 9.766749999999892, 55.628250000000158 ], [ 9.780649999999891, 55.628250000000158 ], [ 9.794549999999891, 55.628250000000158 ], [ 9.80844999999989, 55.628250000000158 ], [ 9.82234999999989, 55.628250000000158 ], [ 9.83624999999989, 55.628250000000158 ], [ 9.850149999999889, 55.628250000000158 ], [ 9.864049999999889, 55.628250000000158 ], [ 9.864049999999889, 55.619950000000159 ], [ 9.850149999999889, 55.619950000000159 ], [ 9.83624999999989, 55.619950000000159 ], [ 9.83624999999989, 55.611650000000161 ], [ 9.82234999999989, 55.611650000000161 ], [ 9.82234999999989, 55.603350000000162 ], [ 9.80844999999989, 55.603350000000162 ], [ 9.794549999999891, 55.603350000000162 ], [ 9.794549999999891, 55.595050000000164 ], [ 9.794549999999891, 55.586750000000166 ], [ 9.780649999999891, 55.586750000000166 ], [ 9.780649999999891, 55.578450000000167 ], [ 9.766749999999892, 55.578450000000167 ], [ 9.766749999999892, 55.570150000000169 ], [ 9.766749999999892, 55.56185000000017 ], [ 9.752849999999892, 55.56185000000017 ], [ 9.738949999999893, 55.56185000000017 ], [ 9.725049999999893, 55.56185000000017 ], [ 9.725049999999893, 55.553550000000172 ], [ 9.725049999999893, 55.545250000000173 ], [ 9.738949999999893, 55.545250000000173 ], [ 9.738949999999893, 55.536950000000175 ], [ 9.738949999999893, 55.528650000000177 ], [ 9.725049999999893, 55.528650000000177 ], [ 9.711149999999893, 55.528650000000177 ], [ 9.697249999999894, 55.528650000000177 ], [ 9.683349999999894, 55.528650000000177 ], [ 9.669449999999895, 55.528650000000177 ], [ 9.655549999999895, 55.528650000000177 ], [ 9.655549999999895, 55.520350000000178 ], [ 9.641649999999895, 55.520350000000178 ], [ 9.641649999999895, 55.51205000000018 ], [ 9.627749999999896, 55.51205000000018 ], [ 9.627749999999896, 55.520350000000178 ], [ 9.613849999999896, 55.520350000000178 ], [ 9.599949999999897, 55.520350000000178 ], [ 9.599949999999897, 55.528650000000177 ], [ 9.586049999999897, 55.528650000000177 ], [ 9.586049999999897, 55.520350000000178 ], [ 9.586049999999897, 55.51205000000018 ], [ 9.586049999999897, 55.503750000000181 ], [ 9.572149999999898, 55.503750000000181 ], [ 9.558249999999898, 55.503750000000181 ], [ 9.544349999999898, 55.503750000000181 ], [ 9.530449999999899, 55.503750000000181 ], [ 9.516549999999899, 55.503750000000181 ], [ 9.50265, 55.503750000000181 ], [ 9.50265, 55.495450000000183 ], [ 9.50265, 55.487150000000184 ], [ 9.516549999999899, 55.487150000000184 ], [ 9.530449999999899, 55.487150000000184 ], [ 9.530449999999899, 55.495450000000183 ], [ 9.544349999999898, 55.495450000000183 ], [ 9.558249999999898, 55.495450000000183 ], [ 9.572149999999898, 55.495450000000183 ], [ 9.586049999999897, 55.495450000000183 ], [ 9.599949999999897, 55.495450000000183 ], [ 9.599949999999897, 55.503750000000181 ], [ 9.613849999999896, 55.503750000000181 ], [ 9.627749999999896, 55.503750000000181 ], [ 9.641649999999895, 55.503750000000181 ], [ 9.641649999999895, 55.495450000000183 ], [ 9.655549999999895, 55.495450000000183 ], [ 9.655549999999895, 55.487150000000184 ], [ 9.669449999999895, 55.487150000000184 ], [ 9.669449999999895, 55.478850000000186 ], [ 9.683349999999894, 55.478850000000186 ], [ 9.683349999999894, 55.470550000000188 ], [ 9.683349999999894, 55.462250000000189 ], [ 9.683349999999894, 55.453950000000191 ], [ 9.669449999999895, 55.453950000000191 ], [ 9.669449999999895, 55.445650000000192 ], [ 9.655549999999895, 55.445650000000192 ], [ 9.655549999999895, 55.437350000000194 ], [ 9.641649999999895, 55.437350000000194 ], [ 9.627749999999896, 55.437350000000194 ], [ 9.613849999999896, 55.437350000000194 ], [ 9.613849999999896, 55.429050000000196 ], [ 9.599949999999897, 55.429050000000196 ], [ 9.599949999999897, 55.420750000000197 ], [ 9.599949999999897, 55.412450000000199 ], [ 9.613849999999896, 55.412450000000199 ], [ 9.613849999999896, 55.4041500000002 ], [ 9.613849999999896, 55.395850000000202 ], [ 9.627749999999896, 55.395850000000202 ], [ 9.627749999999896, 55.387550000000203 ], [ 9.613849999999896, 55.387550000000203 ], [ 9.613849999999896, 55.379250000000205 ], [ 9.613849999999896, 55.370950000000207 ], [ 9.599949999999897, 55.370950000000207 ], [ 9.599949999999897, 55.362650000000208 ], [ 9.613849999999896, 55.362650000000208 ], [ 9.627749999999896, 55.362650000000208 ], [ 9.627749999999896, 55.35435000000021 ], [ 9.641649999999895, 55.35435000000021 ], [ 9.641649999999895, 55.346050000000211 ], [ 9.641649999999895, 55.337750000000213 ], [ 9.641649999999895, 55.329450000000215 ], [ 9.641649999999895, 55.321150000000216 ], [ 9.641649999999895, 55.312850000000218 ], [ 9.655549999999895, 55.312850000000218 ], [ 9.655549999999895, 55.304550000000219 ], [ 9.669449999999895, 55.304550000000219 ], [ 9.669449999999895, 55.296250000000221 ], [ 9.655549999999895, 55.296250000000221 ], [ 9.641649999999895, 55.296250000000221 ], [ 9.641649999999895, 55.287950000000222 ], [ 9.655549999999895, 55.287950000000222 ], [ 9.669449999999895, 55.287950000000222 ], [ 9.669449999999895, 55.279650000000224 ], [ 9.683349999999894, 55.279650000000224 ], [ 9.697249999999894, 55.279650000000224 ], [ 9.697249999999894, 55.271350000000226 ], [ 9.711149999999893, 55.271350000000226 ], [ 9.711149999999893, 55.263050000000227 ], [ 9.711149999999893, 55.254750000000229 ], [ 9.711149999999893, 55.24645000000023 ], [ 9.711149999999893, 55.238150000000232 ], [ 9.697249999999894, 55.238150000000232 ], [ 9.697249999999894, 55.229850000000233 ], [ 9.697249999999894, 55.221550000000235 ], [ 9.697249999999894, 55.213250000000237 ], [ 9.697249999999894, 55.204950000000238 ], [ 9.697249999999894, 55.19665000000024 ], [ 9.683349999999894, 55.19665000000024 ], [ 9.669449999999895, 55.19665000000024 ], [ 9.669449999999895, 55.188350000000241 ], [ 9.655549999999895, 55.188350000000241 ], [ 9.655549999999895, 55.180050000000243 ], [ 9.641649999999895, 55.180050000000243 ], [ 9.627749999999896, 55.180050000000243 ], [ 9.627749999999896, 55.188350000000241 ], [ 9.627749999999896, 55.19665000000024 ], [ 9.613849999999896, 55.19665000000024 ], [ 9.599949999999897, 55.19665000000024 ], [ 9.586049999999897, 55.19665000000024 ], [ 9.572149999999898, 55.19665000000024 ], [ 9.572149999999898, 55.188350000000241 ], [ 9.572149999999898, 55.180050000000243 ], [ 9.558249999999898, 55.180050000000243 ], [ 9.544349999999898, 55.180050000000243 ], [ 9.544349999999898, 55.171750000000245 ], [ 9.530449999999899, 55.171750000000245 ], [ 9.516549999999899, 55.171750000000245 ], [ 9.516549999999899, 55.163450000000246 ], [ 9.50265, 55.163450000000246 ], [ 9.50265, 55.155150000000248 ], [ 9.50265, 55.146850000000249 ], [ 9.50265, 55.138550000000251 ], [ 9.516549999999899, 55.138550000000251 ], [ 9.516549999999899, 55.130250000000252 ], [ 9.50265, 55.130250000000252 ], [ 9.48875, 55.130250000000252 ], [ 9.47485, 55.130250000000252 ], [ 9.46095, 55.130250000000252 ], [ 9.46095, 55.121950000000254 ], [ 9.47485, 55.121950000000254 ], [ 9.48875, 55.121950000000254 ], [ 9.50265, 55.121950000000254 ], [ 9.50265, 55.113650000000256 ], [ 9.516549999999899, 55.113650000000256 ], [ 9.530449999999899, 55.113650000000256 ], [ 9.530449999999899, 55.105350000000257 ], [ 9.544349999999898, 55.105350000000257 ], [ 9.544349999999898, 55.097050000000259 ], [ 9.544349999999898, 55.08875000000026 ], [ 9.558249999999898, 55.08875000000026 ], [ 9.558249999999898, 55.080450000000262 ], [ 9.544349999999898, 55.080450000000262 ], [ 9.544349999999898, 55.072150000000264 ], [ 9.530449999999899, 55.072150000000264 ], [ 9.530449999999899, 55.063850000000265 ], [ 9.516549999999899, 55.063850000000265 ], [ 9.516549999999899, 55.055550000000267 ], [ 9.50265, 55.055550000000267 ], [ 9.48875, 55.055550000000267 ], [ 9.47485, 55.055550000000267 ], [ 9.46095, 55.055550000000267 ], [ 9.46095, 55.047250000000268 ], [ 9.44705, 55.047250000000268 ], [ 9.43315, 55.047250000000268 ], [ 9.43315, 55.03895000000027 ], [ 9.43315, 55.030650000000271 ], [ 9.44705, 55.030650000000271 ], [ 9.44705, 55.022350000000273 ], [ 9.46095, 55.022350000000273 ], [ 9.47485, 55.022350000000273 ], [ 9.48875, 55.022350000000273 ], [ 9.50265, 55.022350000000273 ], [ 9.516549999999899, 55.022350000000273 ], [ 9.516549999999899, 55.030650000000271 ], [ 9.530449999999899, 55.030650000000271 ], [ 9.544349999999898, 55.030650000000271 ], [ 9.544349999999898, 55.03895000000027 ], [ 9.558249999999898, 55.03895000000027 ], [ 9.572149999999898, 55.03895000000027 ], [ 9.572149999999898, 55.047250000000268 ], [ 9.586049999999897, 55.047250000000268 ], [ 9.599949999999897, 55.047250000000268 ], [ 9.599949999999897, 55.03895000000027 ], [ 9.613849999999896, 55.03895000000027 ], [ 9.613849999999896, 55.030650000000271 ], [ 9.627749999999896, 55.030650000000271 ], [ 9.627749999999896, 55.022350000000273 ], [ 9.627749999999896, 55.014050000000275 ], [ 9.641649999999895, 55.014050000000275 ], [ 9.655549999999895, 55.014050000000275 ], [ 9.655549999999895, 55.005750000000276 ], [ 9.669449999999895, 55.005750000000276 ], [ 9.683349999999894, 55.005750000000276 ], [ 9.683349999999894, 54.997450000000278 ], [ 9.697249999999894, 54.997450000000278 ], [ 9.711149999999893, 54.997450000000278 ], [ 9.725049999999893, 54.997450000000278 ], [ 9.738949999999893, 54.997450000000278 ], [ 9.738949999999893, 54.989150000000279 ], [ 9.738949999999893, 54.980850000000281 ], [ 9.738949999999893, 54.972550000000282 ], [ 9.752849999999892, 54.972550000000282 ], [ 9.752849999999892, 54.964250000000284 ], [ 9.752849999999892, 54.955950000000286 ], [ 9.752849999999892, 54.947650000000287 ], [ 9.752849999999892, 54.939350000000289 ], [ 9.752849999999892, 54.93105000000029 ], [ 9.766749999999892, 54.93105000000029 ], [ 9.766749999999892, 54.922750000000292 ], [ 9.780649999999891, 54.922750000000292 ], [ 9.780649999999891, 54.914450000000294 ], [ 9.780649999999891, 54.906150000000295 ], [ 9.766749999999892, 54.906150000000295 ], [ 9.752849999999892, 54.906150000000295 ], [ 9.738949999999893, 54.906150000000295 ], [ 9.738949999999893, 54.914450000000294 ], [ 9.725049999999893, 54.914450000000294 ], [ 9.711149999999893, 54.914450000000294 ], [ 9.711149999999893, 54.906150000000295 ], [ 9.711149999999893, 54.897850000000297 ], [ 9.725049999999893, 54.897850000000297 ], [ 9.725049999999893, 54.889550000000298 ], [ 9.738949999999893, 54.889550000000298 ], [ 9.738949999999893, 54.8812500000003 ], [ 9.738949999999893, 54.872950000000301 ], [ 9.752849999999892, 54.872950000000301 ], [ 9.752849999999892, 54.864650000000303 ], [ 9.766749999999892, 54.864650000000303 ], [ 9.766749999999892, 54.856350000000305 ], [ 9.752849999999892, 54.856350000000305 ], [ 9.752849999999892, 54.848050000000306 ], [ 9.738949999999893, 54.848050000000306 ], [ 9.725049999999893, 54.848050000000306 ], [ 9.711149999999893, 54.848050000000306 ], [ 9.711149999999893, 54.856350000000305 ], [ 9.711149999999893, 54.864650000000303 ], [ 9.697249999999894, 54.864650000000303 ], [ 9.683349999999894, 54.864650000000303 ], [ 9.669449999999895, 54.864650000000303 ], [ 9.655549999999895, 54.864650000000303 ], [ 9.641649999999895, 54.864650000000303 ], [ 9.641649999999895, 54.872950000000301 ], [ 9.641649999999895, 54.8812500000003 ], [ 9.655549999999895, 54.8812500000003 ], [ 9.655549999999895, 54.889550000000298 ], [ 9.641649999999895, 54.889550000000298 ], [ 9.641649999999895, 54.897850000000297 ], [ 9.627749999999896, 54.897850000000297 ], [ 9.627749999999896, 54.906150000000295 ], [ 9.613849999999896, 54.906150000000295 ], [ 9.613849999999896, 54.914450000000294 ], [ 9.627749999999896, 54.914450000000294 ], [ 9.627749999999896, 54.922750000000292 ], [ 9.641649999999895, 54.922750000000292 ], [ 9.655549999999895, 54.922750000000292 ], [ 9.669449999999895, 54.922750000000292 ], [ 9.669449999999895, 54.93105000000029 ], [ 9.655549999999895, 54.93105000000029 ], [ 9.655549999999895, 54.939350000000289 ], [ 9.641649999999895, 54.939350000000289 ], [ 9.627749999999896, 54.939350000000289 ], [ 9.613849999999896, 54.939350000000289 ], [ 9.613849999999896, 54.93105000000029 ], [ 9.613849999999896, 54.922750000000292 ], [ 9.599949999999897, 54.922750000000292 ], [ 9.599949999999897, 54.914450000000294 ], [ 9.586049999999897, 54.914450000000294 ], [ 9.586049999999897, 54.906150000000295 ], [ 9.586049999999897, 54.897850000000297 ], [ 9.572149999999898, 54.897850000000297 ], [ 9.572149999999898, 54.889550000000298 ], [ 9.572149999999898, 54.8812500000003 ], [ 9.558249999999898, 54.8812500000003 ], [ 9.544349999999898, 54.8812500000003 ], [ 9.530449999999899, 54.8812500000003 ], [ 9.516549999999899, 54.8812500000003 ], [ 9.50265, 54.8812500000003 ], [ 9.50265, 54.872950000000301 ], [ 9.50265, 54.864650000000303 ], [ 9.48875, 54.864650000000303 ], [ 9.48875, 54.856350000000305 ], [ 9.47485, 54.856350000000305 ], [ 9.46095, 54.856350000000305 ], [ 9.46095, 54.848050000000306 ], [ 9.44705, 54.848050000000306 ], [ 9.43315, 54.848050000000306 ], [ 9.43315, 54.839750000000308 ], [ 9.43315, 54.831450000000309 ], [ 9.43315, 54.823150000000311 ], [ 9.43315, 54.814850000000312 ], [ 9.44705, 54.814850000000312 ], [ 9.46095, 54.814850000000312 ], [ 9.46095, 54.823150000000311 ], [ 9.46095, 54.831450000000309 ], [ 9.47485, 54.831450000000309 ], [ 9.48875, 54.831450000000309 ], [ 9.50265, 54.831450000000309 ], [ 9.516549999999899, 54.831450000000309 ], [ 9.516549999999899, 54.839750000000308 ], [ 9.530449999999899, 54.839750000000308 ], [ 9.530449999999899, 54.848050000000306 ], [ 9.544349999999898, 54.848050000000306 ], [ 9.544349999999898, 54.856350000000305 ], [ 9.558249999999898, 54.856350000000305 ], [ 9.558249999999898, 54.864650000000303 ], [ 9.572149999999898, 54.864650000000303 ], [ 9.572149999999898, 54.872950000000301 ], [ 9.586049999999897, 54.872950000000301 ], [ 9.599949999999897, 54.872950000000301 ], [ 9.599949999999897, 54.864650000000303 ], [ 9.586049999999897, 54.864650000000303 ], [ 9.586049999999897, 54.856350000000305 ], [ 9.586049999999897, 54.848050000000306 ], [ 9.599949999999897, 54.848050000000306 ], [ 9.599949999999897, 54.839750000000308 ], [ 9.613849999999896, 54.839750000000308 ], [ 9.627749999999896, 54.839750000000308 ], [ 9.641649999999895, 54.839750000000308 ], [ 9.641649999999895, 54.831450000000309 ], [ 9.655549999999895, 54.831450000000309 ], [ 9.669449999999895, 54.831450000000309 ], [ 9.669449999999895, 54.823150000000311 ], [ 9.683349999999894, 54.823150000000311 ], [ 9.697249999999894, 54.823150000000311 ], [ 9.697249999999894, 54.814850000000312 ], [ 9.711149999999893, 54.814850000000312 ], [ 9.725049999999893, 54.814850000000312 ], [ 9.738949999999893, 54.814850000000312 ], [ 9.738949999999893, 54.806550000000314 ], [ 9.752849999999892, 54.806550000000314 ], [ 9.766749999999892, 54.806550000000314 ], [ 9.780649999999891, 54.806550000000314 ], [ 9.794549999999891, 54.806550000000314 ], [ 9.794549999999891, 54.798250000000316 ], [ 9.80844999999989, 54.798250000000316 ], [ 9.80844999999989, 54.789950000000317 ], [ 9.80844999999989, 54.781650000000319 ], [ 9.82234999999989, 54.781650000000319 ], [ 9.82234999999989, 54.77335000000032 ], [ 9.83624999999989, 54.77335000000032 ], [ 9.83624999999989, 54.765050000000322 ], [ 9.850149999999889, 54.765050000000322 ], [ 9.864049999999889, 54.765050000000322 ], [ 9.877949999999888, 54.765050000000322 ], [ 9.891849999999888, 54.765050000000322 ], [ 9.891849999999888, 54.77335000000032 ], [ 9.891849999999888, 54.781650000000319 ], [ 9.905749999999887, 54.781650000000319 ], [ 9.905749999999887, 54.789950000000317 ], [ 9.905749999999887, 54.798250000000316 ], [ 9.905749999999887, 54.806550000000314 ], [ 9.919649999999887, 54.806550000000314 ], [ 9.919649999999887, 54.798250000000316 ], [ 9.933549999999887, 54.798250000000316 ], [ 9.933549999999887, 54.789950000000317 ], [ 9.947449999999886, 54.789950000000317 ], [ 9.961349999999886, 54.789950000000317 ], [ 9.961349999999886, 54.781650000000319 ], [ 9.961349999999886, 54.77335000000032 ], [ 9.975249999999885, 54.77335000000032 ], [ 9.975249999999885, 54.765050000000322 ], [ 9.989149999999885, 54.765050000000322 ], [ 9.989149999999885, 54.756750000000324 ], [ 9.989149999999885, 54.748450000000325 ], [ 9.989149999999885, 54.740150000000327 ], [ 9.989149999999885, 54.731850000000328 ], [ 9.989149999999885, 54.72355000000033 ], [ 10.003049999999885, 54.72355000000033 ], [ 10.003049999999885, 54.715250000000331 ], [ 10.016949999999884, 54.715250000000331 ], [ 10.016949999999884, 54.706950000000333 ], [ 10.030849999999884, 54.706950000000333 ], [ 10.030849999999884, 54.698650000000335 ], [ 10.030849999999884, 54.690350000000336 ], [ 10.030849999999884, 54.682050000000338 ], [ 10.030849999999884, 54.673750000000339 ], [ 10.030849999999884, 54.665450000000341 ], [ 10.030849999999884, 54.657150000000343 ], [ 10.030849999999884, 54.648850000000344 ], [ 10.030849999999884, 54.640550000000346 ], [ 10.030849999999884, 54.632250000000347 ], [ 10.030849999999884, 54.623950000000349 ], [ 10.030849999999884, 54.61565000000035 ], [ 10.030849999999884, 54.607350000000352 ], [ 10.030849999999884, 54.599050000000354 ], [ 10.030849999999884, 54.590750000000355 ], [ 10.030849999999884, 54.582450000000357 ], [ 10.030849999999884, 54.574150000000358 ], [ 10.030849999999884, 54.56585000000036 ], [ 10.030849999999884, 54.557550000000361 ], [ 10.016949999999884, 54.557550000000361 ], [ 10.016949999999884, 54.549250000000363 ], [ 10.016949999999884, 54.540950000000365 ], [ 10.003049999999885, 54.540950000000365 ], [ 10.003049999999885, 54.532650000000366 ], [ 10.003049999999885, 54.524350000000368 ], [ 9.989149999999885, 54.524350000000368 ], [ 9.989149999999885, 54.516050000000369 ], [ 9.975249999999885, 54.516050000000369 ], [ 9.961349999999886, 54.516050000000369 ], [ 9.961349999999886, 54.507750000000371 ], [ 9.947449999999886, 54.507750000000371 ], [ 9.947449999999886, 54.499450000000373 ], [ 9.933549999999887, 54.499450000000373 ], [ 9.919649999999887, 54.499450000000373 ], [ 9.919649999999887, 54.491150000000374 ], [ 9.905749999999887, 54.491150000000374 ], [ 9.891849999999888, 54.491150000000374 ], [ 9.891849999999888, 54.482850000000376 ], [ 9.877949999999888, 54.482850000000376 ], [ 9.864049999999889, 54.482850000000376 ], [ 9.850149999999889, 54.482850000000376 ], [ 9.850149999999889, 54.474550000000377 ], [ 9.850149999999889, 54.466250000000379 ], [ 9.850149999999889, 54.45795000000038 ], [ 9.864049999999889, 54.45795000000038 ], [ 9.877949999999888, 54.45795000000038 ], [ 9.891849999999888, 54.45795000000038 ], [ 9.905749999999887, 54.45795000000038 ], [ 9.919649999999887, 54.45795000000038 ], [ 9.919649999999887, 54.466250000000379 ], [ 9.933549999999887, 54.466250000000379 ], [ 9.947449999999886, 54.466250000000379 ], [ 9.961349999999886, 54.466250000000379 ], [ 9.961349999999886, 54.474550000000377 ], [ 9.975249999999885, 54.474550000000377 ], [ 9.989149999999885, 54.474550000000377 ], [ 10.003049999999885, 54.474550000000377 ], [ 10.003049999999885, 54.482850000000376 ], [ 10.016949999999884, 54.482850000000376 ], [ 10.030849999999884, 54.482850000000376 ], [ 10.044749999999883, 54.482850000000376 ], [ 10.058649999999883, 54.482850000000376 ], [ 10.058649999999883, 54.491150000000374 ], [ 10.072549999999882, 54.491150000000374 ], [ 10.086449999999882, 54.491150000000374 ], [ 10.100349999999882, 54.491150000000374 ], [ 10.114249999999881, 54.491150000000374 ], [ 10.128149999999881, 54.491150000000374 ], [ 10.14204999999988, 54.491150000000374 ], [ 10.15594999999988, 54.491150000000374 ], [ 10.15594999999988, 54.482850000000376 ], [ 10.169849999999879, 54.482850000000376 ], [ 10.169849999999879, 54.474550000000377 ], [ 10.183749999999879, 54.474550000000377 ], [ 10.183749999999879, 54.466250000000379 ], [ 10.197649999999879, 54.466250000000379 ], [ 10.197649999999879, 54.45795000000038 ], [ 10.183749999999879, 54.45795000000038 ], [ 10.183749999999879, 54.449650000000382 ], [ 10.183749999999879, 54.441350000000384 ], [ 10.169849999999879, 54.441350000000384 ], [ 10.169849999999879, 54.433050000000385 ], [ 10.183749999999879, 54.433050000000385 ], [ 10.183749999999879, 54.424750000000387 ], [ 10.197649999999879, 54.424750000000387 ], [ 10.197649999999879, 54.416450000000388 ], [ 10.197649999999879, 54.40815000000039 ], [ 10.183749999999879, 54.40815000000039 ], [ 10.183749999999879, 54.399850000000392 ], [ 10.169849999999879, 54.399850000000392 ], [ 10.169849999999879, 54.391550000000393 ], [ 10.15594999999988, 54.391550000000393 ], [ 10.15594999999988, 54.383250000000395 ], [ 10.15594999999988, 54.374950000000396 ], [ 10.14204999999988, 54.374950000000396 ], [ 10.14204999999988, 54.366650000000398 ], [ 10.14204999999988, 54.358350000000399 ], [ 10.15594999999988, 54.358350000000399 ], [ 10.15594999999988, 54.350050000000401 ], [ 10.15594999999988, 54.341750000000403 ], [ 10.14204999999988, 54.341750000000403 ], [ 10.14204999999988, 54.333450000000404 ], [ 10.14204999999988, 54.325150000000406 ], [ 10.15594999999988, 54.325150000000406 ], [ 10.15594999999988, 54.333450000000404 ], [ 10.169849999999879, 54.333450000000404 ], [ 10.169849999999879, 54.341750000000403 ], [ 10.183749999999879, 54.341750000000403 ], [ 10.183749999999879, 54.350050000000401 ], [ 10.183749999999879, 54.358350000000399 ], [ 10.183749999999879, 54.366650000000398 ], [ 10.183749999999879, 54.374950000000396 ], [ 10.197649999999879, 54.374950000000396 ], [ 10.197649999999879, 54.383250000000395 ], [ 10.197649999999879, 54.391550000000393 ], [ 10.211549999999878, 54.391550000000393 ], [ 10.211549999999878, 54.399850000000392 ], [ 10.211549999999878, 54.40815000000039 ], [ 10.225449999999878, 54.40815000000039 ], [ 10.225449999999878, 54.416450000000388 ], [ 10.239349999999877, 54.416450000000388 ], [ 10.239349999999877, 54.424750000000387 ], [ 10.253249999999877, 54.424750000000387 ], [ 10.267149999999877, 54.424750000000387 ], [ 10.281049999999876, 54.424750000000387 ], [ 10.281049999999876, 54.433050000000385 ], [ 10.294949999999876, 54.433050000000385 ], [ 10.294949999999876, 54.441350000000384 ], [ 10.308849999999875, 54.441350000000384 ], [ 10.322749999999875, 54.441350000000384 ], [ 10.336649999999874, 54.441350000000384 ], [ 10.350549999999874, 54.441350000000384 ], [ 10.364449999999874, 54.441350000000384 ], [ 10.378349999999873, 54.441350000000384 ], [ 10.378349999999873, 54.433050000000385 ], [ 10.392249999999873, 54.433050000000385 ], [ 10.406149999999872, 54.433050000000385 ], [ 10.406149999999872, 54.424750000000387 ], [ 10.420049999999872, 54.424750000000387 ], [ 10.420049999999872, 54.416450000000388 ], [ 10.433949999999871, 54.416450000000388 ], [ 10.447849999999871, 54.416450000000388 ], [ 10.447849999999871, 54.40815000000039 ], [ 10.461749999999871, 54.40815000000039 ], [ 10.461749999999871, 54.399850000000392 ], [ 10.47564999999987, 54.399850000000392 ], [ 10.48954999999987, 54.399850000000392 ], [ 10.503449999999869, 54.399850000000392 ], [ 10.503449999999869, 54.391550000000393 ], [ 10.517349999999869, 54.391550000000393 ], [ 10.531249999999869, 54.391550000000393 ], [ 10.545149999999868, 54.391550000000393 ], [ 10.545149999999868, 54.383250000000395 ], [ 10.559049999999868, 54.383250000000395 ], [ 10.572949999999867, 54.383250000000395 ], [ 10.572949999999867, 54.374950000000396 ], [ 10.586849999999867, 54.374950000000396 ], [ 10.600749999999866, 54.374950000000396 ], [ 10.600749999999866, 54.366650000000398 ], [ 10.614649999999866, 54.366650000000398 ], [ 10.628549999999866, 54.366650000000398 ], [ 10.628549999999866, 54.358350000000399 ], [ 10.642449999999865, 54.358350000000399 ], [ 10.642449999999865, 54.350050000000401 ], [ 10.656349999999865, 54.350050000000401 ], [ 10.656349999999865, 54.341750000000403 ], [ 10.670249999999864, 54.341750000000403 ], [ 10.670249999999864, 54.333450000000404 ], [ 10.684149999999864, 54.333450000000404 ], [ 10.684149999999864, 54.325150000000406 ], [ 10.684149999999864, 54.316850000000407 ], [ 10.698049999999864, 54.316850000000407 ], [ 10.711949999999863, 54.316850000000407 ], [ 10.725849999999863, 54.316850000000407 ], [ 10.739749999999862, 54.316850000000407 ], [ 10.753649999999862, 54.316850000000407 ], [ 10.767549999999861, 54.316850000000407 ], [ 10.781449999999861, 54.316850000000407 ], [ 10.795349999999861, 54.316850000000407 ], [ 10.795349999999861, 54.325150000000406 ], [ 10.80924999999986, 54.325150000000406 ], [ 10.80924999999986, 54.333450000000404 ], [ 10.82314999999986, 54.333450000000404 ], [ 10.837049999999859, 54.333450000000404 ], [ 10.837049999999859, 54.341750000000403 ], [ 10.837049999999859, 54.350050000000401 ], [ 10.850949999999859, 54.350050000000401 ], [ 10.850949999999859, 54.358350000000399 ], [ 10.864849999999858, 54.358350000000399 ], [ 10.864849999999858, 54.366650000000398 ], [ 10.878749999999858, 54.366650000000398 ], [ 10.878749999999858, 54.374950000000396 ], [ 10.892649999999858, 54.374950000000396 ], [ 10.906549999999857, 54.374950000000396 ], [ 10.906549999999857, 54.383250000000395 ], [ 10.920449999999857, 54.383250000000395 ], [ 10.934349999999856, 54.383250000000395 ], [ 10.934349999999856, 54.391550000000393 ], [ 10.948249999999856, 54.391550000000393 ], [ 10.962149999999856, 54.391550000000393 ], [ 10.976049999999855, 54.391550000000393 ], [ 10.976049999999855, 54.383250000000395 ], [ 10.989949999999855, 54.383250000000395 ], [ 10.989949999999855, 54.391550000000393 ], [ 11.003849999999854, 54.391550000000393 ], [ 11.003849999999854, 54.383250000000395 ], [ 11.017749999999854, 54.383250000000395 ], [ 11.031649999999853, 54.383250000000395 ], [ 11.045549999999853, 54.383250000000395 ], [ 11.059449999999853, 54.383250000000395 ], [ 11.073349999999852, 54.383250000000395 ], [ 11.073349999999852, 54.391550000000393 ], [ 11.087249999999852, 54.391550000000393 ], [ 11.087249999999852, 54.399850000000392 ], [ 11.101149999999851, 54.399850000000392 ], [ 11.115049999999851, 54.399850000000392 ], [ 11.12894999999985, 54.399850000000392 ], [ 11.12894999999985, 54.391550000000393 ], [ 11.12894999999985, 54.383250000000395 ], [ 11.12894999999985, 54.374950000000396 ], [ 11.115049999999851, 54.374950000000396 ], [ 11.115049999999851, 54.366650000000398 ], [ 11.101149999999851, 54.366650000000398 ], [ 11.087249999999852, 54.366650000000398 ], [ 11.073349999999852, 54.366650000000398 ], [ 11.073349999999852, 54.358350000000399 ], [ 11.073349999999852, 54.350050000000401 ], [ 11.073349999999852, 54.341750000000403 ], [ 11.073349999999852, 54.333450000000404 ], [ 11.073349999999852, 54.325150000000406 ], [ 11.073349999999852, 54.316850000000407 ], [ 11.073349999999852, 54.308550000000409 ], [ 11.087249999999852, 54.308550000000409 ], [ 11.087249999999852, 54.30025000000041 ], [ 11.087249999999852, 54.291950000000412 ], [ 11.087249999999852, 54.283650000000414 ], [ 11.087249999999852, 54.275350000000415 ], [ 11.087249999999852, 54.267050000000417 ], [ 11.087249999999852, 54.258750000000418 ], [ 11.087249999999852, 54.25045000000042 ], [ 11.087249999999852, 54.242150000000422 ], [ 11.087249999999852, 54.233850000000423 ], [ 11.087249999999852, 54.225550000000425 ], [ 11.101149999999851, 54.225550000000425 ], [ 11.101149999999851, 54.217250000000426 ], [ 11.101149999999851, 54.208950000000428 ], [ 11.087249999999852, 54.208950000000428 ], [ 11.073349999999852, 54.208950000000428 ], [ 11.073349999999852, 54.200650000000429 ], [ 11.059449999999853, 54.200650000000429 ], [ 11.059449999999853, 54.192350000000431 ], [ 11.045549999999853, 54.192350000000431 ], [ 11.045549999999853, 54.184050000000433 ], [ 11.031649999999853, 54.184050000000433 ], [ 11.031649999999853, 54.175750000000434 ], [ 11.017749999999854, 54.175750000000434 ], [ 11.017749999999854, 54.167450000000436 ], [ 11.003849999999854, 54.167450000000436 ], [ 10.989949999999855, 54.167450000000436 ], [ 10.989949999999855, 54.159150000000437 ], [ 10.976049999999855, 54.159150000000437 ], [ 10.962149999999856, 54.159150000000437 ], [ 10.962149999999856, 54.150850000000439 ], [ 10.948249999999856, 54.150850000000439 ], [ 10.948249999999856, 54.14255000000044 ], [ 10.934349999999856, 54.14255000000044 ], [ 10.934349999999856, 54.134250000000442 ], [ 10.934349999999856, 54.125950000000444 ], [ 10.920449999999857, 54.125950000000444 ], [ 10.920449999999857, 54.117650000000445 ], [ 10.906549999999857, 54.117650000000445 ], [ 10.906549999999857, 54.109350000000447 ], [ 10.892649999999858, 54.109350000000447 ], [ 10.892649999999858, 54.101050000000448 ], [ 10.878749999999858, 54.101050000000448 ], [ 10.878749999999858, 54.09275000000045 ], [ 10.864849999999858, 54.09275000000045 ], [ 10.864849999999858, 54.101050000000448 ], [ 10.850949999999859, 54.101050000000448 ], [ 10.837049999999859, 54.101050000000448 ], [ 10.82314999999986, 54.101050000000448 ], [ 10.80924999999986, 54.101050000000448 ], [ 10.80924999999986, 54.09275000000045 ], [ 10.795349999999861, 54.09275000000045 ], [ 10.795349999999861, 54.084450000000452 ], [ 10.781449999999861, 54.084450000000452 ], [ 10.781449999999861, 54.076150000000453 ], [ 10.767549999999861, 54.076150000000453 ], [ 10.767549999999861, 54.067850000000455 ], [ 10.753649999999862, 54.067850000000455 ], [ 10.753649999999862, 54.059550000000456 ], [ 10.753649999999862, 54.051250000000458 ], [ 10.753649999999862, 54.042950000000459 ], [ 10.753649999999862, 54.034650000000461 ], [ 10.767549999999861, 54.034650000000461 ], [ 10.767549999999861, 54.026350000000463 ], [ 10.767549999999861, 54.018050000000464 ], [ 10.781449999999861, 54.018050000000464 ], [ 10.781449999999861, 54.009750000000466 ], [ 10.795349999999861, 54.009750000000466 ], [ 10.795349999999861, 54.001450000000467 ], [ 10.80924999999986, 54.001450000000467 ], [ 10.82314999999986, 54.001450000000467 ], [ 10.837049999999859, 54.001450000000467 ], [ 10.850949999999859, 54.001450000000467 ], [ 10.864849999999858, 54.001450000000467 ], [ 10.878749999999858, 54.001450000000467 ], [ 10.878749999999858, 53.993150000000469 ], [ 10.892649999999858, 53.993150000000469 ], [ 10.892649999999858, 53.984850000000471 ], [ 10.878749999999858, 53.984850000000471 ], [ 10.878749999999858, 53.976550000000472 ], [ 10.878749999999858, 53.968250000000474 ], [ 10.864849999999858, 53.968250000000474 ], [ 10.864849999999858, 53.959950000000475 ], [ 10.850949999999859, 53.959950000000475 ], [ 10.850949999999859, 53.951650000000477 ], [ 10.850949999999859, 53.943350000000478 ], [ 10.864849999999858, 53.943350000000478 ], [ 10.864849999999858, 53.93505000000048 ], [ 10.864849999999858, 53.926750000000482 ], [ 10.850949999999859, 53.926750000000482 ], [ 10.837049999999859, 53.926750000000482 ], [ 10.837049999999859, 53.918450000000483 ], [ 10.850949999999859, 53.918450000000483 ], [ 10.864849999999858, 53.918450000000483 ], [ 10.878749999999858, 53.918450000000483 ], [ 10.878749999999858, 53.926750000000482 ], [ 10.892649999999858, 53.926750000000482 ], [ 10.906549999999857, 53.926750000000482 ], [ 10.920449999999857, 53.926750000000482 ], [ 10.920449999999857, 53.918450000000483 ], [ 10.920449999999857, 53.910150000000485 ], [ 10.934349999999856, 53.910150000000485 ], [ 10.934349999999856, 53.918450000000483 ], [ 10.948249999999856, 53.918450000000483 ], [ 10.948249999999856, 53.926750000000482 ], [ 10.934349999999856, 53.926750000000482 ], [ 10.934349999999856, 53.93505000000048 ], [ 10.920449999999857, 53.93505000000048 ], [ 10.906549999999857, 53.93505000000048 ], [ 10.906549999999857, 53.943350000000478 ], [ 10.906549999999857, 53.951650000000477 ], [ 10.906549999999857, 53.959950000000475 ], [ 10.892649999999858, 53.959950000000475 ], [ 10.892649999999858, 53.968250000000474 ], [ 10.906549999999857, 53.968250000000474 ], [ 10.920449999999857, 53.968250000000474 ], [ 10.920449999999857, 53.976550000000472 ], [ 10.934349999999856, 53.976550000000472 ], [ 10.948249999999856, 53.976550000000472 ], [ 10.948249999999856, 53.984850000000471 ], [ 10.962149999999856, 53.984850000000471 ], [ 10.976049999999855, 53.984850000000471 ], [ 10.976049999999855, 53.993150000000469 ], [ 10.989949999999855, 53.993150000000469 ], [ 10.989949999999855, 54.001450000000467 ], [ 11.003849999999854, 54.001450000000467 ], [ 11.017749999999854, 54.001450000000467 ], [ 11.017749999999854, 54.009750000000466 ], [ 11.031649999999853, 54.009750000000466 ], [ 11.031649999999853, 54.018050000000464 ], [ 11.045549999999853, 54.018050000000464 ], [ 11.059449999999853, 54.018050000000464 ], [ 11.073349999999852, 54.018050000000464 ], [ 11.087249999999852, 54.018050000000464 ], [ 11.087249999999852, 54.026350000000463 ], [ 11.101149999999851, 54.026350000000463 ], [ 11.115049999999851, 54.026350000000463 ], [ 11.115049999999851, 54.018050000000464 ], [ 11.12894999999985, 54.018050000000464 ], [ 11.14284999999985, 54.018050000000464 ], [ 11.15674999999985, 54.018050000000464 ], [ 11.15674999999985, 54.026350000000463 ], [ 11.170649999999849, 54.026350000000463 ], [ 11.184549999999849, 54.026350000000463 ], [ 11.198449999999848, 54.026350000000463 ], [ 11.198449999999848, 54.018050000000464 ], [ 11.198449999999848, 54.009750000000466 ], [ 11.212349999999848, 54.009750000000466 ], [ 11.212349999999848, 54.001450000000467 ], [ 11.226249999999848, 54.001450000000467 ], [ 11.226249999999848, 53.993150000000469 ], [ 11.240149999999847, 53.993150000000469 ], [ 11.254049999999847, 53.993150000000469 ], [ 11.267949999999846, 53.993150000000469 ], [ 11.267949999999846, 53.984850000000471 ], [ 11.254049999999847, 53.984850000000471 ], [ 11.254049999999847, 53.976550000000472 ], [ 11.240149999999847, 53.976550000000472 ], [ 11.240149999999847, 53.968250000000474 ], [ 11.240149999999847, 53.959950000000475 ], [ 11.254049999999847, 53.959950000000475 ], [ 11.254049999999847, 53.951650000000477 ], [ 11.254049999999847, 53.943350000000478 ], [ 11.267949999999846, 53.943350000000478 ], [ 11.281849999999846, 53.943350000000478 ], [ 11.295749999999845, 53.943350000000478 ], [ 11.295749999999845, 53.951650000000477 ], [ 11.309649999999845, 53.951650000000477 ], [ 11.309649999999845, 53.959950000000475 ], [ 11.323549999999845, 53.959950000000475 ], [ 11.323549999999845, 53.968250000000474 ], [ 11.337449999999844, 53.968250000000474 ], [ 11.351349999999844, 53.968250000000474 ], [ 11.351349999999844, 53.959950000000475 ], [ 11.351349999999844, 53.951650000000477 ], [ 11.365249999999843, 53.951650000000477 ], [ 11.379149999999843, 53.951650000000477 ], [ 11.393049999999842, 53.951650000000477 ], [ 11.406949999999842, 53.951650000000477 ], [ 11.406949999999842, 53.943350000000478 ], [ 11.406949999999842, 53.93505000000048 ], [ 11.420849999999842, 53.93505000000048 ], [ 11.420849999999842, 53.926750000000482 ], [ 11.434749999999841, 53.926750000000482 ], [ 11.434749999999841, 53.918450000000483 ], [ 11.448649999999841, 53.918450000000483 ], [ 11.448649999999841, 53.926750000000482 ], [ 11.46254999999984, 53.926750000000482 ], [ 11.46254999999984, 53.93505000000048 ], [ 11.47644999999984, 53.93505000000048 ], [ 11.47644999999984, 53.943350000000478 ], [ 11.47644999999984, 53.951650000000477 ], [ 11.49034999999984, 53.951650000000477 ], [ 11.49034999999984, 53.959950000000475 ], [ 11.49034999999984, 53.968250000000474 ], [ 11.47644999999984, 53.968250000000474 ], [ 11.47644999999984, 53.976550000000472 ], [ 11.49034999999984, 53.976550000000472 ], [ 11.49034999999984, 53.984850000000471 ], [ 11.49034999999984, 53.993150000000469 ], [ 11.504249999999839, 53.993150000000469 ], [ 11.504249999999839, 54.001450000000467 ], [ 11.504249999999839, 54.009750000000466 ], [ 11.504249999999839, 54.018050000000464 ], [ 11.518149999999839, 54.018050000000464 ], [ 11.518149999999839, 54.026350000000463 ], [ 11.518149999999839, 54.034650000000461 ], [ 11.518149999999839, 54.042950000000459 ], [ 11.532049999999838, 54.042950000000459 ], [ 11.545949999999838, 54.042950000000459 ], [ 11.559849999999837, 54.042950000000459 ], [ 11.559849999999837, 54.051250000000458 ], [ 11.573749999999837, 54.051250000000458 ], [ 11.587649999999837, 54.051250000000458 ], [ 11.587649999999837, 54.059550000000456 ], [ 11.587649999999837, 54.067850000000455 ], [ 11.587649999999837, 54.076150000000453 ], [ 11.587649999999837, 54.084450000000452 ], [ 11.601549999999836, 54.084450000000452 ], [ 11.615449999999836, 54.084450000000452 ], [ 11.615449999999836, 54.09275000000045 ], [ 11.615449999999836, 54.101050000000448 ], [ 11.615449999999836, 54.109350000000447 ], [ 11.601549999999836, 54.109350000000447 ], [ 11.601549999999836, 54.117650000000445 ], [ 11.615449999999836, 54.117650000000445 ], [ 11.615449999999836, 54.125950000000444 ], [ 11.629349999999835, 54.125950000000444 ], [ 11.629349999999835, 54.134250000000442 ], [ 11.643249999999835, 54.134250000000442 ], [ 11.643249999999835, 54.14255000000044 ], [ 11.643249999999835, 54.150850000000439 ], [ 11.657149999999834, 54.150850000000439 ], [ 11.657149999999834, 54.159150000000437 ], [ 11.671049999999834, 54.159150000000437 ], [ 11.684949999999834, 54.159150000000437 ], [ 11.684949999999834, 54.167450000000436 ], [ 11.698849999999833, 54.167450000000436 ], [ 11.712749999999833, 54.167450000000436 ], [ 11.726649999999832, 54.167450000000436 ], [ 11.740549999999832, 54.167450000000436 ], [ 11.754449999999832, 54.167450000000436 ], [ 11.768349999999831, 54.167450000000436 ], [ 11.782249999999831, 54.167450000000436 ], [ 11.782249999999831, 54.159150000000437 ], [ 11.79614999999983, 54.159150000000437 ], [ 11.81004999999983, 54.159150000000437 ], [ 11.823949999999829, 54.159150000000437 ], [ 11.837849999999829, 54.159150000000437 ], [ 11.851749999999829, 54.159150000000437 ], [ 11.865649999999828, 54.159150000000437 ], [ 11.879549999999828, 54.159150000000437 ], [ 11.893449999999827, 54.159150000000437 ], [ 11.893449999999827, 54.167450000000436 ], [ 11.907349999999827, 54.167450000000436 ], [ 11.921249999999826, 54.167450000000436 ], [ 11.935149999999826, 54.167450000000436 ], [ 11.935149999999826, 54.175750000000434 ], [ 11.949049999999826, 54.175750000000434 ], [ 11.962949999999825, 54.175750000000434 ], [ 11.962949999999825, 54.184050000000433 ], [ 11.976849999999825, 54.184050000000433 ], [ 11.990749999999824, 54.184050000000433 ], [ 12.004649999999824, 54.184050000000433 ], [ 12.018549999999824, 54.184050000000433 ], [ 12.032449999999823, 54.184050000000433 ], [ 12.046349999999823, 54.184050000000433 ], [ 12.060249999999822, 54.184050000000433 ], [ 12.074149999999822, 54.184050000000433 ], [ 12.088049999999821, 54.184050000000433 ], [ 12.088049999999821, 54.175750000000434 ], [ 12.088049999999821, 54.167450000000436 ], [ 12.088049999999821, 54.159150000000437 ], [ 12.088049999999821, 54.150850000000439 ], [ 12.088049999999821, 54.14255000000044 ], [ 12.088049999999821, 54.134250000000442 ], [ 12.088049999999821, 54.125950000000444 ], [ 12.088049999999821, 54.117650000000445 ], [ 12.101949999999821, 54.117650000000445 ], [ 12.101949999999821, 54.125950000000444 ], [ 12.101949999999821, 54.134250000000442 ], [ 12.101949999999821, 54.14255000000044 ], [ 12.101949999999821, 54.150850000000439 ], [ 12.101949999999821, 54.159150000000437 ], [ 12.101949999999821, 54.167450000000436 ], [ 12.115849999999821, 54.167450000000436 ], [ 12.12974999999982, 54.167450000000436 ], [ 12.12974999999982, 54.175750000000434 ], [ 12.14364999999982, 54.175750000000434 ], [ 12.14364999999982, 54.184050000000433 ], [ 12.12974999999982, 54.184050000000433 ], [ 12.115849999999821, 54.184050000000433 ], [ 12.115849999999821, 54.175750000000434 ], [ 12.101949999999821, 54.175750000000434 ], [ 12.101949999999821, 54.184050000000433 ], [ 12.101949999999821, 54.192350000000431 ], [ 12.115849999999821, 54.192350000000431 ], [ 12.12974999999982, 54.192350000000431 ], [ 12.12974999999982, 54.200650000000429 ], [ 12.14364999999982, 54.200650000000429 ], [ 12.14364999999982, 54.208950000000428 ], [ 12.157549999999819, 54.208950000000428 ], [ 12.157549999999819, 54.217250000000426 ], [ 12.157549999999819, 54.225550000000425 ], [ 12.171449999999819, 54.225550000000425 ], [ 12.171449999999819, 54.233850000000423 ], [ 12.171449999999819, 54.242150000000422 ], [ 12.185349999999818, 54.242150000000422 ], [ 12.185349999999818, 54.25045000000042 ], [ 12.199249999999818, 54.25045000000042 ], [ 12.199249999999818, 54.258750000000418 ], [ 12.213149999999818, 54.258750000000418 ], [ 12.227049999999817, 54.258750000000418 ], [ 12.227049999999817, 54.267050000000417 ], [ 12.240949999999817, 54.267050000000417 ], [ 12.254849999999816, 54.267050000000417 ], [ 12.254849999999816, 54.275350000000415 ], [ 12.268749999999816, 54.275350000000415 ], [ 12.282649999999816, 54.275350000000415 ], [ 12.282649999999816, 54.283650000000414 ], [ 12.296549999999815, 54.283650000000414 ], [ 12.310449999999815, 54.283650000000414 ], [ 12.310449999999815, 54.291950000000412 ], [ 12.324349999999814, 54.291950000000412 ], [ 12.324349999999814, 54.30025000000041 ], [ 12.338249999999814, 54.30025000000041 ], [ 12.338249999999814, 54.308550000000409 ], [ 12.352149999999813, 54.308550000000409 ], [ 12.352149999999813, 54.316850000000407 ], [ 12.352149999999813, 54.325150000000406 ], [ 12.366049999999813, 54.325150000000406 ], [ 12.366049999999813, 54.333450000000404 ], [ 12.366049999999813, 54.341750000000403 ], [ 12.379949999999813, 54.341750000000403 ], [ 12.379949999999813, 54.350050000000401 ], [ 12.393849999999812, 54.350050000000401 ], [ 12.393849999999812, 54.358350000000399 ], [ 12.393849999999812, 54.366650000000398 ], [ 12.407749999999812, 54.366650000000398 ], [ 12.407749999999812, 54.374950000000396 ], [ 12.407749999999812, 54.383250000000395 ], [ 12.421649999999811, 54.383250000000395 ], [ 12.421649999999811, 54.391550000000393 ], [ 12.435549999999811, 54.391550000000393 ], [ 12.435549999999811, 54.399850000000392 ], [ 12.449449999999811, 54.399850000000392 ], [ 12.449449999999811, 54.40815000000039 ], [ 12.449449999999811, 54.416450000000388 ], [ 12.46334999999981, 54.416450000000388 ], [ 12.46334999999981, 54.424750000000387 ], [ 12.46334999999981, 54.433050000000385 ], [ 12.47724999999981, 54.433050000000385 ], [ 12.47724999999981, 54.441350000000384 ], [ 12.47724999999981, 54.449650000000382 ], [ 12.491149999999809, 54.449650000000382 ], [ 12.491149999999809, 54.45795000000038 ], [ 12.491149999999809, 54.466250000000379 ], [ 12.505049999999809, 54.466250000000379 ], [ 12.505049999999809, 54.474550000000377 ], [ 12.505049999999809, 54.482850000000376 ], [ 12.518949999999808, 54.482850000000376 ], [ 12.518949999999808, 54.491150000000374 ], [ 12.532849999999808, 54.491150000000374 ], [ 12.532849999999808, 54.482850000000376 ], [ 12.532849999999808, 54.474550000000377 ], [ 12.546749999999808, 54.474550000000377 ], [ 12.546749999999808, 54.466250000000379 ], [ 12.560649999999807, 54.466250000000379 ], [ 12.574549999999807, 54.466250000000379 ], [ 12.574549999999807, 54.45795000000038 ], [ 12.588449999999806, 54.45795000000038 ], [ 12.602349999999806, 54.45795000000038 ], [ 12.616249999999805, 54.45795000000038 ], [ 12.630149999999805, 54.45795000000038 ], [ 12.644049999999805, 54.45795000000038 ], [ 12.657949999999804, 54.45795000000038 ], [ 12.671849999999804, 54.45795000000038 ], [ 12.671849999999804, 54.449650000000382 ], [ 12.685749999999803, 54.449650000000382 ], [ 12.699649999999803, 54.449650000000382 ], [ 12.713549999999803, 54.449650000000382 ], [ 12.727449999999802, 54.449650000000382 ], [ 12.741349999999802, 54.449650000000382 ], [ 12.755249999999801, 54.449650000000382 ], [ 12.769149999999801, 54.449650000000382 ], [ 12.7830499999998, 54.449650000000382 ], [ 12.7969499999998, 54.449650000000382 ], [ 12.8108499999998, 54.449650000000382 ], [ 12.824749999999799, 54.449650000000382 ], [ 12.838649999999799, 54.449650000000382 ], [ 12.852549999999798, 54.449650000000382 ], [ 12.866449999999798, 54.449650000000382 ], [ 12.880349999999797, 54.449650000000382 ], [ 12.894249999999797, 54.449650000000382 ], [ 12.908149999999797, 54.449650000000382 ], [ 12.922049999999796, 54.449650000000382 ], [ 12.935949999999796, 54.449650000000382 ], [ 12.949849999999795, 54.449650000000382 ], [ 12.963749999999795, 54.449650000000382 ], [ 12.963749999999795, 54.441350000000384 ], [ 12.949849999999795, 54.441350000000384 ], [ 12.935949999999796, 54.441350000000384 ], [ 12.935949999999796, 54.433050000000385 ], [ 12.922049999999796, 54.433050000000385 ], [ 12.908149999999797, 54.433050000000385 ], [ 12.908149999999797, 54.424750000000387 ], [ 12.894249999999797, 54.424750000000387 ], [ 12.880349999999797, 54.424750000000387 ], [ 12.866449999999798, 54.424750000000387 ], [ 12.852549999999798, 54.424750000000387 ], [ 12.838649999999799, 54.424750000000387 ], [ 12.824749999999799, 54.424750000000387 ], [ 12.8108499999998, 54.424750000000387 ], [ 12.7969499999998, 54.424750000000387 ], [ 12.7830499999998, 54.424750000000387 ], [ 12.769149999999801, 54.424750000000387 ], [ 12.755249999999801, 54.424750000000387 ], [ 12.741349999999802, 54.424750000000387 ], [ 12.741349999999802, 54.416450000000388 ], [ 12.727449999999802, 54.416450000000388 ], [ 12.727449999999802, 54.424750000000387 ], [ 12.713549999999803, 54.424750000000387 ], [ 12.699649999999803, 54.424750000000387 ], [ 12.699649999999803, 54.433050000000385 ], [ 12.699649999999803, 54.441350000000384 ], [ 12.685749999999803, 54.441350000000384 ], [ 12.685749999999803, 54.433050000000385 ], [ 12.671849999999804, 54.433050000000385 ], [ 12.671849999999804, 54.424750000000387 ], [ 12.657949999999804, 54.424750000000387 ], [ 12.644049999999805, 54.424750000000387 ], [ 12.630149999999805, 54.424750000000387 ], [ 12.616249999999805, 54.424750000000387 ], [ 12.616249999999805, 54.416450000000388 ], [ 12.602349999999806, 54.416450000000388 ], [ 12.588449999999806, 54.416450000000388 ], [ 12.588449999999806, 54.40815000000039 ], [ 12.588449999999806, 54.399850000000392 ], [ 12.574549999999807, 54.399850000000392 ], [ 12.560649999999807, 54.399850000000392 ], [ 12.560649999999807, 54.391550000000393 ], [ 12.546749999999808, 54.391550000000393 ], [ 12.532849999999808, 54.391550000000393 ], [ 12.532849999999808, 54.383250000000395 ], [ 12.518949999999808, 54.383250000000395 ], [ 12.505049999999809, 54.383250000000395 ], [ 12.505049999999809, 54.391550000000393 ], [ 12.491149999999809, 54.391550000000393 ], [ 12.47724999999981, 54.391550000000393 ], [ 12.46334999999981, 54.391550000000393 ], [ 12.449449999999811, 54.391550000000393 ], [ 12.449449999999811, 54.383250000000395 ], [ 12.435549999999811, 54.383250000000395 ], [ 12.435549999999811, 54.374950000000396 ], [ 12.435549999999811, 54.366650000000398 ], [ 12.421649999999811, 54.366650000000398 ], [ 12.421649999999811, 54.358350000000399 ], [ 12.421649999999811, 54.350050000000401 ], [ 12.407749999999812, 54.350050000000401 ], [ 12.407749999999812, 54.341750000000403 ], [ 12.407749999999812, 54.333450000000404 ], [ 12.407749999999812, 54.325150000000406 ], [ 12.393849999999812, 54.325150000000406 ], [ 12.393849999999812, 54.316850000000407 ], [ 12.379949999999813, 54.316850000000407 ], [ 12.379949999999813, 54.308550000000409 ], [ 12.379949999999813, 54.30025000000041 ], [ 12.379949999999813, 54.291950000000412 ], [ 12.393849999999812, 54.291950000000412 ], [ 12.393849999999812, 54.283650000000414 ], [ 12.379949999999813, 54.283650000000414 ], [ 12.379949999999813, 54.275350000000415 ], [ 12.393849999999812, 54.275350000000415 ], [ 12.393849999999812, 54.267050000000417 ], [ 12.407749999999812, 54.267050000000417 ], [ 12.407749999999812, 54.258750000000418 ], [ 12.421649999999811, 54.258750000000418 ], [ 12.435549999999811, 54.258750000000418 ], [ 12.449449999999811, 54.258750000000418 ], [ 12.449449999999811, 54.267050000000417 ], [ 12.435549999999811, 54.267050000000417 ], [ 12.421649999999811, 54.267050000000417 ], [ 12.421649999999811, 54.275350000000415 ], [ 12.421649999999811, 54.283650000000414 ], [ 12.421649999999811, 54.291950000000412 ], [ 12.421649999999811, 54.30025000000041 ], [ 12.435549999999811, 54.30025000000041 ], [ 12.435549999999811, 54.308550000000409 ], [ 12.449449999999811, 54.308550000000409 ], [ 12.46334999999981, 54.308550000000409 ], [ 12.46334999999981, 54.316850000000407 ], [ 12.47724999999981, 54.316850000000407 ], [ 12.47724999999981, 54.325150000000406 ], [ 12.47724999999981, 54.333450000000404 ], [ 12.47724999999981, 54.341750000000403 ], [ 12.491149999999809, 54.341750000000403 ], [ 12.505049999999809, 54.341750000000403 ], [ 12.518949999999808, 54.341750000000403 ], [ 12.518949999999808, 54.350050000000401 ], [ 12.532849999999808, 54.350050000000401 ], [ 12.532849999999808, 54.358350000000399 ], [ 12.532849999999808, 54.366650000000398 ], [ 12.532849999999808, 54.374950000000396 ], [ 12.546749999999808, 54.374950000000396 ], [ 12.546749999999808, 54.383250000000395 ], [ 12.560649999999807, 54.383250000000395 ], [ 12.574549999999807, 54.383250000000395 ], [ 12.588449999999806, 54.383250000000395 ], [ 12.588449999999806, 54.374950000000396 ], [ 12.602349999999806, 54.374950000000396 ], [ 12.602349999999806, 54.383250000000395 ], [ 12.616249999999805, 54.383250000000395 ], [ 12.630149999999805, 54.383250000000395 ], [ 12.630149999999805, 54.391550000000393 ], [ 12.644049999999805, 54.391550000000393 ], [ 12.657949999999804, 54.391550000000393 ], [ 12.657949999999804, 54.399850000000392 ], [ 12.671849999999804, 54.399850000000392 ], [ 12.671849999999804, 54.40815000000039 ], [ 12.685749999999803, 54.40815000000039 ], [ 12.685749999999803, 54.416450000000388 ], [ 12.699649999999803, 54.416450000000388 ], [ 12.713549999999803, 54.416450000000388 ], [ 12.713549999999803, 54.40815000000039 ], [ 12.727449999999802, 54.40815000000039 ], [ 12.727449999999802, 54.399850000000392 ], [ 12.727449999999802, 54.391550000000393 ], [ 12.741349999999802, 54.391550000000393 ], [ 12.755249999999801, 54.391550000000393 ], [ 12.755249999999801, 54.383250000000395 ], [ 12.769149999999801, 54.383250000000395 ], [ 12.769149999999801, 54.391550000000393 ], [ 12.769149999999801, 54.399850000000392 ], [ 12.7830499999998, 54.399850000000392 ], [ 12.7969499999998, 54.399850000000392 ], [ 12.8108499999998, 54.399850000000392 ], [ 12.8108499999998, 54.391550000000393 ], [ 12.7969499999998, 54.391550000000393 ], [ 12.7969499999998, 54.383250000000395 ], [ 12.8108499999998, 54.383250000000395 ], [ 12.8108499999998, 54.374950000000396 ], [ 12.8108499999998, 54.366650000000398 ], [ 12.8108499999998, 54.358350000000399 ], [ 12.824749999999799, 54.358350000000399 ], [ 12.838649999999799, 54.358350000000399 ], [ 12.852549999999798, 54.358350000000399 ], [ 12.852549999999798, 54.366650000000398 ], [ 12.866449999999798, 54.366650000000398 ], [ 12.866449999999798, 54.374950000000396 ], [ 12.880349999999797, 54.374950000000396 ], [ 12.880349999999797, 54.383250000000395 ], [ 12.880349999999797, 54.391550000000393 ], [ 12.894249999999797, 54.391550000000393 ], [ 12.894249999999797, 54.399850000000392 ], [ 12.894249999999797, 54.40815000000039 ], [ 12.908149999999797, 54.40815000000039 ], [ 12.908149999999797, 54.416450000000388 ], [ 12.922049999999796, 54.416450000000388 ], [ 12.922049999999796, 54.424750000000387 ], [ 12.935949999999796, 54.424750000000387 ], [ 12.949849999999795, 54.424750000000387 ], [ 12.949849999999795, 54.433050000000385 ], [ 12.963749999999795, 54.433050000000385 ], [ 12.977649999999795, 54.433050000000385 ], [ 12.991549999999794, 54.433050000000385 ], [ 12.991549999999794, 54.441350000000384 ], [ 12.977649999999795, 54.441350000000384 ], [ 12.977649999999795, 54.449650000000382 ], [ 12.977649999999795, 54.45795000000038 ], [ 12.991549999999794, 54.45795000000038 ], [ 13.005449999999794, 54.45795000000038 ], [ 13.005449999999794, 54.466250000000379 ], [ 13.019349999999793, 54.466250000000379 ], [ 13.033249999999793, 54.466250000000379 ], [ 13.047149999999792, 54.466250000000379 ], [ 13.061049999999792, 54.466250000000379 ], [ 13.061049999999792, 54.45795000000038 ], [ 13.061049999999792, 54.449650000000382 ], [ 13.047149999999792, 54.449650000000382 ], [ 13.033249999999793, 54.449650000000382 ], [ 13.033249999999793, 54.441350000000384 ], [ 13.047149999999792, 54.441350000000384 ], [ 13.047149999999792, 54.433050000000385 ], [ 13.033249999999793, 54.433050000000385 ], [ 13.033249999999793, 54.424750000000387 ], [ 13.033249999999793, 54.416450000000388 ], [ 13.033249999999793, 54.40815000000039 ], [ 13.047149999999792, 54.40815000000039 ], [ 13.047149999999792, 54.399850000000392 ], [ 13.047149999999792, 54.391550000000393 ], [ 13.061049999999792, 54.391550000000393 ], [ 13.074949999999792, 54.391550000000393 ], [ 13.088849999999791, 54.391550000000393 ], [ 13.088849999999791, 54.383250000000395 ], [ 13.102749999999791, 54.383250000000395 ], [ 13.102749999999791, 54.374950000000396 ], [ 13.088849999999791, 54.374950000000396 ], [ 13.088849999999791, 54.366650000000398 ], [ 13.088849999999791, 54.358350000000399 ], [ 13.088849999999791, 54.350050000000401 ], [ 13.088849999999791, 54.341750000000403 ], [ 13.088849999999791, 54.333450000000404 ], [ 13.102749999999791, 54.333450000000404 ], [ 13.102749999999791, 54.325150000000406 ], [ 13.11664999999979, 54.325150000000406 ], [ 13.11664999999979, 54.316850000000407 ], [ 13.13054999999979, 54.316850000000407 ], [ 13.13054999999979, 54.308550000000409 ], [ 13.11664999999979, 54.308550000000409 ], [ 13.11664999999979, 54.30025000000041 ], [ 13.11664999999979, 54.291950000000412 ], [ 13.11664999999979, 54.283650000000414 ], [ 13.13054999999979, 54.283650000000414 ], [ 13.144449999999789, 54.283650000000414 ], [ 13.158349999999789, 54.283650000000414 ], [ 13.172249999999789, 54.283650000000414 ], [ 13.186149999999788, 54.283650000000414 ], [ 13.186149999999788, 54.275350000000415 ], [ 13.186149999999788, 54.267050000000417 ], [ 13.200049999999788, 54.267050000000417 ], [ 13.213949999999787, 54.267050000000417 ], [ 13.213949999999787, 54.258750000000418 ], [ 13.227849999999787, 54.258750000000418 ], [ 13.227849999999787, 54.25045000000042 ], [ 13.241749999999787, 54.25045000000042 ], [ 13.255649999999786, 54.25045000000042 ], [ 13.269549999999786, 54.25045000000042 ], [ 13.283449999999785, 54.25045000000042 ], [ 13.283449999999785, 54.242150000000422 ], [ 13.297349999999785, 54.242150000000422 ], [ 13.311249999999784, 54.242150000000422 ], [ 13.311249999999784, 54.233850000000423 ], [ 13.311249999999784, 54.225550000000425 ], [ 13.325149999999784, 54.225550000000425 ], [ 13.325149999999784, 54.217250000000426 ], [ 13.325149999999784, 54.208950000000428 ], [ 13.325149999999784, 54.200650000000429 ], [ 13.339049999999784, 54.200650000000429 ], [ 13.339049999999784, 54.192350000000431 ], [ 13.352949999999783, 54.192350000000431 ], [ 13.352949999999783, 54.184050000000433 ], [ 13.339049999999784, 54.184050000000433 ], [ 13.339049999999784, 54.175750000000434 ], [ 13.352949999999783, 54.175750000000434 ], [ 13.366849999999783, 54.175750000000434 ], [ 13.366849999999783, 54.184050000000433 ], [ 13.380749999999782, 54.184050000000433 ], [ 13.394649999999782, 54.184050000000433 ], [ 13.408549999999781, 54.184050000000433 ], [ 13.422449999999781, 54.184050000000433 ], [ 13.422449999999781, 54.175750000000434 ], [ 13.408549999999781, 54.175750000000434 ], [ 13.408549999999781, 54.167450000000436 ], [ 13.408549999999781, 54.159150000000437 ], [ 13.422449999999781, 54.159150000000437 ], [ 13.422449999999781, 54.150850000000439 ], [ 13.436349999999781, 54.150850000000439 ], [ 13.436349999999781, 54.14255000000044 ], [ 13.436349999999781, 54.134250000000442 ], [ 13.45024999999978, 54.134250000000442 ], [ 13.45024999999978, 54.125950000000444 ], [ 13.45024999999978, 54.117650000000445 ], [ 13.45024999999978, 54.109350000000447 ], [ 13.46414999999978, 54.109350000000447 ], [ 13.46414999999978, 54.101050000000448 ], [ 13.478049999999779, 54.101050000000448 ], [ 13.478049999999779, 54.09275000000045 ], [ 13.491949999999779, 54.09275000000045 ], [ 13.505849999999779, 54.09275000000045 ], [ 13.505849999999779, 54.101050000000448 ], [ 13.491949999999779, 54.101050000000448 ], [ 13.491949999999779, 54.109350000000447 ], [ 13.491949999999779, 54.117650000000445 ], [ 13.491949999999779, 54.125950000000444 ], [ 13.491949999999779, 54.134250000000442 ], [ 13.505849999999779, 54.134250000000442 ], [ 13.519749999999778, 54.134250000000442 ], [ 13.533649999999778, 54.134250000000442 ], [ 13.533649999999778, 54.14255000000044 ], [ 13.547549999999777, 54.14255000000044 ], [ 13.547549999999777, 54.134250000000442 ], [ 13.561449999999777, 54.134250000000442 ], [ 13.575349999999776, 54.134250000000442 ], [ 13.589249999999776, 54.134250000000442 ], [ 13.589249999999776, 54.14255000000044 ], [ 13.603149999999776, 54.14255000000044 ], [ 13.617049999999775, 54.14255000000044 ], [ 13.630949999999775, 54.14255000000044 ], [ 13.630949999999775, 54.150850000000439 ], [ 13.644849999999774, 54.150850000000439 ], [ 13.644849999999774, 54.159150000000437 ], [ 13.658749999999774, 54.159150000000437 ], [ 13.658749999999774, 54.167450000000436 ], [ 13.672649999999773, 54.167450000000436 ], [ 13.672649999999773, 54.175750000000434 ], [ 13.686549999999773, 54.175750000000434 ], [ 13.700449999999773, 54.175750000000434 ], [ 13.714349999999772, 54.175750000000434 ], [ 13.728249999999772, 54.175750000000434 ], [ 13.728249999999772, 54.167450000000436 ], [ 13.714349999999772, 54.167450000000436 ], [ 13.714349999999772, 54.159150000000437 ], [ 13.728249999999772, 54.159150000000437 ], [ 13.728249999999772, 54.150850000000439 ], [ 13.742149999999771, 54.150850000000439 ], [ 13.742149999999771, 54.14255000000044 ], [ 13.756049999999771, 54.14255000000044 ], [ 13.756049999999771, 54.134250000000442 ], [ 13.756049999999771, 54.125950000000444 ], [ 13.769949999999771, 54.125950000000444 ], [ 13.769949999999771, 54.117650000000445 ], [ 13.78384999999977, 54.117650000000445 ], [ 13.78384999999977, 54.109350000000447 ], [ 13.79774999999977, 54.109350000000447 ], [ 13.79774999999977, 54.101050000000448 ], [ 13.79774999999977, 54.09275000000045 ], [ 13.79774999999977, 54.084450000000452 ], [ 13.79774999999977, 54.076150000000453 ], [ 13.79774999999977, 54.067850000000455 ], [ 13.78384999999977, 54.067850000000455 ], [ 13.78384999999977, 54.059550000000456 ], [ 13.78384999999977, 54.051250000000458 ], [ 13.769949999999771, 54.051250000000458 ], [ 13.769949999999771, 54.042950000000459 ], [ 13.756049999999771, 54.042950000000459 ], [ 13.756049999999771, 54.034650000000461 ], [ 13.769949999999771, 54.034650000000461 ], [ 13.769949999999771, 54.026350000000463 ], [ 13.769949999999771, 54.018050000000464 ], [ 13.78384999999977, 54.018050000000464 ], [ 13.78384999999977, 54.009750000000466 ], [ 13.79774999999977, 54.009750000000466 ], [ 13.811649999999769, 54.009750000000466 ], [ 13.811649999999769, 54.001450000000467 ], [ 13.825549999999769, 54.001450000000467 ], [ 13.839449999999768, 54.001450000000467 ], [ 13.839449999999768, 53.993150000000469 ], [ 13.839449999999768, 53.984850000000471 ], [ 13.853349999999768, 53.984850000000471 ], [ 13.853349999999768, 53.976550000000472 ], [ 13.867249999999768, 53.976550000000472 ], [ 13.867249999999768, 53.968250000000474 ], [ 13.881149999999767, 53.968250000000474 ], [ 13.881149999999767, 53.959950000000475 ], [ 13.895049999999767, 53.959950000000475 ], [ 13.895049999999767, 53.951650000000477 ], [ 13.908949999999766, 53.951650000000477 ], [ 13.908949999999766, 53.943350000000478 ], [ 13.922849999999766, 53.943350000000478 ], [ 13.922849999999766, 53.93505000000048 ], [ 13.922849999999766, 53.926750000000482 ], [ 13.908949999999766, 53.926750000000482 ], [ 13.908949999999766, 53.918450000000483 ], [ 13.895049999999767, 53.918450000000483 ], [ 13.881149999999767, 53.918450000000483 ], [ 13.881149999999767, 53.910150000000485 ], [ 13.867249999999768, 53.910150000000485 ], [ 13.867249999999768, 53.901850000000486 ], [ 13.853349999999768, 53.901850000000486 ], [ 13.853349999999768, 53.893550000000488 ], [ 13.839449999999768, 53.893550000000488 ], [ 13.839449999999768, 53.885250000000489 ], [ 13.839449999999768, 53.876950000000491 ], [ 13.825549999999769, 53.876950000000491 ], [ 13.825549999999769, 53.868650000000493 ], [ 13.825549999999769, 53.860350000000494 ], [ 13.825549999999769, 53.852050000000496 ], [ 13.839449999999768, 53.852050000000496 ], [ 13.853349999999768, 53.852050000000496 ], [ 13.853349999999768, 53.843750000000497 ], [ 13.867249999999768, 53.843750000000497 ], [ 13.867249999999768, 53.835450000000499 ], [ 13.881149999999767, 53.835450000000499 ], [ 13.881149999999767, 53.827150000000501 ], [ 13.895049999999767, 53.827150000000501 ], [ 13.895049999999767, 53.818850000000502 ], [ 13.908949999999766, 53.818850000000502 ], [ 13.908949999999766, 53.810550000000504 ], [ 13.922849999999766, 53.810550000000504 ], [ 13.936749999999765, 53.810550000000504 ], [ 13.936749999999765, 53.802250000000505 ], [ 13.950649999999765, 53.802250000000505 ], [ 13.950649999999765, 53.793950000000507 ], [ 13.964549999999765, 53.793950000000507 ], [ 13.964549999999765, 53.785650000000508 ], [ 13.978449999999764, 53.785650000000508 ], [ 13.992349999999764, 53.785650000000508 ], [ 13.992349999999764, 53.77735000000051 ], [ 14.006249999999763, 53.77735000000051 ], [ 14.020149999999763, 53.77735000000051 ], [ 14.034049999999763, 53.77735000000051 ], [ 14.034049999999763, 53.769050000000512 ], [ 14.047949999999762, 53.769050000000512 ], [ 14.061849999999762, 53.769050000000512 ], [ 14.061849999999762, 53.760750000000513 ], [ 14.075749999999761, 53.760750000000513 ], [ 14.075749999999761, 53.752450000000515 ], [ 14.089649999999761, 53.752450000000515 ], [ 14.10354999999976, 53.752450000000515 ], [ 14.11744999999976, 53.752450000000515 ], [ 14.11744999999976, 53.744150000000516 ], [ 14.13134999999976, 53.744150000000516 ], [ 14.145249999999759, 53.744150000000516 ], [ 14.145249999999759, 53.752450000000515 ], [ 14.159149999999759, 53.752450000000515 ], [ 14.173049999999758, 53.752450000000515 ], [ 14.173049999999758, 53.744150000000516 ], [ 14.186949999999758, 53.744150000000516 ], [ 14.200849999999758, 53.744150000000516 ], [ 14.200849999999758, 53.752450000000515 ], [ 14.214749999999757, 53.752450000000515 ], [ 14.214749999999757, 53.760750000000513 ], [ 14.228649999999757, 53.760750000000513 ], [ 14.228649999999757, 53.769050000000512 ], [ 14.242549999999756, 53.769050000000512 ], [ 14.256449999999756, 53.769050000000512 ], [ 14.270349999999755, 53.769050000000512 ], [ 14.270349999999755, 53.760750000000513 ], [ 14.270349999999755, 53.752450000000515 ], [ 14.270349999999755, 53.744150000000516 ], [ 14.270349999999755, 53.735850000000518 ], [ 14.256449999999756, 53.735850000000518 ], [ 14.256449999999756, 53.72755000000052 ], [ 14.242549999999756, 53.72755000000052 ], [ 14.242549999999756, 53.719250000000521 ], [ 14.228649999999757, 53.719250000000521 ], [ 14.228649999999757, 53.710950000000523 ], [ 14.242549999999756, 53.710950000000523 ], [ 14.256449999999756, 53.710950000000523 ], [ 14.256449999999756, 53.719250000000521 ], [ 14.270349999999755, 53.719250000000521 ], [ 14.284249999999755, 53.719250000000521 ], [ 14.284249999999755, 53.710950000000523 ], [ 14.298149999999755, 53.710950000000523 ], [ 14.312049999999754, 53.710950000000523 ], [ 14.312049999999754, 53.719250000000521 ], [ 14.312049999999754, 53.72755000000052 ], [ 14.298149999999755, 53.72755000000052 ], [ 14.284249999999755, 53.72755000000052 ], [ 14.284249999999755, 53.735850000000518 ], [ 14.298149999999755, 53.735850000000518 ], [ 14.298149999999755, 53.744150000000516 ], [ 14.284249999999755, 53.744150000000516 ], [ 14.284249999999755, 53.752450000000515 ], [ 14.298149999999755, 53.752450000000515 ], [ 14.312049999999754, 53.752450000000515 ], [ 14.325949999999754, 53.752450000000515 ], [ 14.325949999999754, 53.744150000000516 ], [ 14.339849999999753, 53.744150000000516 ], [ 14.339849999999753, 53.735850000000518 ], [ 14.353749999999753, 53.735850000000518 ], [ 14.353749999999753, 53.72755000000052 ], [ 14.353749999999753, 53.719250000000521 ], [ 14.367649999999752, 53.719250000000521 ], [ 14.367649999999752, 53.710950000000523 ], [ 14.381549999999752, 53.710950000000523 ], [ 14.395449999999752, 53.710950000000523 ], [ 14.395449999999752, 53.702650000000524 ], [ 14.409349999999751, 53.702650000000524 ], [ 14.409349999999751, 53.694350000000526 ], [ 14.423249999999751, 53.694350000000526 ], [ 14.43714999999975, 53.694350000000526 ], [ 14.45104999999975, 53.694350000000526 ], [ 14.45104999999975, 53.686050000000527 ], [ 14.46494999999975, 53.686050000000527 ], [ 14.478849999999749, 53.686050000000527 ], [ 14.492749999999749, 53.686050000000527 ], [ 14.506649999999748, 53.686050000000527 ], [ 14.506649999999748, 53.677750000000529 ], [ 14.520549999999748, 53.677750000000529 ], [ 14.520549999999748, 53.669450000000531 ], [ 14.534449999999747, 53.669450000000531 ], [ 14.534449999999747, 53.661150000000532 ], [ 14.548349999999747, 53.661150000000532 ], [ 14.548349999999747, 53.652850000000534 ], [ 14.562249999999747, 53.652850000000534 ], [ 14.562249999999747, 53.644550000000535 ], [ 14.576149999999746, 53.644550000000535 ], [ 14.576149999999746, 53.636250000000537 ], [ 14.576149999999746, 53.627950000000538 ], [ 14.576149999999746, 53.61965000000054 ], [ 14.590049999999746, 53.61965000000054 ], [ 14.590049999999746, 53.627950000000538 ], [ 14.590049999999746, 53.636250000000537 ], [ 14.603949999999745, 53.636250000000537 ], [ 14.603949999999745, 53.644550000000535 ], [ 14.603949999999745, 53.652850000000534 ], [ 14.603949999999745, 53.661150000000532 ], [ 14.590049999999746, 53.661150000000532 ], [ 14.590049999999746, 53.669450000000531 ], [ 14.576149999999746, 53.669450000000531 ], [ 14.562249999999747, 53.669450000000531 ], [ 14.562249999999747, 53.677750000000529 ], [ 14.562249999999747, 53.686050000000527 ], [ 14.548349999999747, 53.686050000000527 ], [ 14.548349999999747, 53.694350000000526 ], [ 14.548349999999747, 53.702650000000524 ], [ 14.548349999999747, 53.710950000000523 ], [ 14.548349999999747, 53.719250000000521 ], [ 14.548349999999747, 53.72755000000052 ], [ 14.548349999999747, 53.735850000000518 ], [ 14.562249999999747, 53.735850000000518 ], [ 14.562249999999747, 53.744150000000516 ], [ 14.562249999999747, 53.752450000000515 ], [ 14.562249999999747, 53.760750000000513 ], [ 14.576149999999746, 53.760750000000513 ], [ 14.576149999999746, 53.769050000000512 ], [ 14.590049999999746, 53.769050000000512 ], [ 14.603949999999745, 53.769050000000512 ], [ 14.603949999999745, 53.77735000000051 ], [ 14.617849999999745, 53.77735000000051 ], [ 14.617849999999745, 53.785650000000508 ], [ 14.617849999999745, 53.793950000000507 ], [ 14.617849999999745, 53.802250000000505 ], [ 14.617849999999745, 53.810550000000504 ], [ 14.617849999999745, 53.818850000000502 ], [ 14.617849999999745, 53.827150000000501 ], [ 14.617849999999745, 53.835450000000499 ], [ 14.631749999999744, 53.835450000000499 ], [ 14.631749999999744, 53.843750000000497 ], [ 14.645649999999744, 53.843750000000497 ], [ 14.645649999999744, 53.852050000000496 ], [ 14.645649999999744, 53.860350000000494 ], [ 14.645649999999744, 53.868650000000493 ], [ 14.645649999999744, 53.876950000000491 ], [ 14.645649999999744, 53.885250000000489 ], [ 14.645649999999744, 53.893550000000488 ], [ 14.659549999999744, 53.893550000000488 ], [ 14.659549999999744, 53.901850000000486 ], [ 14.659549999999744, 53.910150000000485 ], [ 14.673449999999743, 53.910150000000485 ], [ 14.673449999999743, 53.918450000000483 ], [ 14.687349999999743, 53.918450000000483 ], [ 14.687349999999743, 53.926750000000482 ], [ 14.701249999999742, 53.926750000000482 ], [ 14.701249999999742, 53.93505000000048 ], [ 14.715149999999742, 53.93505000000048 ], [ 14.715149999999742, 53.943350000000478 ], [ 14.715149999999742, 53.951650000000477 ], [ 14.729049999999742, 53.951650000000477 ], [ 14.742949999999741, 53.951650000000477 ], [ 14.756849999999741, 53.951650000000477 ], [ 14.756849999999741, 53.943350000000478 ], [ 14.756849999999741, 53.93505000000048 ], [ 14.77074999999974, 53.93505000000048 ], [ 14.77074999999974, 53.943350000000478 ], [ 14.77074999999974, 53.951650000000477 ], [ 14.77074999999974, 53.959950000000475 ], [ 14.77074999999974, 53.968250000000474 ], [ 14.77074999999974, 53.976550000000472 ], [ 14.77074999999974, 53.984850000000471 ], [ 14.77074999999974, 53.993150000000469 ], [ 14.77074999999974, 54.001450000000467 ], [ 14.77074999999974, 54.009750000000466 ], [ 14.78464999999974, 54.009750000000466 ], [ 14.78464999999974, 54.018050000000464 ], [ 14.798549999999739, 54.018050000000464 ], [ 14.798549999999739, 54.026350000000463 ], [ 14.812449999999739, 54.026350000000463 ], [ 14.812449999999739, 54.034650000000461 ], [ 14.812449999999739, 54.042950000000459 ], [ 14.798549999999739, 54.042950000000459 ], [ 14.78464999999974, 54.042950000000459 ], [ 14.78464999999974, 54.051250000000458 ], [ 14.798549999999739, 54.051250000000458 ], [ 14.812449999999739, 54.051250000000458 ], [ 14.826349999999739, 54.051250000000458 ], [ 14.840249999999738, 54.051250000000458 ], [ 14.840249999999738, 54.059550000000456 ], [ 14.854149999999738, 54.059550000000456 ], [ 14.868049999999737, 54.059550000000456 ], [ 14.881949999999737, 54.059550000000456 ], [ 14.895849999999736, 54.059550000000456 ], [ 14.909749999999736, 54.059550000000456 ], [ 14.923649999999736, 54.059550000000456 ], [ 14.923649999999736, 54.067850000000455 ], [ 14.923649999999736, 54.076150000000453 ], [ 14.923649999999736, 54.084450000000452 ], [ 14.923649999999736, 54.09275000000045 ], [ 14.923649999999736, 54.101050000000448 ], [ 14.923649999999736, 54.109350000000447 ], [ 14.923649999999736, 54.117650000000445 ], [ 14.923649999999736, 54.125950000000444 ], [ 14.923649999999736, 54.134250000000442 ], [ 14.923649999999736, 54.14255000000044 ], [ 14.923649999999736, 54.150850000000439 ], [ 14.923649999999736, 54.159150000000437 ], [ 14.923649999999736, 54.167450000000436 ], [ 14.923649999999736, 54.175750000000434 ], [ 14.923649999999736, 54.184050000000433 ], [ 14.923649999999736, 54.192350000000431 ], [ 14.923649999999736, 54.200650000000429 ], [ 14.923649999999736, 54.208950000000428 ], [ 14.923649999999736, 54.217250000000426 ], [ 14.923649999999736, 54.225550000000425 ], [ 14.923649999999736, 54.233850000000423 ], [ 14.923649999999736, 54.242150000000422 ], [ 14.923649999999736, 54.25045000000042 ], [ 14.923649999999736, 54.258750000000418 ], [ 14.923649999999736, 54.267050000000417 ], [ 14.923649999999736, 54.275350000000415 ], [ 14.923649999999736, 54.283650000000414 ], [ 14.923649999999736, 54.291950000000412 ], [ 14.923649999999736, 54.30025000000041 ], [ 14.923649999999736, 54.308550000000409 ], [ 14.923649999999736, 54.316850000000407 ], [ 14.923649999999736, 54.325150000000406 ], [ 14.923649999999736, 54.333450000000404 ], [ 14.923649999999736, 54.341750000000403 ], [ 14.923649999999736, 54.350050000000401 ], [ 14.923649999999736, 54.358350000000399 ], [ 14.923649999999736, 54.366650000000398 ], [ 14.923649999999736, 54.374950000000396 ], [ 14.923649999999736, 54.383250000000395 ], [ 14.923649999999736, 54.391550000000393 ], [ 14.923649999999736, 54.399850000000392 ], [ 14.923649999999736, 54.40815000000039 ], [ 14.923649999999736, 54.416450000000388 ], [ 14.923649999999736, 54.424750000000387 ], [ 14.923649999999736, 54.433050000000385 ], [ 14.923649999999736, 54.441350000000384 ], [ 14.923649999999736, 54.449650000000382 ], [ 14.923649999999736, 54.45795000000038 ], [ 14.923649999999736, 54.466250000000379 ], [ 14.923649999999736, 54.474550000000377 ], [ 14.923649999999736, 54.482850000000376 ], [ 14.923649999999736, 54.491150000000374 ], [ 14.923649999999736, 54.499450000000373 ], [ 14.923649999999736, 54.507750000000371 ], [ 14.923649999999736, 54.516050000000369 ], [ 14.923649999999736, 54.524350000000368 ], [ 14.923649999999736, 54.532650000000366 ], [ 14.923649999999736, 54.540950000000365 ], [ 14.923649999999736, 54.549250000000363 ], [ 14.923649999999736, 54.557550000000361 ], [ 14.923649999999736, 54.56585000000036 ], [ 14.923649999999736, 54.574150000000358 ], [ 14.923649999999736, 54.582450000000357 ], [ 14.923649999999736, 54.590750000000355 ], [ 14.923649999999736, 54.599050000000354 ], [ 14.923649999999736, 54.607350000000352 ], [ 14.923649999999736, 54.61565000000035 ], [ 14.923649999999736, 54.623950000000349 ], [ 14.923649999999736, 54.632250000000347 ], [ 14.923649999999736, 54.640550000000346 ], [ 14.923649999999736, 54.648850000000344 ], [ 14.923649999999736, 54.657150000000343 ], [ 14.923649999999736, 54.665450000000341 ], [ 14.923649999999736, 54.673750000000339 ], [ 14.923649999999736, 54.682050000000338 ], [ 14.923649999999736, 54.690350000000336 ], [ 14.923649999999736, 54.698650000000335 ], [ 14.923649999999736, 54.706950000000333 ], [ 14.923649999999736, 54.715250000000331 ], [ 14.923649999999736, 54.72355000000033 ], [ 14.923649999999736, 54.731850000000328 ], [ 14.923649999999736, 54.740150000000327 ], [ 14.923649999999736, 54.748450000000325 ], [ 14.923649999999736, 54.756750000000324 ], [ 14.923649999999736, 54.765050000000322 ], [ 14.923649999999736, 54.77335000000032 ], [ 14.923649999999736, 54.781650000000319 ], [ 14.923649999999736, 54.789950000000317 ], [ 14.923649999999736, 54.798250000000316 ], [ 14.923649999999736, 54.806550000000314 ], [ 14.923649999999736, 54.814850000000312 ], [ 14.923649999999736, 54.823150000000311 ], [ 14.923649999999736, 54.831450000000309 ], [ 14.923649999999736, 54.839750000000308 ], [ 14.923649999999736, 54.848050000000306 ], [ 14.923649999999736, 54.856350000000305 ], [ 14.923649999999736, 54.864650000000303 ], [ 14.923649999999736, 54.872950000000301 ], [ 14.923649999999736, 54.8812500000003 ], [ 14.923649999999736, 54.889550000000298 ], [ 14.923649999999736, 54.897850000000297 ], [ 14.923649999999736, 54.906150000000295 ], [ 14.923649999999736, 54.914450000000294 ], [ 14.923649999999736, 54.922750000000292 ], [ 14.923649999999736, 54.93105000000029 ], [ 14.923649999999736, 54.939350000000289 ], [ 14.923649999999736, 54.947650000000287 ], [ 14.923649999999736, 54.955950000000286 ], [ 14.923649999999736, 54.964250000000284 ], [ 14.923649999999736, 54.972550000000282 ], [ 14.923649999999736, 54.980850000000281 ], [ 14.923649999999736, 54.989150000000279 ], [ 14.923649999999736, 54.997450000000278 ], [ 14.923649999999736, 55.005750000000276 ], [ 14.923649999999736, 55.014050000000275 ], [ 14.923649999999736, 55.022350000000273 ], [ 14.923649999999736, 55.030650000000271 ], [ 14.923649999999736, 55.03895000000027 ], [ 14.923649999999736, 55.047250000000268 ], [ 14.923649999999736, 55.055550000000267 ], [ 14.909749999999736, 55.055550000000267 ], [ 14.895849999999736, 55.055550000000267 ], [ 14.881949999999737, 55.055550000000267 ], [ 14.868049999999737, 55.055550000000267 ], [ 14.854149999999738, 55.055550000000267 ], [ 14.840249999999738, 55.055550000000267 ], [ 14.840249999999738, 55.047250000000268 ], [ 14.826349999999739, 55.047250000000268 ], [ 14.812449999999739, 55.047250000000268 ], [ 14.812449999999739, 55.055550000000267 ], [ 14.798549999999739, 55.055550000000267 ], [ 14.798549999999739, 55.063850000000265 ], [ 14.78464999999974, 55.063850000000265 ], [ 14.77074999999974, 55.063850000000265 ], [ 14.77074999999974, 55.072150000000264 ], [ 14.756849999999741, 55.072150000000264 ], [ 14.742949999999741, 55.072150000000264 ], [ 14.742949999999741, 55.080450000000262 ], [ 14.742949999999741, 55.08875000000026 ], [ 14.729049999999742, 55.08875000000026 ], [ 14.715149999999742, 55.08875000000026 ], [ 14.715149999999742, 55.097050000000259 ], [ 14.701249999999742, 55.097050000000259 ], [ 14.687349999999743, 55.097050000000259 ], [ 14.687349999999743, 55.105350000000257 ], [ 14.701249999999742, 55.105350000000257 ], [ 14.701249999999742, 55.113650000000256 ], [ 14.715149999999742, 55.113650000000256 ], [ 14.715149999999742, 55.121950000000254 ], [ 14.715149999999742, 55.130250000000252 ], [ 14.715149999999742, 55.138550000000251 ], [ 14.715149999999742, 55.146850000000249 ], [ 14.715149999999742, 55.155150000000248 ], [ 14.715149999999742, 55.163450000000246 ], [ 14.715149999999742, 55.171750000000245 ], [ 14.715149999999742, 55.180050000000243 ], [ 14.715149999999742, 55.188350000000241 ], [ 14.715149999999742, 55.19665000000024 ], [ 14.715149999999742, 55.204950000000238 ], [ 14.715149999999742, 55.213250000000237 ], [ 14.715149999999742, 55.221550000000235 ], [ 14.729049999999742, 55.221550000000235 ], [ 14.729049999999742, 55.229850000000233 ], [ 14.729049999999742, 55.238150000000232 ], [ 14.729049999999742, 55.24645000000023 ], [ 14.742949999999741, 55.24645000000023 ], [ 14.742949999999741, 55.254750000000229 ], [ 14.756849999999741, 55.254750000000229 ], [ 14.756849999999741, 55.263050000000227 ], [ 14.756849999999741, 55.271350000000226 ], [ 14.77074999999974, 55.271350000000226 ], [ 14.77074999999974, 55.279650000000224 ], [ 14.77074999999974, 55.287950000000222 ], [ 14.77074999999974, 55.296250000000221 ], [ 14.78464999999974, 55.296250000000221 ], [ 14.798549999999739, 55.296250000000221 ], [ 14.798549999999739, 55.287950000000222 ], [ 14.812449999999739, 55.287950000000222 ], [ 14.812449999999739, 55.279650000000224 ], [ 14.812449999999739, 55.271350000000226 ], [ 14.826349999999739, 55.271350000000226 ], [ 14.840249999999738, 55.271350000000226 ], [ 14.840249999999738, 55.263050000000227 ], [ 14.840249999999738, 55.254750000000229 ], [ 14.854149999999738, 55.254750000000229 ], [ 14.868049999999737, 55.254750000000229 ], [ 14.881949999999737, 55.254750000000229 ], [ 14.895849999999736, 55.254750000000229 ], [ 14.909749999999736, 55.254750000000229 ], [ 14.923649999999736, 55.254750000000229 ], [ 14.923649999999736, 55.263050000000227 ], [ 14.923649999999736, 55.271350000000226 ], [ 14.923649999999736, 55.279650000000224 ], [ 14.923649999999736, 55.287950000000222 ], [ 14.923649999999736, 55.296250000000221 ], [ 14.923649999999736, 55.304550000000219 ], [ 14.923649999999736, 55.312850000000218 ], [ 14.923649999999736, 55.321150000000216 ], [ 14.923649999999736, 55.329450000000215 ], [ 14.923649999999736, 55.337750000000213 ], [ 14.923649999999736, 55.346050000000211 ], [ 14.923649999999736, 55.35435000000021 ], [ 14.923649999999736, 55.362650000000208 ], [ 14.923649999999736, 55.370950000000207 ], [ 14.923649999999736, 55.379250000000205 ], [ 14.923649999999736, 55.387550000000203 ], [ 14.923649999999736, 55.395850000000202 ], [ 14.923649999999736, 55.4041500000002 ], [ 14.923649999999736, 55.412450000000199 ], [ 14.923649999999736, 55.420750000000197 ], [ 14.923649999999736, 55.429050000000196 ], [ 14.923649999999736, 55.437350000000194 ], [ 14.923649999999736, 55.445650000000192 ], [ 14.923649999999736, 55.453950000000191 ], [ 14.923649999999736, 55.462250000000189 ], [ 14.923649999999736, 55.470550000000188 ], [ 14.923649999999736, 55.478850000000186 ], [ 14.923649999999736, 55.487150000000184 ], [ 14.923649999999736, 55.495450000000183 ], [ 14.923649999999736, 55.503750000000181 ], [ 14.923649999999736, 55.51205000000018 ], [ 14.923649999999736, 55.520350000000178 ], [ 14.923649999999736, 55.528650000000177 ], [ 14.923649999999736, 55.536950000000175 ], [ 14.923649999999736, 55.545250000000173 ], [ 14.923649999999736, 55.553550000000172 ], [ 14.923649999999736, 55.56185000000017 ], [ 14.923649999999736, 55.570150000000169 ], [ 14.923649999999736, 55.578450000000167 ], [ 14.923649999999736, 55.586750000000166 ], [ 14.923649999999736, 55.595050000000164 ], [ 14.923649999999736, 55.603350000000162 ], [ 14.923649999999736, 55.611650000000161 ], [ 14.923649999999736, 55.619950000000159 ], [ 14.923649999999736, 55.628250000000158 ], [ 14.923649999999736, 55.636550000000156 ], [ 14.923649999999736, 55.644850000000154 ], [ 14.923649999999736, 55.653150000000153 ], [ 14.923649999999736, 55.661450000000151 ], [ 14.923649999999736, 55.66975000000015 ], [ 14.923649999999736, 55.678050000000148 ], [ 14.923649999999736, 55.686350000000147 ], [ 14.923649999999736, 55.694650000000145 ], [ 14.923649999999736, 55.702950000000143 ], [ 14.923649999999736, 55.711250000000142 ], [ 14.923649999999736, 55.71955000000014 ], [ 14.923649999999736, 55.727850000000139 ], [ 14.923649999999736, 55.736150000000137 ], [ 14.923649999999736, 55.744450000000136 ], [ 14.923649999999736, 55.752750000000134 ], [ 14.923649999999736, 55.761050000000132 ], [ 14.923649999999736, 55.769350000000131 ], [ 14.923649999999736, 55.777650000000129 ], [ 14.923649999999736, 55.785950000000128 ], [ 14.923649999999736, 55.794250000000126 ], [ 14.923649999999736, 55.802550000000124 ], [ 14.923649999999736, 55.810850000000123 ], [ 14.923649999999736, 55.819150000000121 ], [ 14.923649999999736, 55.82745000000012 ], [ 14.923649999999736, 55.835750000000118 ], [ 14.923649999999736, 55.844050000000117 ], [ 14.923649999999736, 55.852350000000115 ], [ 14.923649999999736, 55.860650000000113 ], [ 14.923649999999736, 55.868950000000112 ], [ 14.923649999999736, 55.87725000000011 ], [ 14.923649999999736, 55.885550000000109 ], [ 14.923649999999736, 55.893850000000107 ], [ 14.923649999999736, 55.902150000000105 ], [ 14.923649999999736, 55.910450000000104 ], [ 14.923649999999736, 55.918750000000102 ], [ 14.923649999999736, 55.927050000000101 ], [ 14.923649999999736, 55.93535 ], [ 14.923649999999736, 55.94365 ], [ 14.923649999999736, 55.95195 ], [ 14.923649999999736, 55.96025 ], [ 14.923649999999736, 55.96855 ], [ 14.923649999999736, 55.97685 ], [ 14.923649999999736, 55.98515 ], [ 14.923649999999736, 55.99345 ], [ 14.923649999999736, 56.00175 ], [ 14.923649999999736, 56.01005 ], [ 14.923649999999736, 56.01835 ], [ 14.923649999999736, 56.02665 ], [ 14.923649999999736, 56.03495 ], [ 14.923649999999736, 56.04325 ], [ 14.923649999999736, 56.05155 ], [ 14.923649999999736, 56.05985 ], [ 14.923649999999736, 56.06815 ], [ 14.923649999999736, 56.07645 ], [ 14.923649999999736, 56.08475 ], [ 14.923649999999736, 56.09305 ], [ 14.923649999999736, 56.10135 ], [ 14.923649999999736, 56.10965 ], [ 14.923649999999736, 56.11795 ], [ 14.923649999999736, 56.12625 ], [ 14.923649999999736, 56.13455 ], [ 14.923649999999736, 56.14285 ], [ 14.923649999999736, 56.15115 ], [ 14.909749999999736, 56.15115 ], [ 14.895849999999736, 56.15115 ], [ 14.881949999999737, 56.15115 ], [ 14.868049999999737, 56.15115 ], [ 14.854149999999738, 56.15115 ], [ 14.840249999999738, 56.15115 ], [ 14.840249999999738, 56.15945 ], [ 14.826349999999739, 56.15945 ], [ 14.812449999999739, 56.15945 ], [ 14.798549999999739, 56.15945 ], [ 14.78464999999974, 56.15945 ], [ 14.77074999999974, 56.15945 ], [ 14.756849999999741, 56.15945 ], [ 14.742949999999741, 56.15945 ], [ 14.729049999999742, 56.15945 ], [ 14.715149999999742, 56.15945 ], [ 14.701249999999742, 56.15945 ], [ 14.701249999999742, 56.15115 ], [ 14.687349999999743, 56.15115 ], [ 14.687349999999743, 56.14285 ], [ 14.687349999999743, 56.13455 ], [ 14.687349999999743, 56.12625 ], [ 14.701249999999742, 56.12625 ], [ 14.701249999999742, 56.11795 ], [ 14.715149999999742, 56.11795 ], [ 14.715149999999742, 56.10965 ], [ 14.729049999999742, 56.10965 ], [ 14.729049999999742, 56.10135 ], [ 14.729049999999742, 56.09305 ], [ 14.742949999999741, 56.09305 ], [ 14.742949999999741, 56.08475 ], [ 14.729049999999742, 56.08475 ], [ 14.729049999999742, 56.07645 ], [ 14.729049999999742, 56.06815 ], [ 14.742949999999741, 56.06815 ], [ 14.742949999999741, 56.05985 ], [ 14.756849999999741, 56.05985 ], [ 14.756849999999741, 56.05155 ], [ 14.77074999999974, 56.05155 ], [ 14.78464999999974, 56.05155 ], [ 14.78464999999974, 56.04325 ], [ 14.78464999999974, 56.03495 ], [ 14.78464999999974, 56.02665 ], [ 14.78464999999974, 56.01835 ], [ 14.77074999999974, 56.01835 ], [ 14.77074999999974, 56.01005 ], [ 14.756849999999741, 56.01005 ], [ 14.756849999999741, 56.00175 ], [ 14.742949999999741, 56.00175 ], [ 14.729049999999742, 56.00175 ], [ 14.715149999999742, 56.00175 ], [ 14.701249999999742, 56.00175 ], [ 14.687349999999743, 56.00175 ], [ 14.673449999999743, 56.00175 ], [ 14.659549999999744, 56.00175 ], [ 14.645649999999744, 56.00175 ], [ 14.631749999999744, 56.00175 ], [ 14.631749999999744, 56.01005 ], [ 14.617849999999745, 56.01005 ], [ 14.617849999999745, 56.01835 ], [ 14.617849999999745, 56.02665 ], [ 14.603949999999745, 56.02665 ], [ 14.603949999999745, 56.03495 ], [ 14.603949999999745, 56.04325 ], [ 14.590049999999746, 56.04325 ], [ 14.590049999999746, 56.03495 ], [ 14.576149999999746, 56.03495 ], [ 14.562249999999747, 56.03495 ], [ 14.562249999999747, 56.04325 ], [ 14.562249999999747, 56.05155 ], [ 14.562249999999747, 56.05985 ], [ 14.548349999999747, 56.05985 ], [ 14.548349999999747, 56.05155 ], [ 14.534449999999747, 56.05155 ], [ 14.534449999999747, 56.04325 ], [ 14.520549999999748, 56.04325 ], [ 14.520549999999748, 56.03495 ], [ 14.506649999999748, 56.03495 ], [ 14.492749999999749, 56.03495 ], [ 14.478849999999749, 56.03495 ], [ 14.478849999999749, 56.02665 ], [ 14.478849999999749, 56.01835 ], [ 14.478849999999749, 56.01005 ], [ 14.46494999999975, 56.01005 ], [ 14.46494999999975, 56.00175 ], [ 14.45104999999975, 56.00175 ], [ 14.45104999999975, 55.99345 ], [ 14.43714999999975, 55.99345 ], [ 14.43714999999975, 55.98515 ], [ 14.423249999999751, 55.98515 ], [ 14.423249999999751, 55.97685 ], [ 14.423249999999751, 55.96855 ], [ 14.409349999999751, 55.96855 ], [ 14.395449999999752, 55.96855 ], [ 14.381549999999752, 55.96855 ], [ 14.381549999999752, 55.96025 ], [ 14.367649999999752, 55.96025 ], [ 14.353749999999753, 55.96025 ], [ 14.353749999999753, 55.95195 ], [ 14.339849999999753, 55.95195 ], [ 14.339849999999753, 55.94365 ], [ 14.339849999999753, 55.93535 ], [ 14.339849999999753, 55.927050000000101 ], [ 14.339849999999753, 55.918750000000102 ], [ 14.325949999999754, 55.918750000000102 ], [ 14.325949999999754, 55.910450000000104 ], [ 14.312049999999754, 55.910450000000104 ], [ 14.312049999999754, 55.902150000000105 ], [ 14.298149999999755, 55.902150000000105 ], [ 14.298149999999755, 55.893850000000107 ], [ 14.284249999999755, 55.893850000000107 ], [ 14.284249999999755, 55.885550000000109 ], [ 14.270349999999755, 55.885550000000109 ], [ 14.270349999999755, 55.87725000000011 ], [ 14.256449999999756, 55.87725000000011 ], [ 14.256449999999756, 55.868950000000112 ], [ 14.256449999999756, 55.860650000000113 ], [ 14.242549999999756, 55.860650000000113 ], [ 14.242549999999756, 55.852350000000115 ], [ 14.242549999999756, 55.844050000000117 ], [ 14.228649999999757, 55.844050000000117 ], [ 14.228649999999757, 55.835750000000118 ], [ 14.228649999999757, 55.82745000000012 ], [ 14.228649999999757, 55.819150000000121 ], [ 14.214749999999757, 55.819150000000121 ], [ 14.214749999999757, 55.810850000000123 ], [ 14.214749999999757, 55.802550000000124 ], [ 14.214749999999757, 55.794250000000126 ], [ 14.214749999999757, 55.785950000000128 ], [ 14.200849999999758, 55.785950000000128 ], [ 14.200849999999758, 55.777650000000129 ], [ 14.200849999999758, 55.769350000000131 ], [ 14.200849999999758, 55.761050000000132 ], [ 14.200849999999758, 55.752750000000134 ], [ 14.200849999999758, 55.744450000000136 ], [ 14.200849999999758, 55.736150000000137 ], [ 14.200849999999758, 55.727850000000139 ], [ 14.214749999999757, 55.727850000000139 ], [ 14.214749999999757, 55.71955000000014 ], [ 14.214749999999757, 55.711250000000142 ], [ 14.228649999999757, 55.711250000000142 ], [ 14.228649999999757, 55.702950000000143 ], [ 14.214749999999757, 55.702950000000143 ], [ 14.214749999999757, 55.694650000000145 ], [ 14.228649999999757, 55.694650000000145 ], [ 14.228649999999757, 55.686350000000147 ], [ 14.242549999999756, 55.686350000000147 ], [ 14.256449999999756, 55.686350000000147 ], [ 14.256449999999756, 55.678050000000148 ], [ 14.270349999999755, 55.678050000000148 ], [ 14.284249999999755, 55.678050000000148 ], [ 14.284249999999755, 55.66975000000015 ], [ 14.284249999999755, 55.661450000000151 ], [ 14.284249999999755, 55.653150000000153 ], [ 14.284249999999755, 55.644850000000154 ], [ 14.284249999999755, 55.636550000000156 ], [ 14.298149999999755, 55.636550000000156 ], [ 14.298149999999755, 55.628250000000158 ], [ 14.298149999999755, 55.619950000000159 ], [ 14.298149999999755, 55.611650000000161 ], [ 14.312049999999754, 55.611650000000161 ], [ 14.312049999999754, 55.603350000000162 ], [ 14.325949999999754, 55.603350000000162 ], [ 14.325949999999754, 55.595050000000164 ], [ 14.339849999999753, 55.595050000000164 ], [ 14.339849999999753, 55.586750000000166 ], [ 14.339849999999753, 55.578450000000167 ], [ 14.353749999999753, 55.578450000000167 ], [ 14.353749999999753, 55.570150000000169 ], [ 14.367649999999752, 55.570150000000169 ], [ 14.367649999999752, 55.56185000000017 ], [ 14.367649999999752, 55.553550000000172 ], [ 14.367649999999752, 55.545250000000173 ], [ 14.367649999999752, 55.536950000000175 ], [ 14.367649999999752, 55.528650000000177 ], [ 14.367649999999752, 55.520350000000178 ], [ 14.353749999999753, 55.520350000000178 ], [ 14.353749999999753, 55.51205000000018 ], [ 14.353749999999753, 55.503750000000181 ], [ 14.339849999999753, 55.503750000000181 ], [ 14.339849999999753, 55.495450000000183 ], [ 14.339849999999753, 55.487150000000184 ], [ 14.325949999999754, 55.487150000000184 ], [ 14.325949999999754, 55.478850000000186 ], [ 14.312049999999754, 55.478850000000186 ], [ 14.312049999999754, 55.470550000000188 ], [ 14.298149999999755, 55.470550000000188 ], [ 14.298149999999755, 55.462250000000189 ], [ 14.284249999999755, 55.462250000000189 ], [ 14.284249999999755, 55.453950000000191 ], [ 14.270349999999755, 55.453950000000191 ], [ 14.270349999999755, 55.445650000000192 ], [ 14.256449999999756, 55.445650000000192 ], [ 14.256449999999756, 55.437350000000194 ], [ 14.242549999999756, 55.437350000000194 ], [ 14.242549999999756, 55.429050000000196 ], [ 14.242549999999756, 55.420750000000197 ], [ 14.242549999999756, 55.412450000000199 ], [ 14.228649999999757, 55.412450000000199 ], [ 14.228649999999757, 55.4041500000002 ], [ 14.228649999999757, 55.395850000000202 ], [ 14.214749999999757, 55.395850000000202 ], [ 14.214749999999757, 55.387550000000203 ], [ 14.200849999999758, 55.387550000000203 ], [ 14.200849999999758, 55.379250000000205 ], [ 14.186949999999758, 55.379250000000205 ], [ 14.173049999999758, 55.379250000000205 ], [ 14.159149999999759, 55.379250000000205 ], [ 14.145249999999759, 55.379250000000205 ], [ 14.13134999999976, 55.379250000000205 ], [ 14.13134999999976, 55.387550000000203 ], [ 14.11744999999976, 55.387550000000203 ], [ 14.10354999999976, 55.387550000000203 ], [ 14.089649999999761, 55.387550000000203 ], [ 14.075749999999761, 55.387550000000203 ], [ 14.061849999999762, 55.387550000000203 ], [ 14.047949999999762, 55.387550000000203 ], [ 14.047949999999762, 55.395850000000202 ], [ 14.034049999999763, 55.395850000000202 ], [ 14.034049999999763, 55.4041500000002 ], [ 14.020149999999763, 55.4041500000002 ], [ 14.006249999999763, 55.4041500000002 ], [ 14.006249999999763, 55.412450000000199 ], [ 13.992349999999764, 55.412450000000199 ], [ 13.992349999999764, 55.420750000000197 ], [ 13.978449999999764, 55.420750000000197 ], [ 13.978449999999764, 55.429050000000196 ], [ 13.964549999999765, 55.429050000000196 ], [ 13.950649999999765, 55.429050000000196 ], [ 13.950649999999765, 55.437350000000194 ], [ 13.936749999999765, 55.437350000000194 ], [ 13.922849999999766, 55.437350000000194 ], [ 13.908949999999766, 55.437350000000194 ], [ 13.895049999999767, 55.437350000000194 ], [ 13.881149999999767, 55.437350000000194 ], [ 13.881149999999767, 55.429050000000196 ], [ 13.867249999999768, 55.429050000000196 ], [ 13.853349999999768, 55.429050000000196 ], [ 13.839449999999768, 55.429050000000196 ], [ 13.825549999999769, 55.429050000000196 ], [ 13.811649999999769, 55.429050000000196 ], [ 13.79774999999977, 55.429050000000196 ], [ 13.78384999999977, 55.429050000000196 ], [ 13.769949999999771, 55.429050000000196 ], [ 13.756049999999771, 55.429050000000196 ], [ 13.742149999999771, 55.429050000000196 ], [ 13.728249999999772, 55.429050000000196 ], [ 13.714349999999772, 55.429050000000196 ], [ 13.714349999999772, 55.420750000000197 ], [ 13.700449999999773, 55.420750000000197 ], [ 13.686549999999773, 55.420750000000197 ], [ 13.672649999999773, 55.420750000000197 ], [ 13.658749999999774, 55.420750000000197 ], [ 13.644849999999774, 55.420750000000197 ], [ 13.644849999999774, 55.412450000000199 ], [ 13.630949999999775, 55.412450000000199 ], [ 13.630949999999775, 55.4041500000002 ], [ 13.617049999999775, 55.4041500000002 ], [ 13.617049999999775, 55.395850000000202 ], [ 13.603149999999776, 55.395850000000202 ], [ 13.603149999999776, 55.387550000000203 ], [ 13.589249999999776, 55.387550000000203 ], [ 13.575349999999776, 55.387550000000203 ], [ 13.561449999999777, 55.387550000000203 ], [ 13.547549999999777, 55.387550000000203 ], [ 13.533649999999778, 55.387550000000203 ], [ 13.519749999999778, 55.387550000000203 ], [ 13.505849999999779, 55.387550000000203 ], [ 13.505849999999779, 55.379250000000205 ], [ 13.491949999999779, 55.379250000000205 ], [ 13.478049999999779, 55.379250000000205 ], [ 13.46414999999978, 55.379250000000205 ], [ 13.46414999999978, 55.370950000000207 ], [ 13.46414999999978, 55.362650000000208 ], [ 13.45024999999978, 55.362650000000208 ], [ 13.436349999999781, 55.362650000000208 ], [ 13.422449999999781, 55.362650000000208 ], [ 13.422449999999781, 55.35435000000021 ], [ 13.408549999999781, 55.35435000000021 ], [ 13.394649999999782, 55.35435000000021 ], [ 13.394649999999782, 55.346050000000211 ], [ 13.380749999999782, 55.346050000000211 ], [ 13.366849999999783, 55.346050000000211 ], [ 13.352949999999783, 55.346050000000211 ], [ 13.339049999999784, 55.346050000000211 ], [ 13.325149999999784, 55.346050000000211 ], [ 13.311249999999784, 55.346050000000211 ], [ 13.297349999999785, 55.346050000000211 ], [ 13.283449999999785, 55.346050000000211 ], [ 13.269549999999786, 55.346050000000211 ], [ 13.269549999999786, 55.35435000000021 ], [ 13.255649999999786, 55.35435000000021 ], [ 13.241749999999787, 55.35435000000021 ], [ 13.241749999999787, 55.362650000000208 ], [ 13.227849999999787, 55.362650000000208 ], [ 13.213949999999787, 55.362650000000208 ], [ 13.213949999999787, 55.370950000000207 ], [ 13.200049999999788, 55.370950000000207 ], [ 13.186149999999788, 55.370950000000207 ], [ 13.172249999999789, 55.370950000000207 ], [ 13.158349999999789, 55.370950000000207 ], [ 13.144449999999789, 55.370950000000207 ], [ 13.144449999999789, 55.379250000000205 ], [ 13.13054999999979, 55.379250000000205 ], [ 13.11664999999979, 55.379250000000205 ], [ 13.102749999999791, 55.379250000000205 ], [ 13.102749999999791, 55.370950000000207 ], [ 13.088849999999791, 55.370950000000207 ], [ 13.074949999999792, 55.370950000000207 ], [ 13.074949999999792, 55.379250000000205 ], [ 13.061049999999792, 55.379250000000205 ], [ 13.047149999999792, 55.379250000000205 ], [ 13.047149999999792, 55.387550000000203 ], [ 13.033249999999793, 55.387550000000203 ], [ 13.033249999999793, 55.395850000000202 ], [ 13.019349999999793, 55.395850000000202 ], [ 13.005449999999794, 55.395850000000202 ], [ 12.991549999999794, 55.395850000000202 ], [ 12.991549999999794, 55.4041500000002 ], [ 12.977649999999795, 55.4041500000002 ], [ 12.963749999999795, 55.4041500000002 ], [ 12.949849999999795, 55.4041500000002 ], [ 12.949849999999795, 55.395850000000202 ], [ 12.935949999999796, 55.395850000000202 ], [ 12.935949999999796, 55.387550000000203 ], [ 12.922049999999796, 55.387550000000203 ], [ 12.908149999999797, 55.387550000000203 ], [ 12.908149999999797, 55.395850000000202 ], [ 12.894249999999797, 55.395850000000202 ], [ 12.880349999999797, 55.395850000000202 ], [ 12.866449999999798, 55.395850000000202 ], [ 12.852549999999798, 55.395850000000202 ], [ 12.852549999999798, 55.387550000000203 ], [ 12.838649999999799, 55.387550000000203 ], [ 12.824749999999799, 55.387550000000203 ], [ 12.824749999999799, 55.395850000000202 ], [ 12.824749999999799, 55.4041500000002 ], [ 12.838649999999799, 55.4041500000002 ], [ 12.838649999999799, 55.412450000000199 ], [ 12.838649999999799, 55.420750000000197 ], [ 12.838649999999799, 55.429050000000196 ], [ 12.852549999999798, 55.429050000000196 ], [ 12.852549999999798, 55.437350000000194 ], [ 12.866449999999798, 55.437350000000194 ], [ 12.880349999999797, 55.437350000000194 ], [ 12.880349999999797, 55.429050000000196 ], [ 12.894249999999797, 55.429050000000196 ], [ 12.894249999999797, 55.420750000000197 ], [ 12.894249999999797, 55.412450000000199 ], [ 12.908149999999797, 55.412450000000199 ], [ 12.908149999999797, 55.420750000000197 ], [ 12.922049999999796, 55.420750000000197 ], [ 12.922049999999796, 55.412450000000199 ], [ 12.935949999999796, 55.412450000000199 ], [ 12.935949999999796, 55.420750000000197 ], [ 12.949849999999795, 55.420750000000197 ], [ 12.949849999999795, 55.429050000000196 ], [ 12.949849999999795, 55.437350000000194 ], [ 12.949849999999795, 55.445650000000192 ], [ 12.949849999999795, 55.453950000000191 ], [ 12.949849999999795, 55.462250000000189 ], [ 12.935949999999796, 55.462250000000189 ], [ 12.935949999999796, 55.470550000000188 ], [ 12.949849999999795, 55.470550000000188 ], [ 12.949849999999795, 55.478850000000186 ], [ 12.949849999999795, 55.487150000000184 ], [ 12.949849999999795, 55.495450000000183 ], [ 12.935949999999796, 55.495450000000183 ], [ 12.935949999999796, 55.503750000000181 ], [ 12.935949999999796, 55.51205000000018 ], [ 12.935949999999796, 55.520350000000178 ], [ 12.922049999999796, 55.520350000000178 ], [ 12.908149999999797, 55.520350000000178 ], [ 12.908149999999797, 55.528650000000177 ], [ 12.922049999999796, 55.528650000000177 ], [ 12.922049999999796, 55.536950000000175 ], [ 12.922049999999796, 55.545250000000173 ], [ 12.908149999999797, 55.545250000000173 ], [ 12.908149999999797, 55.553550000000172 ], [ 12.908149999999797, 55.56185000000017 ], [ 12.908149999999797, 55.570150000000169 ], [ 12.908149999999797, 55.578450000000167 ], [ 12.922049999999796, 55.578450000000167 ], [ 12.922049999999796, 55.586750000000166 ], [ 12.935949999999796, 55.586750000000166 ], [ 12.935949999999796, 55.595050000000164 ], [ 12.949849999999795, 55.595050000000164 ], [ 12.949849999999795, 55.603350000000162 ], [ 12.963749999999795, 55.603350000000162 ], [ 12.963749999999795, 55.611650000000161 ], [ 12.977649999999795, 55.611650000000161 ], [ 12.977649999999795, 55.619950000000159 ], [ 12.991549999999794, 55.619950000000159 ], [ 13.005449999999794, 55.619950000000159 ], [ 13.019349999999793, 55.619950000000159 ], [ 13.019349999999793, 55.628250000000158 ], [ 13.019349999999793, 55.636550000000156 ], [ 13.033249999999793, 55.636550000000156 ], [ 13.033249999999793, 55.644850000000154 ], [ 13.047149999999792, 55.644850000000154 ], [ 13.061049999999792, 55.644850000000154 ], [ 13.061049999999792, 55.653150000000153 ], [ 13.061049999999792, 55.661450000000151 ], [ 13.061049999999792, 55.66975000000015 ], [ 13.074949999999792, 55.66975000000015 ], [ 13.074949999999792, 55.678050000000148 ], [ 13.074949999999792, 55.686350000000147 ], [ 13.061049999999792, 55.686350000000147 ], [ 13.061049999999792, 55.694650000000145 ], [ 13.061049999999792, 55.702950000000143 ], [ 13.047149999999792, 55.702950000000143 ], [ 13.033249999999793, 55.702950000000143 ], [ 13.033249999999793, 55.711250000000142 ], [ 13.019349999999793, 55.711250000000142 ], [ 13.019349999999793, 55.71955000000014 ], [ 13.005449999999794, 55.71955000000014 ], [ 13.005449999999794, 55.727850000000139 ], [ 12.991549999999794, 55.727850000000139 ], [ 12.977649999999795, 55.727850000000139 ], [ 12.963749999999795, 55.727850000000139 ], [ 12.963749999999795, 55.736150000000137 ], [ 12.963749999999795, 55.744450000000136 ], [ 12.963749999999795, 55.752750000000134 ], [ 12.949849999999795, 55.752750000000134 ], [ 12.935949999999796, 55.752750000000134 ], [ 12.935949999999796, 55.744450000000136 ], [ 12.922049999999796, 55.744450000000136 ], [ 12.922049999999796, 55.752750000000134 ], [ 12.908149999999797, 55.752750000000134 ], [ 12.908149999999797, 55.761050000000132 ], [ 12.922049999999796, 55.761050000000132 ], [ 12.922049999999796, 55.769350000000131 ], [ 12.935949999999796, 55.769350000000131 ], [ 12.935949999999796, 55.777650000000129 ], [ 12.935949999999796, 55.785950000000128 ], [ 12.935949999999796, 55.794250000000126 ], [ 12.935949999999796, 55.802550000000124 ], [ 12.935949999999796, 55.810850000000123 ], [ 12.935949999999796, 55.819150000000121 ], [ 12.922049999999796, 55.819150000000121 ], [ 12.922049999999796, 55.82745000000012 ], [ 12.922049999999796, 55.835750000000118 ], [ 12.908149999999797, 55.835750000000118 ], [ 12.908149999999797, 55.844050000000117 ], [ 12.894249999999797, 55.844050000000117 ], [ 12.894249999999797, 55.852350000000115 ], [ 12.894249999999797, 55.860650000000113 ], [ 12.880349999999797, 55.860650000000113 ], [ 12.880349999999797, 55.868950000000112 ], [ 12.866449999999798, 55.868950000000112 ], [ 12.852549999999798, 55.868950000000112 ], [ 12.852549999999798, 55.860650000000113 ], [ 12.838649999999799, 55.860650000000113 ], [ 12.824749999999799, 55.860650000000113 ], [ 12.824749999999799, 55.868950000000112 ], [ 12.824749999999799, 55.87725000000011 ], [ 12.824749999999799, 55.885550000000109 ], [ 12.824749999999799, 55.893850000000107 ], [ 12.8108499999998, 55.893850000000107 ], [ 12.8108499999998, 55.902150000000105 ], [ 12.8108499999998, 55.910450000000104 ], [ 12.8108499999998, 55.918750000000102 ], [ 12.8108499999998, 55.927050000000101 ], [ 12.7969499999998, 55.927050000000101 ], [ 12.7969499999998, 55.93535 ], [ 12.7969499999998, 55.94365 ], [ 12.7830499999998, 55.94365 ], [ 12.7830499999998, 55.95195 ], [ 12.769149999999801, 55.95195 ], [ 12.769149999999801, 55.96025 ], [ 12.769149999999801, 55.96855 ], [ 12.769149999999801, 55.97685 ], [ 12.755249999999801, 55.97685 ], [ 12.755249999999801, 55.98515 ], [ 12.755249999999801, 55.99345 ], [ 12.741349999999802, 55.99345 ], [ 12.741349999999802, 56.00175 ], [ 12.727449999999802, 56.00175 ], [ 12.727449999999802, 56.01005 ], [ 12.713549999999803, 56.01005 ], [ 12.713549999999803, 56.01835 ], [ 12.713549999999803, 56.02665 ], [ 12.713549999999803, 56.03495 ], [ 12.699649999999803, 56.03495 ], [ 12.699649999999803, 56.04325 ], [ 12.699649999999803, 56.05155 ], [ 12.685749999999803, 56.05155 ], [ 12.685749999999803, 56.05985 ], [ 12.685749999999803, 56.06815 ], [ 12.671849999999804, 56.06815 ], [ 12.671849999999804, 56.07645 ], [ 12.671849999999804, 56.08475 ], [ 12.657949999999804, 56.08475 ], [ 12.657949999999804, 56.09305 ], [ 12.644049999999805, 56.09305 ], [ 12.644049999999805, 56.10135 ], [ 12.630149999999805, 56.10135 ], [ 12.630149999999805, 56.10965 ], [ 12.616249999999805, 56.10965 ], [ 12.616249999999805, 56.11795 ], [ 12.602349999999806, 56.11795 ], [ 12.602349999999806, 56.12625 ], [ 12.602349999999806, 56.13455 ], [ 12.588449999999806, 56.13455 ], [ 12.588449999999806, 56.14285 ], [ 12.574549999999807, 56.14285 ], [ 12.574549999999807, 56.15115 ], [ 12.574549999999807, 56.15945 ], [ 12.574549999999807, 56.16775 ], [ 12.560649999999807, 56.16775 ], [ 12.560649999999807, 56.17605 ], [ 12.560649999999807, 56.18435 ], [ 12.560649999999807, 56.19265 ], [ 12.560649999999807, 56.20095 ], [ 12.546749999999808, 56.20095 ], [ 12.546749999999808, 56.20925 ], [ 12.546749999999808, 56.21755 ], [ 12.546749999999808, 56.22585 ], [ 12.532849999999808, 56.22585 ], [ 12.532849999999808, 56.23415 ], [ 12.532849999999808, 56.24245 ], [ 12.532849999999808, 56.25075 ], [ 12.532849999999808, 56.25905 ], [ 12.518949999999808, 56.25905 ], [ 12.518949999999808, 56.26735 ], [ 12.518949999999808, 56.27565 ], [ 12.505049999999809, 56.27565 ], [ 12.505049999999809, 56.28395 ], [ 12.491149999999809, 56.28395 ], [ 12.491149999999809, 56.29225 ], [ 12.47724999999981, 56.29225 ], [ 12.46334999999981, 56.29225 ], [ 12.46334999999981, 56.30055 ], [ 12.47724999999981, 56.30055 ], [ 12.491149999999809, 56.30055 ], [ 12.505049999999809, 56.30055 ], [ 12.518949999999808, 56.30055 ], [ 12.532849999999808, 56.30055 ], [ 12.532849999999808, 56.29225 ], [ 12.546749999999808, 56.29225 ], [ 12.560649999999807, 56.29225 ], [ 12.560649999999807, 56.28395 ], [ 12.574549999999807, 56.28395 ], [ 12.574549999999807, 56.27565 ], [ 12.588449999999806, 56.27565 ], [ 12.602349999999806, 56.27565 ], [ 12.602349999999806, 56.26735 ], [ 12.616249999999805, 56.26735 ], [ 12.630149999999805, 56.26735 ], [ 12.644049999999805, 56.26735 ], [ 12.644049999999805, 56.25905 ], [ 12.657949999999804, 56.25905 ], [ 12.671849999999804, 56.25905 ], [ 12.671849999999804, 56.25075 ], [ 12.671849999999804, 56.24245 ], [ 12.685749999999803, 56.24245 ], [ 12.685749999999803, 56.23415 ], [ 12.699649999999803, 56.23415 ], [ 12.699649999999803, 56.22585 ], [ 12.713549999999803, 56.22585 ], [ 12.727449999999802, 56.22585 ], [ 12.727449999999802, 56.23415 ], [ 12.741349999999802, 56.23415 ], [ 12.755249999999801, 56.23415 ], [ 12.769149999999801, 56.23415 ], [ 12.769149999999801, 56.22585 ], [ 12.7830499999998, 56.22585 ], [ 12.7969499999998, 56.22585 ], [ 12.7969499999998, 56.23415 ], [ 12.8108499999998, 56.23415 ], [ 12.8108499999998, 56.24245 ], [ 12.824749999999799, 56.24245 ], [ 12.824749999999799, 56.25075 ], [ 12.838649999999799, 56.25075 ], [ 12.838649999999799, 56.25905 ], [ 12.838649999999799, 56.26735 ], [ 12.838649999999799, 56.27565 ], [ 12.838649999999799, 56.28395 ], [ 12.824749999999799, 56.28395 ], [ 12.824749999999799, 56.29225 ], [ 12.8108499999998, 56.29225 ], [ 12.7969499999998, 56.29225 ], [ 12.7969499999998, 56.30055 ], [ 12.7830499999998, 56.30055 ], [ 12.7830499999998, 56.30885 ], [ 12.769149999999801, 56.30885 ], [ 12.769149999999801, 56.31715 ], [ 12.769149999999801, 56.32545 ], [ 12.755249999999801, 56.32545 ], [ 12.755249999999801, 56.33375 ], [ 12.755249999999801, 56.34205 ], [ 12.741349999999802, 56.34205 ], [ 12.741349999999802, 56.35035 ], [ 12.741349999999802, 56.35865 ], [ 12.727449999999802, 56.35865 ], [ 12.727449999999802, 56.36695 ], [ 12.713549999999803, 56.36695 ], [ 12.699649999999803, 56.36695 ], [ 12.699649999999803, 56.37525 ], [ 12.685749999999803, 56.37525 ], [ 12.685749999999803, 56.38355 ], [ 12.671849999999804, 56.38355 ], [ 12.671849999999804, 56.39185 ], [ 12.671849999999804, 56.40015 ], [ 12.671849999999804, 56.40845 ], [ 12.671849999999804, 56.41675 ], [ 12.671849999999804, 56.42505 ], [ 12.671849999999804, 56.43335 ], [ 12.671849999999804, 56.44165 ], [ 12.671849999999804, 56.44995 ], [ 12.657949999999804, 56.44995 ], [ 12.644049999999805, 56.44995 ], [ 12.630149999999805, 56.44995 ], [ 12.616249999999805, 56.44995 ], [ 12.602349999999806, 56.44995 ], [ 12.588449999999806, 56.44995 ], [ 12.574549999999807, 56.44995 ], [ 12.560649999999807, 56.44995 ], [ 12.546749999999808, 56.44995 ], [ 12.532849999999808, 56.44995 ], [ 12.518949999999808, 56.44995 ], [ 12.505049999999809, 56.44995 ], [ 12.491149999999809, 56.44995 ], [ 12.47724999999981, 56.44995 ], [ 12.46334999999981, 56.44995 ], [ 12.449449999999811, 56.44995 ], [ 12.435549999999811, 56.44995 ], [ 12.421649999999811, 56.44995 ], [ 12.407749999999812, 56.44995 ], [ 12.393849999999812, 56.44995 ], [ 12.379949999999813, 56.44995 ], [ 12.366049999999813, 56.44995 ], [ 12.352149999999813, 56.44995 ], [ 12.338249999999814, 56.44995 ], [ 12.324349999999814, 56.44995 ], [ 12.310449999999815, 56.44995 ], [ 12.296549999999815, 56.44995 ], [ 12.282649999999816, 56.44995 ], [ 12.268749999999816, 56.44995 ], [ 12.254849999999816, 56.44995 ], [ 12.240949999999817, 56.44995 ], [ 12.227049999999817, 56.44995 ], [ 12.213149999999818, 56.44995 ], [ 12.199249999999818, 56.44995 ], [ 12.185349999999818, 56.44995 ], [ 12.171449999999819, 56.44995 ], [ 12.157549999999819, 56.44995 ], [ 12.14364999999982, 56.44995 ], [ 12.12974999999982, 56.44995 ], [ 12.115849999999821, 56.44995 ], [ 12.101949999999821, 56.44995 ], [ 12.088049999999821, 56.44995 ], [ 12.074149999999822, 56.44995 ], [ 12.060249999999822, 56.44995 ], [ 12.046349999999823, 56.44995 ], [ 12.032449999999823, 56.44995 ], [ 12.018549999999824, 56.44995 ], [ 12.004649999999824, 56.44995 ], [ 11.990749999999824, 56.44995 ], [ 11.976849999999825, 56.44995 ], [ 11.962949999999825, 56.44995 ], [ 11.949049999999826, 56.44995 ], [ 11.935149999999826, 56.44995 ], [ 11.921249999999826, 56.44995 ], [ 11.907349999999827, 56.44995 ], [ 11.893449999999827, 56.44995 ], [ 11.879549999999828, 56.44995 ], [ 11.865649999999828, 56.44995 ], [ 11.851749999999829, 56.44995 ], [ 11.837849999999829, 56.44995 ], [ 11.823949999999829, 56.44995 ], [ 11.81004999999983, 56.44995 ], [ 11.79614999999983, 56.44995 ], [ 11.782249999999831, 56.44995 ], [ 11.768349999999831, 56.44995 ], [ 11.754449999999832, 56.44995 ], [ 11.740549999999832, 56.44995 ], [ 11.726649999999832, 56.44995 ], [ 11.712749999999833, 56.44995 ], [ 11.698849999999833, 56.44995 ], [ 11.684949999999834, 56.44995 ], [ 11.671049999999834, 56.44995 ], [ 11.657149999999834, 56.44995 ], [ 11.643249999999835, 56.44995 ], [ 11.629349999999835, 56.44995 ], [ 11.615449999999836, 56.44995 ], [ 11.601549999999836, 56.44995 ], [ 11.587649999999837, 56.44995 ], [ 11.573749999999837, 56.44995 ], [ 11.559849999999837, 56.44995 ], [ 11.545949999999838, 56.44995 ], [ 11.532049999999838, 56.44995 ], [ 11.518149999999839, 56.44995 ], [ 11.504249999999839, 56.44995 ], [ 11.49034999999984, 56.44995 ], [ 11.47644999999984, 56.44995 ], [ 11.46254999999984, 56.44995 ], [ 11.448649999999841, 56.44995 ], [ 11.434749999999841, 56.44995 ], [ 11.420849999999842, 56.44995 ], [ 11.406949999999842, 56.44995 ], [ 11.393049999999842, 56.44995 ], [ 11.379149999999843, 56.44995 ], [ 11.365249999999843, 56.44995 ], [ 11.351349999999844, 56.44995 ], [ 11.337449999999844, 56.44995 ], [ 11.323549999999845, 56.44995 ], [ 11.309649999999845, 56.44995 ], [ 11.295749999999845, 56.44995 ], [ 11.281849999999846, 56.44995 ], [ 11.267949999999846, 56.44995 ], [ 11.254049999999847, 56.44995 ], [ 11.240149999999847, 56.44995 ], [ 11.226249999999848, 56.44995 ], [ 11.212349999999848, 56.44995 ], [ 11.198449999999848, 56.44995 ], [ 11.184549999999849, 56.44995 ], [ 11.170649999999849, 56.44995 ], [ 11.15674999999985, 56.44995 ], [ 11.14284999999985, 56.44995 ], [ 11.12894999999985, 56.44995 ], [ 11.115049999999851, 56.44995 ], [ 11.101149999999851, 56.44995 ], [ 11.087249999999852, 56.44995 ], [ 11.073349999999852, 56.44995 ], [ 11.059449999999853, 56.44995 ], [ 11.045549999999853, 56.44995 ], [ 11.031649999999853, 56.44995 ], [ 11.017749999999854, 56.44995 ], [ 11.003849999999854, 56.44995 ], [ 10.989949999999855, 56.44995 ], [ 10.976049999999855, 56.44995 ], [ 10.962149999999856, 56.44995 ], [ 10.948249999999856, 56.44995 ], [ 10.934349999999856, 56.44995 ], [ 10.920449999999857, 56.44995 ], [ 10.920449999999857, 56.44165 ], [ 10.920449999999857, 56.43335 ], [ 10.920449999999857, 56.42505 ], [ 10.920449999999857, 56.41675 ], [ 10.920449999999857, 56.40845 ], [ 10.920449999999857, 56.40015 ], [ 10.920449999999857, 56.39185 ], [ 10.920449999999857, 56.38355 ], [ 10.920449999999857, 56.37525 ], [ 10.920449999999857, 56.36695 ], [ 10.920449999999857, 56.35865 ], [ 10.920449999999857, 56.35035 ], [ 10.920449999999857, 56.34205 ], [ 10.906549999999857, 56.34205 ], [ 10.906549999999857, 56.33375 ], [ 10.892649999999858, 56.33375 ], [ 10.892649999999858, 56.32545 ], [ 10.892649999999858, 56.31715 ], [ 10.878749999999858, 56.31715 ], [ 10.878749999999858, 56.30885 ], [ 10.864849999999858, 56.30885 ], [ 10.864849999999858, 56.30055 ], [ 10.850949999999859, 56.30055 ], [ 10.850949999999859, 56.29225 ], [ 10.837049999999859, 56.29225 ], [ 10.837049999999859, 56.28395 ], [ 10.82314999999986, 56.28395 ], [ 10.82314999999986, 56.27565 ], [ 10.82314999999986, 56.26735 ], [ 10.82314999999986, 56.25905 ], [ 10.80924999999986, 56.25905 ], [ 10.80924999999986, 56.25075 ], [ 10.795349999999861, 56.25075 ], [ 10.781449999999861, 56.25075 ], [ 10.781449999999861, 56.24245 ], [ 10.767549999999861, 56.24245 ], [ 10.767549999999861, 56.23415 ], [ 10.753649999999862, 56.23415 ], [ 10.753649999999862, 56.22585 ], [ 10.739749999999862, 56.22585 ], [ 10.739749999999862, 56.21755 ], [ 10.739749999999862, 56.20925 ], [ 10.739749999999862, 56.20095 ], [ 10.739749999999862, 56.19265 ], [ 10.739749999999862, 56.18435 ], [ 10.739749999999862, 56.17605 ], [ 10.739749999999862, 56.16775 ], [ 10.725849999999863, 56.16775 ], [ 10.725849999999863, 56.15945 ], [ 10.725849999999863, 56.15115 ], [ 10.711949999999863, 56.15115 ], [ 10.711949999999863, 56.14285 ], [ 10.698049999999864, 56.14285 ], [ 10.684149999999864, 56.14285 ], [ 10.684149999999864, 56.15115 ], [ 10.684149999999864, 56.15945 ], [ 10.670249999999864, 56.15945 ], [ 10.670249999999864, 56.16775 ], [ 10.656349999999865, 56.16775 ], [ 10.656349999999865, 56.17605 ], [ 10.642449999999865, 56.17605 ], [ 10.642449999999865, 56.18435 ], [ 10.642449999999865, 56.19265 ], [ 10.656349999999865, 56.19265 ], [ 10.670249999999864, 56.19265 ], [ 10.670249999999864, 56.20095 ], [ 10.684149999999864, 56.20095 ], [ 10.684149999999864, 56.20925 ], [ 10.684149999999864, 56.21755 ], [ 10.670249999999864, 56.21755 ], [ 10.670249999999864, 56.22585 ], [ 10.656349999999865, 56.22585 ], [ 10.642449999999865, 56.22585 ], [ 10.628549999999866, 56.22585 ], [ 10.614649999999866, 56.22585 ], [ 10.600749999999866, 56.22585 ], [ 10.600749999999866, 56.21755 ], [ 10.586849999999867, 56.21755 ], [ 10.586849999999867, 56.20925 ], [ 10.572949999999867, 56.20925 ], [ 10.572949999999867, 56.20095 ], [ 10.559049999999868, 56.20095 ], [ 10.559049999999868, 56.19265 ], [ 10.559049999999868, 56.18435 ], [ 10.545149999999868, 56.18435 ], [ 10.545149999999868, 56.17605 ], [ 10.545149999999868, 56.16775 ], [ 10.545149999999868, 56.15945 ], [ 10.545149999999868, 56.15115 ], [ 10.559049999999868, 56.15115 ], [ 10.559049999999868, 56.14285 ], [ 10.559049999999868, 56.13455 ], [ 10.559049999999868, 56.12625 ], [ 10.559049999999868, 56.11795 ], [ 10.559049999999868, 56.10965 ], [ 10.545149999999868, 56.10965 ], [ 10.545149999999868, 56.10135 ], [ 10.531249999999869, 56.10135 ], [ 10.517349999999869, 56.10135 ], [ 10.517349999999869, 56.10965 ], [ 10.503449999999869, 56.10965 ], [ 10.503449999999869, 56.11795 ], [ 10.503449999999869, 56.12625 ], [ 10.48954999999987, 56.12625 ], [ 10.48954999999987, 56.13455 ], [ 10.48954999999987, 56.14285 ], [ 10.503449999999869, 56.14285 ], [ 10.517349999999869, 56.14285 ], [ 10.517349999999869, 56.15115 ], [ 10.531249999999869, 56.15115 ], [ 10.531249999999869, 56.15945 ], [ 10.531249999999869, 56.16775 ], [ 10.517349999999869, 56.16775 ], [ 10.517349999999869, 56.17605 ], [ 10.503449999999869, 56.17605 ], [ 10.503449999999869, 56.16775 ], [ 10.48954999999987, 56.16775 ], [ 10.48954999999987, 56.17605 ], [ 10.48954999999987, 56.18435 ], [ 10.47564999999987, 56.18435 ], [ 10.461749999999871, 56.18435 ], [ 10.447849999999871, 56.18435 ], [ 10.447849999999871, 56.17605 ], [ 10.433949999999871, 56.17605 ], [ 10.433949999999871, 56.16775 ], [ 10.420049999999872, 56.16775 ], [ 10.406149999999872, 56.16775 ], [ 10.392249999999873, 56.16775 ], [ 10.378349999999873, 56.16775 ], [ 10.378349999999873, 56.17605 ], [ 10.378349999999873, 56.18435 ], [ 10.364449999999874, 56.18435 ], [ 10.364449999999874, 56.19265 ], [ 10.350549999999874, 56.19265 ], [ 10.350549999999874, 56.20095 ], [ 10.364449999999874, 56.20095 ], [ 10.378349999999873, 56.20095 ], [ 10.378349999999873, 56.20925 ], [ 10.392249999999873, 56.20925 ], [ 10.406149999999872, 56.20925 ], [ 10.406149999999872, 56.21755 ], [ 10.420049999999872, 56.21755 ], [ 10.420049999999872, 56.22585 ], [ 10.433949999999871, 56.22585 ], [ 10.433949999999871, 56.21755 ], [ 10.433949999999871, 56.20925 ], [ 10.433949999999871, 56.20095 ], [ 10.447849999999871, 56.20095 ], [ 10.461749999999871, 56.20095 ], [ 10.47564999999987, 56.20095 ], [ 10.47564999999987, 56.20925 ], [ 10.47564999999987, 56.21755 ], [ 10.47564999999987, 56.22585 ], [ 10.461749999999871, 56.22585 ], [ 10.461749999999871, 56.23415 ], [ 10.461749999999871, 56.24245 ], [ 10.47564999999987, 56.24245 ], [ 10.47564999999987, 56.25075 ], [ 10.48954999999987, 56.25075 ], [ 10.48954999999987, 56.25905 ], [ 10.503449999999869, 56.25905 ], [ 10.503449999999869, 56.26735 ], [ 10.503449999999869, 56.27565 ], [ 10.503449999999869, 56.28395 ], [ 10.48954999999987, 56.28395 ], [ 10.48954999999987, 56.27565 ], [ 10.47564999999987, 56.27565 ], [ 10.47564999999987, 56.28395 ], [ 10.461749999999871, 56.28395 ], [ 10.461749999999871, 56.29225 ], [ 10.447849999999871, 56.29225 ], [ 10.433949999999871, 56.29225 ], [ 10.420049999999872, 56.29225 ], [ 10.406149999999872, 56.29225 ], [ 10.392249999999873, 56.29225 ], [ 10.392249999999873, 56.28395 ], [ 10.392249999999873, 56.27565 ], [ 10.378349999999873, 56.27565 ], [ 10.364449999999874, 56.27565 ], [ 10.364449999999874, 56.26735 ], [ 10.350549999999874, 56.26735 ], [ 10.350549999999874, 56.25905 ], [ 10.350549999999874, 56.25075 ], [ 10.336649999999874, 56.25075 ], [ 10.336649999999874, 56.24245 ], [ 10.336649999999874, 56.23415 ], [ 10.322749999999875, 56.23415 ], [ 10.322749999999875, 56.22585 ], [ 10.308849999999875, 56.22585 ], [ 10.308849999999875, 56.21755 ], [ 10.294949999999876, 56.21755 ], [ 10.294949999999876, 56.20925 ], [ 10.281049999999876, 56.20925 ], [ 10.281049999999876, 56.20095 ], [ 10.267149999999877, 56.20095 ], [ 10.267149999999877, 56.19265 ], [ 10.253249999999877, 56.19265 ], [ 10.253249999999877, 56.18435 ], [ 10.239349999999877, 56.18435 ], [ 10.239349999999877, 56.17605 ], [ 10.225449999999878, 56.17605 ], [ 10.225449999999878, 56.16775 ], [ 10.225449999999878, 56.15945 ], [ 10.225449999999878, 56.15115 ], [ 10.225449999999878, 56.14285 ], [ 10.225449999999878, 56.13455 ], [ 10.225449999999878, 56.12625 ], [ 10.225449999999878, 56.11795 ], [ 10.239349999999877, 56.11795 ], [ 10.239349999999877, 56.10965 ], [ 10.239349999999877, 56.10135 ], [ 10.253249999999877, 56.10135 ], [ 10.253249999999877, 56.09305 ], [ 10.253249999999877, 56.08475 ], [ 10.253249999999877, 56.07645 ], [ 10.267149999999877, 56.07645 ], [ 10.267149999999877, 56.06815 ], [ 10.267149999999877, 56.05985 ], [ 10.267149999999877, 56.05155 ], [ 10.267149999999877, 56.04325 ], [ 10.267149999999877, 56.03495 ], [ 10.281049999999876, 56.03495 ], [ 10.281049999999876, 56.02665 ], [ 10.281049999999876, 56.01835 ], [ 10.267149999999877, 56.01835 ], [ 10.267149999999877, 56.01005 ], [ 10.267149999999877, 56.00175 ], [ 10.267149999999877, 55.99345 ], [ 10.267149999999877, 55.98515 ], [ 10.267149999999877, 55.97685 ], [ 10.267149999999877, 55.96855 ], [ 10.267149999999877, 55.96025 ], [ 10.267149999999877, 55.95195 ], [ 10.267149999999877, 55.94365 ], [ 10.267149999999877, 55.93535 ], [ 10.267149999999877, 55.927050000000101 ], [ 10.267149999999877, 55.918750000000102 ], [ 10.253249999999877, 55.918750000000102 ], [ 10.253249999999877, 55.910450000000104 ], [ 10.239349999999877, 55.910450000000104 ], [ 10.239349999999877, 55.902150000000105 ], [ 10.225449999999878, 55.902150000000105 ], [ 10.225449999999878, 55.893850000000107 ], [ 10.211549999999878, 55.893850000000107 ], [ 10.211549999999878, 55.885550000000109 ], [ 10.197649999999879, 55.885550000000109 ], [ 10.197649999999879, 55.87725000000011 ], [ 10.197649999999879, 55.868950000000112 ], [ 10.211549999999878, 55.868950000000112 ], [ 10.211549999999878, 55.860650000000113 ], [ 10.197649999999879, 55.860650000000113 ], [ 10.197649999999879, 55.852350000000115 ], [ 10.197649999999879, 55.844050000000117 ], [ 10.183749999999879, 55.844050000000117 ], [ 10.169849999999879, 55.844050000000117 ], [ 10.169849999999879, 55.852350000000115 ], [ 10.15594999999988, 55.852350000000115 ], [ 10.14204999999988, 55.852350000000115 ], [ 10.14204999999988, 55.860650000000113 ], [ 10.128149999999881, 55.860650000000113 ], [ 10.114249999999881, 55.860650000000113 ], [ 10.100349999999882, 55.860650000000113 ], [ 10.100349999999882, 55.852350000000115 ], [ 10.086449999999882, 55.852350000000115 ], [ 10.072549999999882, 55.852350000000115 ], [ 10.058649999999883, 55.852350000000115 ], [ 10.058649999999883, 55.844050000000117 ], [ 10.044749999999883, 55.844050000000117 ], [ 10.044749999999883, 55.852350000000115 ], [ 10.044749999999883, 55.860650000000113 ], [ 10.044749999999883, 55.868950000000112 ], [ 10.058649999999883, 55.868950000000112 ], [ 10.058649999999883, 55.87725000000011 ], [ 10.044749999999883, 55.87725000000011 ], [ 10.030849999999884, 55.87725000000011 ], [ 10.016949999999884, 55.87725000000011 ], [ 10.016949999999884, 55.868950000000112 ], [ 10.003049999999885, 55.868950000000112 ], [ 9.989149999999885, 55.868950000000112 ], [ 9.989149999999885, 55.87725000000011 ], [ 9.975249999999885, 55.87725000000011 ], [ 9.975249999999885, 55.868950000000112 ], [ 9.975249999999885, 55.860650000000113 ], [ 9.961349999999886, 55.860650000000113 ], [ 9.947449999999886, 55.860650000000113 ], [ 9.933549999999887, 55.860650000000113 ], [ 9.919649999999887, 55.860650000000113 ], [ 9.919649999999887, 55.868950000000112 ], [ 9.905749999999887, 55.868950000000112 ], [ 9.891849999999888, 55.868950000000112 ], [ 9.891849999999888, 55.860650000000113 ], [ 9.877949999999888, 55.860650000000113 ], [ 9.864049999999889, 55.860650000000113 ], [ 9.864049999999889, 55.852350000000115 ], [ 9.877949999999888, 55.852350000000115 ], [ 9.891849999999888, 55.852350000000115 ], [ 9.891849999999888, 55.844050000000117 ], [ 9.905749999999887, 55.844050000000117 ], [ 9.919649999999887, 55.844050000000117 ], [ 9.933549999999887, 55.844050000000117 ], [ 9.933549999999887, 55.835750000000118 ], [ 9.947449999999886, 55.835750000000118 ], [ 9.961349999999886, 55.835750000000118 ], [ 9.975249999999885, 55.835750000000118 ], [ 9.989149999999885, 55.835750000000118 ], [ 9.989149999999885, 55.82745000000012 ], [ 10.003049999999885, 55.82745000000012 ], [ 10.003049999999885, 55.835750000000118 ], [ 10.016949999999884, 55.835750000000118 ], [ 10.030849999999884, 55.835750000000118 ], [ 10.030849999999884, 55.82745000000012 ], [ 10.044749999999883, 55.82745000000012 ], [ 10.058649999999883, 55.82745000000012 ], [ 10.058649999999883, 55.819150000000121 ], [ 10.058649999999883, 55.810850000000123 ], [ 10.058649999999883, 55.802550000000124 ], [ 10.044749999999883, 55.802550000000124 ], [ 10.044749999999883, 55.794250000000126 ], [ 10.030849999999884, 55.794250000000126 ], [ 10.030849999999884, 55.785950000000128 ], [ 10.016949999999884, 55.785950000000128 ], [ 10.016949999999884, 55.777650000000129 ], [ 10.016949999999884, 55.769350000000131 ], [ 10.030849999999884, 55.769350000000131 ], [ 10.030849999999884, 55.761050000000132 ], [ 10.044749999999883, 55.761050000000132 ], [ 10.058649999999883, 55.761050000000132 ], [ 10.072549999999882, 55.761050000000132 ], [ 10.072549999999882, 55.752750000000134 ], [ 10.058649999999883, 55.752750000000134 ], [ 10.058649999999883, 55.744450000000136 ], [ 10.044749999999883, 55.744450000000136 ], [ 10.044749999999883, 55.736150000000137 ], [ 10.030849999999884, 55.736150000000137 ], [ 10.016949999999884, 55.736150000000137 ], [ 10.003049999999885, 55.736150000000137 ], [ 10.003049999999885, 55.727850000000139 ], [ 10.003049999999885, 55.71955000000014 ], [ 10.016949999999884, 55.71955000000014 ], [ 10.030849999999884, 55.71955000000014 ], [ 10.030849999999884, 55.711250000000142 ], [ 10.030849999999884, 55.702950000000143 ], [ 10.016949999999884, 55.702950000000143 ], [ 10.003049999999885, 55.702950000000143 ], [ 9.989149999999885, 55.702950000000143 ], [ 9.975249999999885, 55.702950000000143 ], [ 9.961349999999886, 55.702950000000143 ], [ 9.961349999999886, 55.694650000000145 ], [ 9.947449999999886, 55.694650000000145 ], [ 9.933549999999887, 55.694650000000145 ], [ 9.919649999999887, 55.694650000000145 ], [ 9.905749999999887, 55.694650000000145 ], [ 9.891849999999888, 55.694650000000145 ], [ 9.891849999999888, 55.686350000000147 ], [ 9.877949999999888, 55.686350000000147 ], [ 9.864049999999889, 55.686350000000147 ], [ 9.850149999999889, 55.686350000000147 ], [ 9.850149999999889, 55.678050000000148 ], [ 9.83624999999989, 55.678050000000148 ], [ 9.82234999999989, 55.678050000000148 ], [ 9.80844999999989, 55.678050000000148 ], [ 9.80844999999989, 55.686350000000147 ], [ 9.794549999999891, 55.686350000000147 ], [ 9.780649999999891, 55.686350000000147 ], [ 9.766749999999892, 55.686350000000147 ], [ 9.752849999999892, 55.686350000000147 ], [ 9.738949999999893, 55.686350000000147 ], [ 9.738949999999893, 55.694650000000145 ], [ 9.738949999999893, 55.702950000000143 ], [ 9.725049999999893, 55.702950000000143 ], [ 9.711149999999893, 55.702950000000143 ], [ 9.711149999999893, 55.711250000000142 ], [ 9.697249999999894, 55.711250000000142 ], [ 9.683349999999894, 55.711250000000142 ], [ 9.669449999999895, 55.711250000000142 ], [ 9.655549999999895, 55.711250000000142 ], [ 9.641649999999895, 55.711250000000142 ], [ 9.627749999999896, 55.711250000000142 ], [ 9.613849999999896, 55.711250000000142 ], [ 9.599949999999897, 55.711250000000142 ], [ 9.586049999999897, 55.711250000000142 ], [ 9.572149999999898, 55.711250000000142 ], [ 9.572149999999898, 55.702950000000143 ], [ 9.572149999999898, 55.694650000000145 ], [ 9.586049999999897, 55.694650000000145 ], [ 9.599949999999897, 55.694650000000145 ], [ 9.613849999999896, 55.694650000000145 ], [ 9.627749999999896, 55.694650000000145 ], [ 9.641649999999895, 55.694650000000145 ], [ 9.655549999999895, 55.694650000000145 ], [ 9.669449999999895, 55.694650000000145 ] ], [ [ 9.599949999999897, 54.8812500000003 ], [ 9.613849999999896, 54.8812500000003 ], [ 9.613849999999896, 54.872950000000301 ], [ 9.599949999999897, 54.872950000000301 ], [ 9.599949999999897, 54.8812500000003 ] ], [ [ 14.78464999999974, 54.034650000000461 ], [ 14.77074999999974, 54.034650000000461 ], [ 14.77074999999974, 54.042950000000459 ], [ 14.78464999999974, 54.042950000000459 ], [ 14.78464999999974, 54.034650000000461 ] ], [ [ 12.449449999999811, 56.30055 ], [ 12.449449999999811, 56.30885 ], [ 12.46334999999981, 56.30885 ], [ 12.46334999999981, 56.30055 ], [ 12.449449999999811, 56.30055 ] ], [ [ 9.947449999999886, 54.856350000000305 ], [ 9.947449999999886, 54.864650000000303 ], [ 9.933549999999887, 54.864650000000303 ], [ 9.919649999999887, 54.864650000000303 ], [ 9.919649999999887, 54.872950000000301 ], [ 9.905749999999887, 54.872950000000301 ], [ 9.891849999999888, 54.872950000000301 ], [ 9.891849999999888, 54.8812500000003 ], [ 9.877949999999888, 54.8812500000003 ], [ 9.877949999999888, 54.889550000000298 ], [ 9.891849999999888, 54.889550000000298 ], [ 9.891849999999888, 54.897850000000297 ], [ 9.905749999999887, 54.897850000000297 ], [ 9.919649999999887, 54.897850000000297 ], [ 9.919649999999887, 54.889550000000298 ], [ 9.933549999999887, 54.889550000000298 ], [ 9.947449999999886, 54.889550000000298 ], [ 9.947449999999886, 54.8812500000003 ], [ 9.961349999999886, 54.8812500000003 ], [ 9.961349999999886, 54.872950000000301 ], [ 9.975249999999885, 54.872950000000301 ], [ 9.989149999999885, 54.872950000000301 ], [ 9.989149999999885, 54.864650000000303 ], [ 9.975249999999885, 54.864650000000303 ], [ 9.975249999999885, 54.856350000000305 ], [ 9.961349999999886, 54.856350000000305 ], [ 9.947449999999886, 54.856350000000305 ] ], [ [ 9.961349999999886, 54.897850000000297 ], [ 9.947449999999886, 54.897850000000297 ], [ 9.947449999999886, 54.906150000000295 ], [ 9.933549999999887, 54.906150000000295 ], [ 9.919649999999887, 54.906150000000295 ], [ 9.919649999999887, 54.914450000000294 ], [ 9.905749999999887, 54.914450000000294 ], [ 9.891849999999888, 54.914450000000294 ], [ 9.877949999999888, 54.914450000000294 ], [ 9.877949999999888, 54.906150000000295 ], [ 9.864049999999889, 54.906150000000295 ], [ 9.850149999999889, 54.906150000000295 ], [ 9.850149999999889, 54.897850000000297 ], [ 9.83624999999989, 54.897850000000297 ], [ 9.82234999999989, 54.897850000000297 ], [ 9.80844999999989, 54.897850000000297 ], [ 9.80844999999989, 54.906150000000295 ], [ 9.794549999999891, 54.906150000000295 ], [ 9.794549999999891, 54.914450000000294 ], [ 9.794549999999891, 54.922750000000292 ], [ 9.794549999999891, 54.93105000000029 ], [ 9.780649999999891, 54.93105000000029 ], [ 9.780649999999891, 54.939350000000289 ], [ 9.766749999999892, 54.939350000000289 ], [ 9.766749999999892, 54.947650000000287 ], [ 9.766749999999892, 54.955950000000286 ], [ 9.766749999999892, 54.964250000000284 ], [ 9.766749999999892, 54.972550000000282 ], [ 9.766749999999892, 54.980850000000281 ], [ 9.780649999999891, 54.980850000000281 ], [ 9.780649999999891, 54.972550000000282 ], [ 9.794549999999891, 54.972550000000282 ], [ 9.80844999999989, 54.972550000000282 ], [ 9.80844999999989, 54.964250000000284 ], [ 9.80844999999989, 54.955950000000286 ], [ 9.82234999999989, 54.955950000000286 ], [ 9.82234999999989, 54.947650000000287 ], [ 9.83624999999989, 54.947650000000287 ], [ 9.83624999999989, 54.939350000000289 ], [ 9.850149999999889, 54.939350000000289 ], [ 9.850149999999889, 54.947650000000287 ], [ 9.850149999999889, 54.955950000000286 ], [ 9.83624999999989, 54.955950000000286 ], [ 9.83624999999989, 54.964250000000284 ], [ 9.850149999999889, 54.964250000000284 ], [ 9.850149999999889, 54.972550000000282 ], [ 9.850149999999889, 54.980850000000281 ], [ 9.83624999999989, 54.980850000000281 ], [ 9.83624999999989, 54.989150000000279 ], [ 9.82234999999989, 54.989150000000279 ], [ 9.80844999999989, 54.989150000000279 ], [ 9.794549999999891, 54.989150000000279 ], [ 9.794549999999891, 54.997450000000278 ], [ 9.794549999999891, 55.005750000000276 ], [ 9.794549999999891, 55.014050000000275 ], [ 9.780649999999891, 55.014050000000275 ], [ 9.766749999999892, 55.014050000000275 ], [ 9.752849999999892, 55.014050000000275 ], [ 9.738949999999893, 55.014050000000275 ], [ 9.725049999999893, 55.014050000000275 ], [ 9.711149999999893, 55.014050000000275 ], [ 9.697249999999894, 55.014050000000275 ], [ 9.683349999999894, 55.014050000000275 ], [ 9.683349999999894, 55.022350000000273 ], [ 9.669449999999895, 55.022350000000273 ], [ 9.669449999999895, 55.030650000000271 ], [ 9.669449999999895, 55.03895000000027 ], [ 9.669449999999895, 55.047250000000268 ], [ 9.655549999999895, 55.047250000000268 ], [ 9.641649999999895, 55.047250000000268 ], [ 9.641649999999895, 55.055550000000267 ], [ 9.655549999999895, 55.055550000000267 ], [ 9.655549999999895, 55.063850000000265 ], [ 9.669449999999895, 55.063850000000265 ], [ 9.669449999999895, 55.072150000000264 ], [ 9.683349999999894, 55.072150000000264 ], [ 9.683349999999894, 55.080450000000262 ], [ 9.697249999999894, 55.080450000000262 ], [ 9.711149999999893, 55.080450000000262 ], [ 9.711149999999893, 55.08875000000026 ], [ 9.725049999999893, 55.08875000000026 ], [ 9.738949999999893, 55.08875000000026 ], [ 9.752849999999892, 55.08875000000026 ], [ 9.766749999999892, 55.08875000000026 ], [ 9.780649999999891, 55.08875000000026 ], [ 9.780649999999891, 55.080450000000262 ], [ 9.794549999999891, 55.080450000000262 ], [ 9.794549999999891, 55.072150000000264 ], [ 9.80844999999989, 55.072150000000264 ], [ 9.82234999999989, 55.072150000000264 ], [ 9.82234999999989, 55.063850000000265 ], [ 9.83624999999989, 55.063850000000265 ], [ 9.83624999999989, 55.055550000000267 ], [ 9.850149999999889, 55.055550000000267 ], [ 9.850149999999889, 55.047250000000268 ], [ 9.864049999999889, 55.047250000000268 ], [ 9.864049999999889, 55.03895000000027 ], [ 9.877949999999888, 55.03895000000027 ], [ 9.877949999999888, 55.030650000000271 ], [ 9.891849999999888, 55.030650000000271 ], [ 9.905749999999887, 55.030650000000271 ], [ 9.905749999999887, 55.022350000000273 ], [ 9.919649999999887, 55.022350000000273 ], [ 9.933549999999887, 55.022350000000273 ], [ 9.947449999999886, 55.022350000000273 ], [ 9.947449999999886, 55.014050000000275 ], [ 9.961349999999886, 55.014050000000275 ], [ 9.961349999999886, 55.005750000000276 ], [ 9.975249999999885, 55.005750000000276 ], [ 9.975249999999885, 54.997450000000278 ], [ 9.989149999999885, 54.997450000000278 ], [ 9.989149999999885, 54.989150000000279 ], [ 10.003049999999885, 54.989150000000279 ], [ 10.003049999999885, 54.980850000000281 ], [ 10.016949999999884, 54.980850000000281 ], [ 10.016949999999884, 54.972550000000282 ], [ 10.016949999999884, 54.964250000000284 ], [ 10.030849999999884, 54.964250000000284 ], [ 10.030849999999884, 54.955950000000286 ], [ 10.030849999999884, 54.947650000000287 ], [ 10.044749999999883, 54.947650000000287 ], [ 10.044749999999883, 54.939350000000289 ], [ 10.044749999999883, 54.93105000000029 ], [ 10.044749999999883, 54.922750000000292 ], [ 10.058649999999883, 54.922750000000292 ], [ 10.058649999999883, 54.914450000000294 ], [ 10.058649999999883, 54.906150000000295 ], [ 10.072549999999882, 54.906150000000295 ], [ 10.072549999999882, 54.897850000000297 ], [ 10.072549999999882, 54.889550000000298 ], [ 10.072549999999882, 54.8812500000003 ], [ 10.058649999999883, 54.8812500000003 ], [ 10.044749999999883, 54.8812500000003 ], [ 10.030849999999884, 54.8812500000003 ], [ 10.016949999999884, 54.8812500000003 ], [ 10.016949999999884, 54.872950000000301 ], [ 10.016949999999884, 54.864650000000303 ], [ 10.003049999999885, 54.864650000000303 ], [ 10.003049999999885, 54.872950000000301 ], [ 10.003049999999885, 54.8812500000003 ], [ 9.989149999999885, 54.8812500000003 ], [ 9.989149999999885, 54.889550000000298 ], [ 9.975249999999885, 54.889550000000298 ], [ 9.961349999999886, 54.889550000000298 ], [ 9.961349999999886, 54.897850000000297 ] ], [ [ 10.128149999999881, 55.063850000000265 ], [ 10.14204999999988, 55.063850000000265 ], [ 10.14204999999988, 55.055550000000267 ], [ 10.15594999999988, 55.055550000000267 ], [ 10.169849999999879, 55.055550000000267 ], [ 10.183749999999879, 55.055550000000267 ], [ 10.183749999999879, 55.047250000000268 ], [ 10.183749999999879, 55.03895000000027 ], [ 10.169849999999879, 55.03895000000027 ], [ 10.15594999999988, 55.03895000000027 ], [ 10.14204999999988, 55.03895000000027 ], [ 10.14204999999988, 55.047250000000268 ], [ 10.128149999999881, 55.047250000000268 ], [ 10.128149999999881, 55.055550000000267 ], [ 10.128149999999881, 55.063850000000265 ] ], [ [ 10.14204999999988, 55.072150000000264 ], [ 10.15594999999988, 55.072150000000264 ], [ 10.15594999999988, 55.063850000000265 ], [ 10.14204999999988, 55.063850000000265 ], [ 10.14204999999988, 55.072150000000264 ] ], [ [ 10.100349999999882, 55.08875000000026 ], [ 10.086449999999882, 55.08875000000026 ], [ 10.086449999999882, 55.080450000000262 ], [ 10.072549999999882, 55.080450000000262 ], [ 10.072549999999882, 55.08875000000026 ], [ 10.072549999999882, 55.097050000000259 ], [ 10.086449999999882, 55.097050000000259 ], [ 10.086449999999882, 55.105350000000257 ], [ 10.086449999999882, 55.113650000000256 ], [ 10.100349999999882, 55.113650000000256 ], [ 10.114249999999881, 55.113650000000256 ], [ 10.114249999999881, 55.121950000000254 ], [ 10.128149999999881, 55.121950000000254 ], [ 10.128149999999881, 55.130250000000252 ], [ 10.14204999999988, 55.130250000000252 ], [ 10.15594999999988, 55.130250000000252 ], [ 10.169849999999879, 55.130250000000252 ], [ 10.169849999999879, 55.138550000000251 ], [ 10.169849999999879, 55.146850000000249 ], [ 10.15594999999988, 55.146850000000249 ], [ 10.15594999999988, 55.155150000000248 ], [ 10.14204999999988, 55.155150000000248 ], [ 10.14204999999988, 55.163450000000246 ], [ 10.14204999999988, 55.171750000000245 ], [ 10.128149999999881, 55.171750000000245 ], [ 10.128149999999881, 55.180050000000243 ], [ 10.114249999999881, 55.180050000000243 ], [ 10.114249999999881, 55.188350000000241 ], [ 10.100349999999882, 55.188350000000241 ], [ 10.086449999999882, 55.188350000000241 ], [ 10.086449999999882, 55.180050000000243 ], [ 10.072549999999882, 55.180050000000243 ], [ 10.058649999999883, 55.180050000000243 ], [ 10.044749999999883, 55.180050000000243 ], [ 10.044749999999883, 55.188350000000241 ], [ 10.030849999999884, 55.188350000000241 ], [ 10.016949999999884, 55.188350000000241 ], [ 10.016949999999884, 55.19665000000024 ], [ 10.016949999999884, 55.204950000000238 ], [ 10.003049999999885, 55.204950000000238 ], [ 10.003049999999885, 55.19665000000024 ], [ 10.003049999999885, 55.188350000000241 ], [ 10.003049999999885, 55.180050000000243 ], [ 10.003049999999885, 55.171750000000245 ], [ 10.016949999999884, 55.171750000000245 ], [ 10.016949999999884, 55.163450000000246 ], [ 10.016949999999884, 55.155150000000248 ], [ 10.030849999999884, 55.155150000000248 ], [ 10.030849999999884, 55.146850000000249 ], [ 10.044749999999883, 55.146850000000249 ], [ 10.044749999999883, 55.138550000000251 ], [ 10.044749999999883, 55.130250000000252 ], [ 10.030849999999884, 55.130250000000252 ], [ 10.016949999999884, 55.130250000000252 ], [ 10.003049999999885, 55.130250000000252 ], [ 9.989149999999885, 55.130250000000252 ], [ 9.989149999999885, 55.138550000000251 ], [ 9.989149999999885, 55.146850000000249 ], [ 9.989149999999885, 55.155150000000248 ], [ 9.989149999999885, 55.163450000000246 ], [ 9.989149999999885, 55.171750000000245 ], [ 9.989149999999885, 55.180050000000243 ], [ 9.989149999999885, 55.188350000000241 ], [ 9.989149999999885, 55.19665000000024 ], [ 9.989149999999885, 55.204950000000238 ], [ 9.989149999999885, 55.213250000000237 ], [ 9.989149999999885, 55.221550000000235 ], [ 9.975249999999885, 55.221550000000235 ], [ 9.961349999999886, 55.221550000000235 ], [ 9.947449999999886, 55.221550000000235 ], [ 9.933549999999887, 55.221550000000235 ], [ 9.933549999999887, 55.229850000000233 ], [ 9.919649999999887, 55.229850000000233 ], [ 9.919649999999887, 55.238150000000232 ], [ 9.905749999999887, 55.238150000000232 ], [ 9.905749999999887, 55.24645000000023 ], [ 9.891849999999888, 55.24645000000023 ], [ 9.877949999999888, 55.24645000000023 ], [ 9.877949999999888, 55.254750000000229 ], [ 9.891849999999888, 55.254750000000229 ], [ 9.905749999999887, 55.254750000000229 ], [ 9.905749999999887, 55.263050000000227 ], [ 9.891849999999888, 55.263050000000227 ], [ 9.891849999999888, 55.271350000000226 ], [ 9.891849999999888, 55.279650000000224 ], [ 9.891849999999888, 55.287950000000222 ], [ 9.891849999999888, 55.296250000000221 ], [ 9.891849999999888, 55.304550000000219 ], [ 9.891849999999888, 55.312850000000218 ], [ 9.891849999999888, 55.321150000000216 ], [ 9.891849999999888, 55.329450000000215 ], [ 9.877949999999888, 55.329450000000215 ], [ 9.877949999999888, 55.337750000000213 ], [ 9.891849999999888, 55.337750000000213 ], [ 9.891849999999888, 55.346050000000211 ], [ 9.877949999999888, 55.346050000000211 ], [ 9.877949999999888, 55.35435000000021 ], [ 9.864049999999889, 55.35435000000021 ], [ 9.850149999999889, 55.35435000000021 ], [ 9.83624999999989, 55.35435000000021 ], [ 9.83624999999989, 55.362650000000208 ], [ 9.82234999999989, 55.362650000000208 ], [ 9.80844999999989, 55.362650000000208 ], [ 9.80844999999989, 55.370950000000207 ], [ 9.794549999999891, 55.370950000000207 ], [ 9.794549999999891, 55.379250000000205 ], [ 9.80844999999989, 55.379250000000205 ], [ 9.82234999999989, 55.379250000000205 ], [ 9.82234999999989, 55.387550000000203 ], [ 9.83624999999989, 55.387550000000203 ], [ 9.83624999999989, 55.395850000000202 ], [ 9.83624999999989, 55.4041500000002 ], [ 9.82234999999989, 55.4041500000002 ], [ 9.82234999999989, 55.412450000000199 ], [ 9.80844999999989, 55.412450000000199 ], [ 9.794549999999891, 55.412450000000199 ], [ 9.794549999999891, 55.420750000000197 ], [ 9.80844999999989, 55.420750000000197 ], [ 9.82234999999989, 55.420750000000197 ], [ 9.82234999999989, 55.429050000000196 ], [ 9.80844999999989, 55.429050000000196 ], [ 9.80844999999989, 55.437350000000194 ], [ 9.794549999999891, 55.437350000000194 ], [ 9.780649999999891, 55.437350000000194 ], [ 9.766749999999892, 55.437350000000194 ], [ 9.752849999999892, 55.437350000000194 ], [ 9.752849999999892, 55.445650000000192 ], [ 9.738949999999893, 55.445650000000192 ], [ 9.738949999999893, 55.453950000000191 ], [ 9.738949999999893, 55.462250000000189 ], [ 9.725049999999893, 55.462250000000189 ], [ 9.725049999999893, 55.470550000000188 ], [ 9.738949999999893, 55.470550000000188 ], [ 9.752849999999892, 55.470550000000188 ], [ 9.752849999999892, 55.478850000000186 ], [ 9.738949999999893, 55.478850000000186 ], [ 9.738949999999893, 55.487150000000184 ], [ 9.738949999999893, 55.495450000000183 ], [ 9.725049999999893, 55.495450000000183 ], [ 9.725049999999893, 55.503750000000181 ], [ 9.711149999999893, 55.503750000000181 ], [ 9.697249999999894, 55.503750000000181 ], [ 9.697249999999894, 55.51205000000018 ], [ 9.683349999999894, 55.51205000000018 ], [ 9.683349999999894, 55.520350000000178 ], [ 9.697249999999894, 55.520350000000178 ], [ 9.711149999999893, 55.520350000000178 ], [ 9.711149999999893, 55.51205000000018 ], [ 9.725049999999893, 55.51205000000018 ], [ 9.738949999999893, 55.51205000000018 ], [ 9.752849999999892, 55.51205000000018 ], [ 9.766749999999892, 55.51205000000018 ], [ 9.766749999999892, 55.520350000000178 ], [ 9.766749999999892, 55.528650000000177 ], [ 9.766749999999892, 55.536950000000175 ], [ 9.766749999999892, 55.545250000000173 ], [ 9.780649999999891, 55.545250000000173 ], [ 9.794549999999891, 55.545250000000173 ], [ 9.794549999999891, 55.553550000000172 ], [ 9.80844999999989, 55.553550000000172 ], [ 9.82234999999989, 55.553550000000172 ], [ 9.82234999999989, 55.56185000000017 ], [ 9.83624999999989, 55.56185000000017 ], [ 9.83624999999989, 55.553550000000172 ], [ 9.850149999999889, 55.553550000000172 ], [ 9.850149999999889, 55.545250000000173 ], [ 9.850149999999889, 55.536950000000175 ], [ 9.850149999999889, 55.528650000000177 ], [ 9.850149999999889, 55.520350000000178 ], [ 9.864049999999889, 55.520350000000178 ], [ 9.877949999999888, 55.520350000000178 ], [ 9.877949999999888, 55.51205000000018 ], [ 9.891849999999888, 55.51205000000018 ], [ 9.905749999999887, 55.51205000000018 ], [ 9.919649999999887, 55.51205000000018 ], [ 9.933549999999887, 55.51205000000018 ], [ 9.933549999999887, 55.520350000000178 ], [ 9.947449999999886, 55.520350000000178 ], [ 9.961349999999886, 55.520350000000178 ], [ 9.961349999999886, 55.528650000000177 ], [ 9.975249999999885, 55.528650000000177 ], [ 9.975249999999885, 55.536950000000175 ], [ 9.989149999999885, 55.536950000000175 ], [ 9.989149999999885, 55.545250000000173 ], [ 10.003049999999885, 55.545250000000173 ], [ 10.016949999999884, 55.545250000000173 ], [ 10.016949999999884, 55.553550000000172 ], [ 10.030849999999884, 55.553550000000172 ], [ 10.030849999999884, 55.56185000000017 ], [ 10.044749999999883, 55.56185000000017 ], [ 10.058649999999883, 55.56185000000017 ], [ 10.072549999999882, 55.56185000000017 ], [ 10.072549999999882, 55.570150000000169 ], [ 10.086449999999882, 55.570150000000169 ], [ 10.086449999999882, 55.578450000000167 ], [ 10.100349999999882, 55.578450000000167 ], [ 10.114249999999881, 55.578450000000167 ], [ 10.114249999999881, 55.586750000000166 ], [ 10.128149999999881, 55.586750000000166 ], [ 10.14204999999988, 55.586750000000166 ], [ 10.15594999999988, 55.586750000000166 ], [ 10.169849999999879, 55.586750000000166 ], [ 10.169849999999879, 55.595050000000164 ], [ 10.183749999999879, 55.595050000000164 ], [ 10.183749999999879, 55.603350000000162 ], [ 10.169849999999879, 55.603350000000162 ], [ 10.169849999999879, 55.611650000000161 ], [ 10.183749999999879, 55.611650000000161 ], [ 10.197649999999879, 55.611650000000161 ], [ 10.197649999999879, 55.603350000000162 ], [ 10.211549999999878, 55.603350000000162 ], [ 10.225449999999878, 55.603350000000162 ], [ 10.239349999999877, 55.603350000000162 ], [ 10.239349999999877, 55.611650000000161 ], [ 10.253249999999877, 55.611650000000161 ], [ 10.253249999999877, 55.619950000000159 ], [ 10.267149999999877, 55.619950000000159 ], [ 10.281049999999876, 55.619950000000159 ], [ 10.294949999999876, 55.619950000000159 ], [ 10.294949999999876, 55.628250000000158 ], [ 10.308849999999875, 55.628250000000158 ], [ 10.322749999999875, 55.628250000000158 ], [ 10.322749999999875, 55.619950000000159 ], [ 10.336649999999874, 55.619950000000159 ], [ 10.350549999999874, 55.619950000000159 ], [ 10.350549999999874, 55.611650000000161 ], [ 10.364449999999874, 55.611650000000161 ], [ 10.378349999999873, 55.611650000000161 ], [ 10.378349999999873, 55.603350000000162 ], [ 10.392249999999873, 55.603350000000162 ], [ 10.406149999999872, 55.603350000000162 ], [ 10.406149999999872, 55.595050000000164 ], [ 10.420049999999872, 55.595050000000164 ], [ 10.420049999999872, 55.586750000000166 ], [ 10.433949999999871, 55.586750000000166 ], [ 10.447849999999871, 55.586750000000166 ], [ 10.447849999999871, 55.578450000000167 ], [ 10.461749999999871, 55.578450000000167 ], [ 10.461749999999871, 55.570150000000169 ], [ 10.47564999999987, 55.570150000000169 ], [ 10.47564999999987, 55.56185000000017 ], [ 10.48954999999987, 55.56185000000017 ], [ 10.48954999999987, 55.553550000000172 ], [ 10.503449999999869, 55.553550000000172 ], [ 10.517349999999869, 55.553550000000172 ], [ 10.517349999999869, 55.545250000000173 ], [ 10.531249999999869, 55.545250000000173 ], [ 10.531249999999869, 55.536950000000175 ], [ 10.517349999999869, 55.536950000000175 ], [ 10.503449999999869, 55.536950000000175 ], [ 10.503449999999869, 55.528650000000177 ], [ 10.48954999999987, 55.528650000000177 ], [ 10.48954999999987, 55.520350000000178 ], [ 10.503449999999869, 55.520350000000178 ], [ 10.503449999999869, 55.51205000000018 ], [ 10.503449999999869, 55.503750000000181 ], [ 10.503449999999869, 55.495450000000183 ], [ 10.48954999999987, 55.495450000000183 ], [ 10.48954999999987, 55.487150000000184 ], [ 10.47564999999987, 55.487150000000184 ], [ 10.461749999999871, 55.487150000000184 ], [ 10.447849999999871, 55.487150000000184 ], [ 10.447849999999871, 55.478850000000186 ], [ 10.461749999999871, 55.478850000000186 ], [ 10.47564999999987, 55.478850000000186 ], [ 10.47564999999987, 55.470550000000188 ], [ 10.461749999999871, 55.470550000000188 ], [ 10.447849999999871, 55.470550000000188 ], [ 10.433949999999871, 55.470550000000188 ], [ 10.433949999999871, 55.462250000000189 ], [ 10.433949999999871, 55.453950000000191 ], [ 10.447849999999871, 55.453950000000191 ], [ 10.461749999999871, 55.453950000000191 ], [ 10.47564999999987, 55.453950000000191 ], [ 10.48954999999987, 55.453950000000191 ], [ 10.48954999999987, 55.462250000000189 ], [ 10.48954999999987, 55.470550000000188 ], [ 10.48954999999987, 55.478850000000186 ], [ 10.503449999999869, 55.478850000000186 ], [ 10.503449999999869, 55.470550000000188 ], [ 10.517349999999869, 55.470550000000188 ], [ 10.531249999999869, 55.470550000000188 ], [ 10.545149999999868, 55.470550000000188 ], [ 10.545149999999868, 55.478850000000186 ], [ 10.559049999999868, 55.478850000000186 ], [ 10.572949999999867, 55.478850000000186 ], [ 10.572949999999867, 55.487150000000184 ], [ 10.586849999999867, 55.487150000000184 ], [ 10.600749999999866, 55.487150000000184 ], [ 10.614649999999866, 55.487150000000184 ], [ 10.614649999999866, 55.495450000000183 ], [ 10.614649999999866, 55.503750000000181 ], [ 10.614649999999866, 55.51205000000018 ], [ 10.600749999999866, 55.51205000000018 ], [ 10.600749999999866, 55.520350000000178 ], [ 10.586849999999867, 55.520350000000178 ], [ 10.572949999999867, 55.520350000000178 ], [ 10.572949999999867, 55.528650000000177 ], [ 10.572949999999867, 55.536950000000175 ], [ 10.586849999999867, 55.536950000000175 ], [ 10.600749999999866, 55.536950000000175 ], [ 10.600749999999866, 55.528650000000177 ], [ 10.614649999999866, 55.528650000000177 ], [ 10.628549999999866, 55.528650000000177 ], [ 10.628549999999866, 55.536950000000175 ], [ 10.628549999999866, 55.545250000000173 ], [ 10.628549999999866, 55.553550000000172 ], [ 10.614649999999866, 55.553550000000172 ], [ 10.614649999999866, 55.56185000000017 ], [ 10.614649999999866, 55.570150000000169 ], [ 10.600749999999866, 55.570150000000169 ], [ 10.600749999999866, 55.578450000000167 ], [ 10.600749999999866, 55.586750000000166 ], [ 10.614649999999866, 55.586750000000166 ], [ 10.614649999999866, 55.595050000000164 ], [ 10.614649999999866, 55.603350000000162 ], [ 10.614649999999866, 55.611650000000161 ], [ 10.600749999999866, 55.611650000000161 ], [ 10.600749999999866, 55.619950000000159 ], [ 10.586849999999867, 55.619950000000159 ], [ 10.586849999999867, 55.628250000000158 ], [ 10.600749999999866, 55.628250000000158 ], [ 10.614649999999866, 55.628250000000158 ], [ 10.628549999999866, 55.628250000000158 ], [ 10.628549999999866, 55.619950000000159 ], [ 10.628549999999866, 55.611650000000161 ], [ 10.642449999999865, 55.611650000000161 ], [ 10.642449999999865, 55.603350000000162 ], [ 10.642449999999865, 55.595050000000164 ], [ 10.656349999999865, 55.595050000000164 ], [ 10.656349999999865, 55.586750000000166 ], [ 10.656349999999865, 55.578450000000167 ], [ 10.670249999999864, 55.578450000000167 ], [ 10.670249999999864, 55.570150000000169 ], [ 10.684149999999864, 55.570150000000169 ], [ 10.684149999999864, 55.56185000000017 ], [ 10.684149999999864, 55.553550000000172 ], [ 10.698049999999864, 55.553550000000172 ], [ 10.698049999999864, 55.545250000000173 ], [ 10.711949999999863, 55.545250000000173 ], [ 10.711949999999863, 55.536950000000175 ], [ 10.711949999999863, 55.528650000000177 ], [ 10.711949999999863, 55.520350000000178 ], [ 10.711949999999863, 55.51205000000018 ], [ 10.725849999999863, 55.51205000000018 ], [ 10.725849999999863, 55.503750000000181 ], [ 10.739749999999862, 55.503750000000181 ], [ 10.739749999999862, 55.495450000000183 ], [ 10.753649999999862, 55.495450000000183 ], [ 10.753649999999862, 55.487150000000184 ], [ 10.753649999999862, 55.478850000000186 ], [ 10.739749999999862, 55.478850000000186 ], [ 10.725849999999863, 55.478850000000186 ], [ 10.711949999999863, 55.478850000000186 ], [ 10.698049999999864, 55.478850000000186 ], [ 10.698049999999864, 55.470550000000188 ], [ 10.684149999999864, 55.470550000000188 ], [ 10.670249999999864, 55.470550000000188 ], [ 10.670249999999864, 55.462250000000189 ], [ 10.670249999999864, 55.453950000000191 ], [ 10.670249999999864, 55.445650000000192 ], [ 10.684149999999864, 55.445650000000192 ], [ 10.684149999999864, 55.437350000000194 ], [ 10.698049999999864, 55.437350000000194 ], [ 10.698049999999864, 55.429050000000196 ], [ 10.711949999999863, 55.429050000000196 ], [ 10.711949999999863, 55.420750000000197 ], [ 10.725849999999863, 55.420750000000197 ], [ 10.725849999999863, 55.412450000000199 ], [ 10.739749999999862, 55.412450000000199 ], [ 10.739749999999862, 55.4041500000002 ], [ 10.753649999999862, 55.4041500000002 ], [ 10.753649999999862, 55.395850000000202 ], [ 10.767549999999861, 55.395850000000202 ], [ 10.767549999999861, 55.387550000000203 ], [ 10.781449999999861, 55.387550000000203 ], [ 10.781449999999861, 55.379250000000205 ], [ 10.781449999999861, 55.370950000000207 ], [ 10.795349999999861, 55.370950000000207 ], [ 10.795349999999861, 55.362650000000208 ], [ 10.795349999999861, 55.35435000000021 ], [ 10.80924999999986, 55.35435000000021 ], [ 10.80924999999986, 55.346050000000211 ], [ 10.80924999999986, 55.337750000000213 ], [ 10.80924999999986, 55.329450000000215 ], [ 10.80924999999986, 55.321150000000216 ], [ 10.82314999999986, 55.321150000000216 ], [ 10.82314999999986, 55.312850000000218 ], [ 10.837049999999859, 55.312850000000218 ], [ 10.837049999999859, 55.304550000000219 ], [ 10.850949999999859, 55.304550000000219 ], [ 10.850949999999859, 55.296250000000221 ], [ 10.850949999999859, 55.287950000000222 ], [ 10.837049999999859, 55.287950000000222 ], [ 10.82314999999986, 55.287950000000222 ], [ 10.82314999999986, 55.296250000000221 ], [ 10.82314999999986, 55.304550000000219 ], [ 10.80924999999986, 55.304550000000219 ], [ 10.80924999999986, 55.312850000000218 ], [ 10.795349999999861, 55.312850000000218 ], [ 10.795349999999861, 55.304550000000219 ], [ 10.795349999999861, 55.296250000000221 ], [ 10.795349999999861, 55.287950000000222 ], [ 10.795349999999861, 55.279650000000224 ], [ 10.795349999999861, 55.271350000000226 ], [ 10.795349999999861, 55.263050000000227 ], [ 10.80924999999986, 55.263050000000227 ], [ 10.80924999999986, 55.254750000000229 ], [ 10.80924999999986, 55.24645000000023 ], [ 10.80924999999986, 55.238150000000232 ], [ 10.80924999999986, 55.229850000000233 ], [ 10.80924999999986, 55.221550000000235 ], [ 10.80924999999986, 55.213250000000237 ], [ 10.82314999999986, 55.213250000000237 ], [ 10.82314999999986, 55.204950000000238 ], [ 10.80924999999986, 55.204950000000238 ], [ 10.80924999999986, 55.19665000000024 ], [ 10.80924999999986, 55.188350000000241 ], [ 10.80924999999986, 55.180050000000243 ], [ 10.80924999999986, 55.171750000000245 ], [ 10.795349999999861, 55.171750000000245 ], [ 10.795349999999861, 55.163450000000246 ], [ 10.795349999999861, 55.155150000000248 ], [ 10.795349999999861, 55.146850000000249 ], [ 10.795349999999861, 55.138550000000251 ], [ 10.781449999999861, 55.138550000000251 ], [ 10.781449999999861, 55.130250000000252 ], [ 10.781449999999861, 55.121950000000254 ], [ 10.781449999999861, 55.113650000000256 ], [ 10.781449999999861, 55.105350000000257 ], [ 10.767549999999861, 55.105350000000257 ], [ 10.767549999999861, 55.097050000000259 ], [ 10.753649999999862, 55.097050000000259 ], [ 10.753649999999862, 55.08875000000026 ], [ 10.753649999999862, 55.080450000000262 ], [ 10.739749999999862, 55.080450000000262 ], [ 10.739749999999862, 55.072150000000264 ], [ 10.725849999999863, 55.072150000000264 ], [ 10.711949999999863, 55.072150000000264 ], [ 10.711949999999863, 55.063850000000265 ], [ 10.698049999999864, 55.063850000000265 ], [ 10.684149999999864, 55.063850000000265 ], [ 10.684149999999864, 55.055550000000267 ], [ 10.698049999999864, 55.055550000000267 ], [ 10.711949999999863, 55.055550000000267 ], [ 10.711949999999863, 55.047250000000268 ], [ 10.711949999999863, 55.03895000000027 ], [ 10.698049999999864, 55.03895000000027 ], [ 10.684149999999864, 55.03895000000027 ], [ 10.684149999999864, 55.047250000000268 ], [ 10.670249999999864, 55.047250000000268 ], [ 10.656349999999865, 55.047250000000268 ], [ 10.656349999999865, 55.055550000000267 ], [ 10.656349999999865, 55.063850000000265 ], [ 10.642449999999865, 55.063850000000265 ], [ 10.628549999999866, 55.063850000000265 ], [ 10.614649999999866, 55.063850000000265 ], [ 10.614649999999866, 55.055550000000267 ], [ 10.600749999999866, 55.055550000000267 ], [ 10.586849999999867, 55.055550000000267 ], [ 10.586849999999867, 55.047250000000268 ], [ 10.572949999999867, 55.047250000000268 ], [ 10.559049999999868, 55.047250000000268 ], [ 10.559049999999868, 55.03895000000027 ], [ 10.545149999999868, 55.03895000000027 ], [ 10.531249999999869, 55.03895000000027 ], [ 10.531249999999869, 55.030650000000271 ], [ 10.517349999999869, 55.030650000000271 ], [ 10.503449999999869, 55.030650000000271 ], [ 10.503449999999869, 55.03895000000027 ], [ 10.48954999999987, 55.03895000000027 ], [ 10.48954999999987, 55.047250000000268 ], [ 10.47564999999987, 55.047250000000268 ], [ 10.461749999999871, 55.047250000000268 ], [ 10.447849999999871, 55.047250000000268 ], [ 10.433949999999871, 55.047250000000268 ], [ 10.420049999999872, 55.047250000000268 ], [ 10.406149999999872, 55.047250000000268 ], [ 10.406149999999872, 55.055550000000267 ], [ 10.392249999999873, 55.055550000000267 ], [ 10.392249999999873, 55.063850000000265 ], [ 10.378349999999873, 55.063850000000265 ], [ 10.364449999999874, 55.063850000000265 ], [ 10.364449999999874, 55.055550000000267 ], [ 10.350549999999874, 55.055550000000267 ], [ 10.336649999999874, 55.055550000000267 ], [ 10.322749999999875, 55.055550000000267 ], [ 10.322749999999875, 55.063850000000265 ], [ 10.322749999999875, 55.072150000000264 ], [ 10.308849999999875, 55.072150000000264 ], [ 10.308849999999875, 55.080450000000262 ], [ 10.294949999999876, 55.080450000000262 ], [ 10.281049999999876, 55.080450000000262 ], [ 10.281049999999876, 55.08875000000026 ], [ 10.267149999999877, 55.08875000000026 ], [ 10.267149999999877, 55.097050000000259 ], [ 10.253249999999877, 55.097050000000259 ], [ 10.239349999999877, 55.097050000000259 ], [ 10.239349999999877, 55.105350000000257 ], [ 10.225449999999878, 55.105350000000257 ], [ 10.225449999999878, 55.097050000000259 ], [ 10.225449999999878, 55.08875000000026 ], [ 10.225449999999878, 55.080450000000262 ], [ 10.211549999999878, 55.080450000000262 ], [ 10.211549999999878, 55.072150000000264 ], [ 10.211549999999878, 55.063850000000265 ], [ 10.197649999999879, 55.063850000000265 ], [ 10.197649999999879, 55.072150000000264 ], [ 10.197649999999879, 55.080450000000262 ], [ 10.183749999999879, 55.080450000000262 ], [ 10.169849999999879, 55.080450000000262 ], [ 10.169849999999879, 55.08875000000026 ], [ 10.15594999999988, 55.08875000000026 ], [ 10.14204999999988, 55.08875000000026 ], [ 10.14204999999988, 55.097050000000259 ], [ 10.128149999999881, 55.097050000000259 ], [ 10.128149999999881, 55.08875000000026 ], [ 10.114249999999881, 55.08875000000026 ], [ 10.100349999999882, 55.08875000000026 ] ], [ [ 10.545149999999868, 55.536950000000175 ], [ 10.545149999999868, 55.528650000000177 ], [ 10.531249999999869, 55.528650000000177 ], [ 10.531249999999869, 55.536950000000175 ], [ 10.545149999999868, 55.536950000000175 ] ], [ [ 10.559049999999868, 55.528650000000177 ], [ 10.559049999999868, 55.520350000000178 ], [ 10.545149999999868, 55.520350000000178 ], [ 10.545149999999868, 55.528650000000177 ], [ 10.559049999999868, 55.528650000000177 ] ], [ [ 10.628549999999866, 55.055550000000267 ], [ 10.642449999999865, 55.055550000000267 ], [ 10.642449999999865, 55.047250000000268 ], [ 10.642449999999865, 55.03895000000027 ], [ 10.656349999999865, 55.03895000000027 ], [ 10.656349999999865, 55.030650000000271 ], [ 10.656349999999865, 55.022350000000273 ], [ 10.642449999999865, 55.022350000000273 ], [ 10.642449999999865, 55.014050000000275 ], [ 10.642449999999865, 55.005750000000276 ], [ 10.628549999999866, 55.005750000000276 ], [ 10.628549999999866, 54.997450000000278 ], [ 10.642449999999865, 54.997450000000278 ], [ 10.642449999999865, 54.989150000000279 ], [ 10.656349999999865, 54.989150000000279 ], [ 10.670249999999864, 54.989150000000279 ], [ 10.670249999999864, 54.997450000000278 ], [ 10.684149999999864, 54.997450000000278 ], [ 10.684149999999864, 55.005750000000276 ], [ 10.698049999999864, 55.005750000000276 ], [ 10.698049999999864, 54.997450000000278 ], [ 10.698049999999864, 54.989150000000279 ], [ 10.698049999999864, 54.980850000000281 ], [ 10.684149999999864, 54.980850000000281 ], [ 10.670249999999864, 54.980850000000281 ], [ 10.670249999999864, 54.972550000000282 ], [ 10.656349999999865, 54.972550000000282 ], [ 10.656349999999865, 54.964250000000284 ], [ 10.642449999999865, 54.964250000000284 ], [ 10.642449999999865, 54.955950000000286 ], [ 10.628549999999866, 54.955950000000286 ], [ 10.614649999999866, 54.955950000000286 ], [ 10.600749999999866, 54.955950000000286 ], [ 10.600749999999866, 54.947650000000287 ], [ 10.586849999999867, 54.947650000000287 ], [ 10.586849999999867, 54.955950000000286 ], [ 10.572949999999867, 54.955950000000286 ], [ 10.572949999999867, 54.947650000000287 ], [ 10.559049999999868, 54.947650000000287 ], [ 10.559049999999868, 54.955950000000286 ], [ 10.559049999999868, 54.964250000000284 ], [ 10.545149999999868, 54.964250000000284 ], [ 10.545149999999868, 54.972550000000282 ], [ 10.531249999999869, 54.972550000000282 ], [ 10.531249999999869, 54.980850000000281 ], [ 10.531249999999869, 54.989150000000279 ], [ 10.531249999999869, 54.997450000000278 ], [ 10.531249999999869, 55.005750000000276 ], [ 10.517349999999869, 55.005750000000276 ], [ 10.517349999999869, 55.014050000000275 ], [ 10.531249999999869, 55.014050000000275 ], [ 10.545149999999868, 55.014050000000275 ], [ 10.545149999999868, 55.022350000000273 ], [ 10.559049999999868, 55.022350000000273 ], [ 10.559049999999868, 55.030650000000271 ], [ 10.572949999999867, 55.030650000000271 ], [ 10.586849999999867, 55.030650000000271 ], [ 10.586849999999867, 55.03895000000027 ], [ 10.600749999999866, 55.03895000000027 ], [ 10.600749999999866, 55.047250000000268 ], [ 10.614649999999866, 55.047250000000268 ], [ 10.614649999999866, 55.055550000000267 ], [ 10.628549999999866, 55.055550000000267 ] ], [ [ 10.100349999999882, 55.138550000000251 ], [ 10.100349999999882, 55.146850000000249 ], [ 10.114249999999881, 55.146850000000249 ], [ 10.114249999999881, 55.138550000000251 ], [ 10.100349999999882, 55.138550000000251 ] ], [ [ 10.100349999999882, 55.130250000000252 ], [ 10.086449999999882, 55.130250000000252 ], [ 10.086449999999882, 55.138550000000251 ], [ 10.100349999999882, 55.138550000000251 ], [ 10.100349999999882, 55.130250000000252 ] ], [ [ 9.766749999999892, 55.279650000000224 ], [ 9.766749999999892, 55.271350000000226 ], [ 9.780649999999891, 55.271350000000226 ], [ 9.780649999999891, 55.263050000000227 ], [ 9.766749999999892, 55.263050000000227 ], [ 9.766749999999892, 55.254750000000229 ], [ 9.752849999999892, 55.254750000000229 ], [ 9.738949999999893, 55.254750000000229 ], [ 9.738949999999893, 55.263050000000227 ], [ 9.738949999999893, 55.271350000000226 ], [ 9.738949999999893, 55.279650000000224 ], [ 9.752849999999892, 55.279650000000224 ], [ 9.766749999999892, 55.279650000000224 ] ], [ [ 9.697249999999894, 55.495450000000183 ], [ 9.711149999999893, 55.495450000000183 ], [ 9.711149999999893, 55.487150000000184 ], [ 9.697249999999894, 55.487150000000184 ], [ 9.697249999999894, 55.495450000000183 ] ], [ [ 9.697249999999894, 55.362650000000208 ], [ 9.697249999999894, 55.370950000000207 ], [ 9.711149999999893, 55.370950000000207 ], [ 9.711149999999893, 55.362650000000208 ], [ 9.711149999999893, 55.35435000000021 ], [ 9.697249999999894, 55.35435000000021 ], [ 9.697249999999894, 55.362650000000208 ] ], [ [ 9.558249999999898, 55.130250000000252 ], [ 9.572149999999898, 55.130250000000252 ], [ 9.572149999999898, 55.121950000000254 ], [ 9.558249999999898, 55.121950000000254 ], [ 9.558249999999898, 55.130250000000252 ] ], [ [ 10.086449999999882, 55.819150000000121 ], [ 10.072549999999882, 55.819150000000121 ], [ 10.072549999999882, 55.82745000000012 ], [ 10.072549999999882, 55.835750000000118 ], [ 10.086449999999882, 55.835750000000118 ], [ 10.100349999999882, 55.835750000000118 ], [ 10.100349999999882, 55.82745000000012 ], [ 10.100349999999882, 55.819150000000121 ], [ 10.086449999999882, 55.819150000000121 ] ], [ [ 9.80844999999989, 55.304550000000219 ], [ 9.794549999999891, 55.304550000000219 ], [ 9.794549999999891, 55.312850000000218 ], [ 9.794549999999891, 55.321150000000216 ], [ 9.794549999999891, 55.329450000000215 ], [ 9.80844999999989, 55.329450000000215 ], [ 9.82234999999989, 55.329450000000215 ], [ 9.82234999999989, 55.321150000000216 ], [ 9.83624999999989, 55.321150000000216 ], [ 9.83624999999989, 55.312850000000218 ], [ 9.83624999999989, 55.304550000000219 ], [ 9.82234999999989, 55.304550000000219 ], [ 9.80844999999989, 55.304550000000219 ] ], [ [ 12.518949999999808, 54.947650000000287 ], [ 12.505049999999809, 54.947650000000287 ], [ 12.505049999999809, 54.955950000000286 ], [ 12.491149999999809, 54.955950000000286 ], [ 12.47724999999981, 54.955950000000286 ], [ 12.46334999999981, 54.955950000000286 ], [ 12.46334999999981, 54.964250000000284 ], [ 12.449449999999811, 54.964250000000284 ], [ 12.435549999999811, 54.964250000000284 ], [ 12.421649999999811, 54.964250000000284 ], [ 12.421649999999811, 54.972550000000282 ], [ 12.407749999999812, 54.972550000000282 ], [ 12.393849999999812, 54.972550000000282 ], [ 12.379949999999813, 54.972550000000282 ], [ 12.366049999999813, 54.972550000000282 ], [ 12.366049999999813, 54.964250000000284 ], [ 12.352149999999813, 54.964250000000284 ], [ 12.338249999999814, 54.964250000000284 ], [ 12.324349999999814, 54.964250000000284 ], [ 12.324349999999814, 54.955950000000286 ], [ 12.310449999999815, 54.955950000000286 ], [ 12.310449999999815, 54.947650000000287 ], [ 12.296549999999815, 54.947650000000287 ], [ 12.282649999999816, 54.947650000000287 ], [ 12.282649999999816, 54.939350000000289 ], [ 12.282649999999816, 54.93105000000029 ], [ 12.268749999999816, 54.93105000000029 ], [ 12.268749999999816, 54.922750000000292 ], [ 12.254849999999816, 54.922750000000292 ], [ 12.254849999999816, 54.914450000000294 ], [ 12.240949999999817, 54.914450000000294 ], [ 12.240949999999817, 54.906150000000295 ], [ 12.227049999999817, 54.906150000000295 ], [ 12.227049999999817, 54.897850000000297 ], [ 12.227049999999817, 54.889550000000298 ], [ 12.213149999999818, 54.889550000000298 ], [ 12.199249999999818, 54.889550000000298 ], [ 12.199249999999818, 54.8812500000003 ], [ 12.185349999999818, 54.8812500000003 ], [ 12.171449999999819, 54.8812500000003 ], [ 12.171449999999819, 54.889550000000298 ], [ 12.157549999999819, 54.889550000000298 ], [ 12.14364999999982, 54.889550000000298 ], [ 12.14364999999982, 54.897850000000297 ], [ 12.14364999999982, 54.906150000000295 ], [ 12.12974999999982, 54.906150000000295 ], [ 12.115849999999821, 54.906150000000295 ], [ 12.115849999999821, 54.914450000000294 ], [ 12.101949999999821, 54.914450000000294 ], [ 12.101949999999821, 54.922750000000292 ], [ 12.115849999999821, 54.922750000000292 ], [ 12.115849999999821, 54.93105000000029 ], [ 12.115849999999821, 54.939350000000289 ], [ 12.12974999999982, 54.939350000000289 ], [ 12.12974999999982, 54.947650000000287 ], [ 12.14364999999982, 54.947650000000287 ], [ 12.14364999999982, 54.955950000000286 ], [ 12.12974999999982, 54.955950000000286 ], [ 12.12974999999982, 54.964250000000284 ], [ 12.14364999999982, 54.964250000000284 ], [ 12.14364999999982, 54.972550000000282 ], [ 12.157549999999819, 54.972550000000282 ], [ 12.171449999999819, 54.972550000000282 ], [ 12.171449999999819, 54.980850000000281 ], [ 12.171449999999819, 54.989150000000279 ], [ 12.185349999999818, 54.989150000000279 ], [ 12.199249999999818, 54.989150000000279 ], [ 12.199249999999818, 54.980850000000281 ], [ 12.213149999999818, 54.980850000000281 ], [ 12.213149999999818, 54.972550000000282 ], [ 12.227049999999817, 54.972550000000282 ], [ 12.227049999999817, 54.980850000000281 ], [ 12.240949999999817, 54.980850000000281 ], [ 12.254849999999816, 54.980850000000281 ], [ 12.254849999999816, 54.989150000000279 ], [ 12.268749999999816, 54.989150000000279 ], [ 12.282649999999816, 54.989150000000279 ], [ 12.282649999999816, 54.997450000000278 ], [ 12.282649999999816, 55.005750000000276 ], [ 12.282649999999816, 55.014050000000275 ], [ 12.282649999999816, 55.022350000000273 ], [ 12.282649999999816, 55.030650000000271 ], [ 12.268749999999816, 55.030650000000271 ], [ 12.268749999999816, 55.03895000000027 ], [ 12.254849999999816, 55.03895000000027 ], [ 12.240949999999817, 55.03895000000027 ], [ 12.240949999999817, 55.047250000000268 ], [ 12.227049999999817, 55.047250000000268 ], [ 12.227049999999817, 55.03895000000027 ], [ 12.213149999999818, 55.03895000000027 ], [ 12.199249999999818, 55.03895000000027 ], [ 12.199249999999818, 55.047250000000268 ], [ 12.185349999999818, 55.047250000000268 ], [ 12.185349999999818, 55.055550000000267 ], [ 12.199249999999818, 55.055550000000267 ], [ 12.213149999999818, 55.055550000000267 ], [ 12.213149999999818, 55.063850000000265 ], [ 12.213149999999818, 55.072150000000264 ], [ 12.227049999999817, 55.072150000000264 ], [ 12.227049999999817, 55.063850000000265 ], [ 12.240949999999817, 55.063850000000265 ], [ 12.240949999999817, 55.055550000000267 ], [ 12.254849999999816, 55.055550000000267 ], [ 12.254849999999816, 55.063850000000265 ], [ 12.268749999999816, 55.063850000000265 ], [ 12.282649999999816, 55.063850000000265 ], [ 12.282649999999816, 55.055550000000267 ], [ 12.282649999999816, 55.047250000000268 ], [ 12.296549999999815, 55.047250000000268 ], [ 12.296549999999815, 55.03895000000027 ], [ 12.310449999999815, 55.03895000000027 ], [ 12.310449999999815, 55.030650000000271 ], [ 12.324349999999814, 55.030650000000271 ], [ 12.338249999999814, 55.030650000000271 ], [ 12.352149999999813, 55.030650000000271 ], [ 12.366049999999813, 55.030650000000271 ], [ 12.379949999999813, 55.030650000000271 ], [ 12.393849999999812, 55.030650000000271 ], [ 12.407749999999812, 55.030650000000271 ], [ 12.421649999999811, 55.030650000000271 ], [ 12.435549999999811, 55.030650000000271 ], [ 12.449449999999811, 55.030650000000271 ], [ 12.46334999999981, 55.030650000000271 ], [ 12.47724999999981, 55.030650000000271 ], [ 12.47724999999981, 55.022350000000273 ], [ 12.491149999999809, 55.022350000000273 ], [ 12.505049999999809, 55.022350000000273 ], [ 12.505049999999809, 55.014050000000275 ], [ 12.518949999999808, 55.014050000000275 ], [ 12.532849999999808, 55.014050000000275 ], [ 12.532849999999808, 55.005750000000276 ], [ 12.546749999999808, 55.005750000000276 ], [ 12.546749999999808, 54.997450000000278 ], [ 12.546749999999808, 54.989150000000279 ], [ 12.560649999999807, 54.989150000000279 ], [ 12.560649999999807, 54.980850000000281 ], [ 12.560649999999807, 54.972550000000282 ], [ 12.560649999999807, 54.964250000000284 ], [ 12.560649999999807, 54.955950000000286 ], [ 12.546749999999808, 54.955950000000286 ], [ 12.546749999999808, 54.947650000000287 ], [ 12.532849999999808, 54.947650000000287 ], [ 12.518949999999808, 54.947650000000287 ] ], [ [ 12.532849999999808, 55.578450000000167 ], [ 12.532849999999808, 55.586750000000166 ], [ 12.532849999999808, 55.595050000000164 ], [ 12.518949999999808, 55.595050000000164 ], [ 12.518949999999808, 55.603350000000162 ], [ 12.518949999999808, 55.611650000000161 ], [ 12.518949999999808, 55.619950000000159 ], [ 12.518949999999808, 55.628250000000158 ], [ 12.532849999999808, 55.628250000000158 ], [ 12.532849999999808, 55.636550000000156 ], [ 12.546749999999808, 55.636550000000156 ], [ 12.560649999999807, 55.636550000000156 ], [ 12.560649999999807, 55.644850000000154 ], [ 12.574549999999807, 55.644850000000154 ], [ 12.574549999999807, 55.653150000000153 ], [ 12.574549999999807, 55.661450000000151 ], [ 12.588449999999806, 55.661450000000151 ], [ 12.588449999999806, 55.66975000000015 ], [ 12.602349999999806, 55.66975000000015 ], [ 12.602349999999806, 55.678050000000148 ], [ 12.616249999999805, 55.678050000000148 ], [ 12.616249999999805, 55.686350000000147 ], [ 12.616249999999805, 55.694650000000145 ], [ 12.630149999999805, 55.694650000000145 ], [ 12.644049999999805, 55.694650000000145 ], [ 12.644049999999805, 55.686350000000147 ], [ 12.644049999999805, 55.678050000000148 ], [ 12.644049999999805, 55.66975000000015 ], [ 12.644049999999805, 55.661450000000151 ], [ 12.644049999999805, 55.653150000000153 ], [ 12.657949999999804, 55.653150000000153 ], [ 12.657949999999804, 55.644850000000154 ], [ 12.657949999999804, 55.636550000000156 ], [ 12.671849999999804, 55.636550000000156 ], [ 12.685749999999803, 55.636550000000156 ], [ 12.685749999999803, 55.628250000000158 ], [ 12.685749999999803, 55.619950000000159 ], [ 12.685749999999803, 55.611650000000161 ], [ 12.671849999999804, 55.611650000000161 ], [ 12.671849999999804, 55.603350000000162 ], [ 12.685749999999803, 55.603350000000162 ], [ 12.685749999999803, 55.595050000000164 ], [ 12.685749999999803, 55.586750000000166 ], [ 12.671849999999804, 55.586750000000166 ], [ 12.657949999999804, 55.586750000000166 ], [ 12.657949999999804, 55.578450000000167 ], [ 12.644049999999805, 55.578450000000167 ], [ 12.644049999999805, 55.570150000000169 ], [ 12.630149999999805, 55.570150000000169 ], [ 12.616249999999805, 55.570150000000169 ], [ 12.616249999999805, 55.56185000000017 ], [ 12.602349999999806, 55.56185000000017 ], [ 12.602349999999806, 55.553550000000172 ], [ 12.588449999999806, 55.553550000000172 ], [ 12.588449999999806, 55.56185000000017 ], [ 12.574549999999807, 55.56185000000017 ], [ 12.560649999999807, 55.56185000000017 ], [ 12.560649999999807, 55.570150000000169 ], [ 12.546749999999808, 55.570150000000169 ], [ 12.546749999999808, 55.578450000000167 ], [ 12.532849999999808, 55.578450000000167 ] ], [ [ 12.518949999999808, 55.636550000000156 ], [ 12.505049999999809, 55.636550000000156 ], [ 12.505049999999809, 55.628250000000158 ], [ 12.505049999999809, 55.619950000000159 ], [ 12.505049999999809, 55.611650000000161 ], [ 12.491149999999809, 55.611650000000161 ], [ 12.491149999999809, 55.603350000000162 ], [ 12.47724999999981, 55.603350000000162 ], [ 12.46334999999981, 55.603350000000162 ], [ 12.46334999999981, 55.611650000000161 ], [ 12.449449999999811, 55.611650000000161 ], [ 12.435549999999811, 55.611650000000161 ], [ 12.435549999999811, 55.619950000000159 ], [ 12.421649999999811, 55.619950000000159 ], [ 12.407749999999812, 55.619950000000159 ], [ 12.407749999999812, 55.611650000000161 ], [ 12.393849999999812, 55.611650000000161 ], [ 12.379949999999813, 55.611650000000161 ], [ 12.379949999999813, 55.603350000000162 ], [ 12.366049999999813, 55.603350000000162 ], [ 12.366049999999813, 55.595050000000164 ], [ 12.352149999999813, 55.595050000000164 ], [ 12.352149999999813, 55.586750000000166 ], [ 12.338249999999814, 55.586750000000166 ], [ 12.324349999999814, 55.586750000000166 ], [ 12.310449999999815, 55.586750000000166 ], [ 12.310449999999815, 55.578450000000167 ], [ 12.296549999999815, 55.578450000000167 ], [ 12.296549999999815, 55.570150000000169 ], [ 12.282649999999816, 55.570150000000169 ], [ 12.282649999999816, 55.56185000000017 ], [ 12.268749999999816, 55.56185000000017 ], [ 12.268749999999816, 55.553550000000172 ], [ 12.254849999999816, 55.553550000000172 ], [ 12.254849999999816, 55.545250000000173 ], [ 12.240949999999817, 55.545250000000173 ], [ 12.240949999999817, 55.536950000000175 ], [ 12.240949999999817, 55.528650000000177 ], [ 12.227049999999817, 55.528650000000177 ], [ 12.227049999999817, 55.520350000000178 ], [ 12.227049999999817, 55.51205000000018 ], [ 12.227049999999817, 55.503750000000181 ], [ 12.213149999999818, 55.503750000000181 ], [ 12.213149999999818, 55.495450000000183 ], [ 12.213149999999818, 55.487150000000184 ], [ 12.213149999999818, 55.478850000000186 ], [ 12.199249999999818, 55.478850000000186 ], [ 12.199249999999818, 55.470550000000188 ], [ 12.199249999999818, 55.462250000000189 ], [ 12.199249999999818, 55.453950000000191 ], [ 12.199249999999818, 55.445650000000192 ], [ 12.213149999999818, 55.445650000000192 ], [ 12.213149999999818, 55.437350000000194 ], [ 12.227049999999817, 55.437350000000194 ], [ 12.227049999999817, 55.429050000000196 ], [ 12.240949999999817, 55.429050000000196 ], [ 12.240949999999817, 55.420750000000197 ], [ 12.254849999999816, 55.420750000000197 ], [ 12.268749999999816, 55.420750000000197 ], [ 12.268749999999816, 55.412450000000199 ], [ 12.282649999999816, 55.412450000000199 ], [ 12.296549999999815, 55.412450000000199 ], [ 12.296549999999815, 55.4041500000002 ], [ 12.310449999999815, 55.4041500000002 ], [ 12.324349999999814, 55.4041500000002 ], [ 12.338249999999814, 55.4041500000002 ], [ 12.352149999999813, 55.4041500000002 ], [ 12.366049999999813, 55.4041500000002 ], [ 12.379949999999813, 55.4041500000002 ], [ 12.379949999999813, 55.395850000000202 ], [ 12.393849999999812, 55.395850000000202 ], [ 12.393849999999812, 55.387550000000203 ], [ 12.407749999999812, 55.387550000000203 ], [ 12.407749999999812, 55.379250000000205 ], [ 12.421649999999811, 55.379250000000205 ], [ 12.421649999999811, 55.370950000000207 ], [ 12.435549999999811, 55.370950000000207 ], [ 12.435549999999811, 55.362650000000208 ], [ 12.449449999999811, 55.362650000000208 ], [ 12.449449999999811, 55.35435000000021 ], [ 12.449449999999811, 55.346050000000211 ], [ 12.449449999999811, 55.337750000000213 ], [ 12.46334999999981, 55.337750000000213 ], [ 12.46334999999981, 55.329450000000215 ], [ 12.449449999999811, 55.329450000000215 ], [ 12.449449999999811, 55.321150000000216 ], [ 12.449449999999811, 55.312850000000218 ], [ 12.449449999999811, 55.304550000000219 ], [ 12.46334999999981, 55.304550000000219 ], [ 12.46334999999981, 55.296250000000221 ], [ 12.46334999999981, 55.287950000000222 ], [ 12.449449999999811, 55.287950000000222 ], [ 12.449449999999811, 55.279650000000224 ], [ 12.435549999999811, 55.279650000000224 ], [ 12.435549999999811, 55.271350000000226 ], [ 12.421649999999811, 55.271350000000226 ], [ 12.421649999999811, 55.263050000000227 ], [ 12.407749999999812, 55.263050000000227 ], [ 12.393849999999812, 55.263050000000227 ], [ 12.379949999999813, 55.263050000000227 ], [ 12.379949999999813, 55.254750000000229 ], [ 12.366049999999813, 55.254750000000229 ], [ 12.366049999999813, 55.24645000000023 ], [ 12.366049999999813, 55.238150000000232 ], [ 12.352149999999813, 55.238150000000232 ], [ 12.338249999999814, 55.238150000000232 ], [ 12.338249999999814, 55.24645000000023 ], [ 12.324349999999814, 55.24645000000023 ], [ 12.310449999999815, 55.24645000000023 ], [ 12.296549999999815, 55.24645000000023 ], [ 12.282649999999816, 55.24645000000023 ], [ 12.268749999999816, 55.24645000000023 ], [ 12.254849999999816, 55.24645000000023 ], [ 12.254849999999816, 55.238150000000232 ], [ 12.240949999999817, 55.238150000000232 ], [ 12.227049999999817, 55.238150000000232 ], [ 12.227049999999817, 55.229850000000233 ], [ 12.213149999999818, 55.229850000000233 ], [ 12.199249999999818, 55.229850000000233 ], [ 12.199249999999818, 55.221550000000235 ], [ 12.185349999999818, 55.221550000000235 ], [ 12.171449999999819, 55.221550000000235 ], [ 12.171449999999819, 55.213250000000237 ], [ 12.157549999999819, 55.213250000000237 ], [ 12.157549999999819, 55.204950000000238 ], [ 12.14364999999982, 55.204950000000238 ], [ 12.14364999999982, 55.19665000000024 ], [ 12.12974999999982, 55.19665000000024 ], [ 12.12974999999982, 55.188350000000241 ], [ 12.115849999999821, 55.188350000000241 ], [ 12.115849999999821, 55.180050000000243 ], [ 12.115849999999821, 55.171750000000245 ], [ 12.115849999999821, 55.163450000000246 ], [ 12.115849999999821, 55.155150000000248 ], [ 12.115849999999821, 55.146850000000249 ], [ 12.115849999999821, 55.138550000000251 ], [ 12.12974999999982, 55.138550000000251 ], [ 12.14364999999982, 55.138550000000251 ], [ 12.157549999999819, 55.138550000000251 ], [ 12.157549999999819, 55.130250000000252 ], [ 12.171449999999819, 55.130250000000252 ], [ 12.185349999999818, 55.130250000000252 ], [ 12.185349999999818, 55.121950000000254 ], [ 12.199249999999818, 55.121950000000254 ], [ 12.199249999999818, 55.113650000000256 ], [ 12.185349999999818, 55.113650000000256 ], [ 12.185349999999818, 55.105350000000257 ], [ 12.171449999999819, 55.105350000000257 ], [ 12.171449999999819, 55.097050000000259 ], [ 12.171449999999819, 55.08875000000026 ], [ 12.171449999999819, 55.080450000000262 ], [ 12.157549999999819, 55.080450000000262 ], [ 12.14364999999982, 55.080450000000262 ], [ 12.14364999999982, 55.072150000000264 ], [ 12.12974999999982, 55.072150000000264 ], [ 12.12974999999982, 55.063850000000265 ], [ 12.14364999999982, 55.063850000000265 ], [ 12.14364999999982, 55.055550000000267 ], [ 12.14364999999982, 55.047250000000268 ], [ 12.157549999999819, 55.047250000000268 ], [ 12.157549999999819, 55.03895000000027 ], [ 12.157549999999819, 55.030650000000271 ], [ 12.171449999999819, 55.030650000000271 ], [ 12.171449999999819, 55.022350000000273 ], [ 12.171449999999819, 55.014050000000275 ], [ 12.171449999999819, 55.005750000000276 ], [ 12.171449999999819, 54.997450000000278 ], [ 12.157549999999819, 54.997450000000278 ], [ 12.14364999999982, 54.997450000000278 ], [ 12.12974999999982, 54.997450000000278 ], [ 12.12974999999982, 54.989150000000279 ], [ 12.12974999999982, 54.980850000000281 ], [ 12.115849999999821, 54.980850000000281 ], [ 12.101949999999821, 54.980850000000281 ], [ 12.088049999999821, 54.980850000000281 ], [ 12.088049999999821, 54.972550000000282 ], [ 12.074149999999822, 54.972550000000282 ], [ 12.060249999999822, 54.972550000000282 ], [ 12.060249999999822, 54.964250000000284 ], [ 12.046349999999823, 54.964250000000284 ], [ 12.032449999999823, 54.964250000000284 ], [ 12.032449999999823, 54.972550000000282 ], [ 12.018549999999824, 54.972550000000282 ], [ 12.004649999999824, 54.972550000000282 ], [ 12.004649999999824, 54.980850000000281 ], [ 11.990749999999824, 54.980850000000281 ], [ 11.976849999999825, 54.980850000000281 ], [ 11.976849999999825, 54.989150000000279 ], [ 11.962949999999825, 54.989150000000279 ], [ 11.962949999999825, 54.997450000000278 ], [ 11.949049999999826, 54.997450000000278 ], [ 11.949049999999826, 55.005750000000276 ], [ 11.935149999999826, 55.005750000000276 ], [ 11.921249999999826, 55.005750000000276 ], [ 11.921249999999826, 54.997450000000278 ], [ 11.907349999999827, 54.997450000000278 ], [ 11.907349999999827, 54.989150000000279 ], [ 11.893449999999827, 54.989150000000279 ], [ 11.879549999999828, 54.989150000000279 ], [ 11.879549999999828, 54.997450000000278 ], [ 11.893449999999827, 54.997450000000278 ], [ 11.893449999999827, 55.005750000000276 ], [ 11.879549999999828, 55.005750000000276 ], [ 11.879549999999828, 55.014050000000275 ], [ 11.865649999999828, 55.014050000000275 ], [ 11.865649999999828, 55.022350000000273 ], [ 11.851749999999829, 55.022350000000273 ], [ 11.851749999999829, 55.030650000000271 ], [ 11.837849999999829, 55.030650000000271 ], [ 11.823949999999829, 55.030650000000271 ], [ 11.823949999999829, 55.03895000000027 ], [ 11.81004999999983, 55.03895000000027 ], [ 11.81004999999983, 55.047250000000268 ], [ 11.79614999999983, 55.047250000000268 ], [ 11.782249999999831, 55.047250000000268 ], [ 11.782249999999831, 55.055550000000267 ], [ 11.768349999999831, 55.055550000000267 ], [ 11.754449999999832, 55.055550000000267 ], [ 11.740549999999832, 55.055550000000267 ], [ 11.740549999999832, 55.063850000000265 ], [ 11.726649999999832, 55.063850000000265 ], [ 11.712749999999833, 55.063850000000265 ], [ 11.712749999999833, 55.072150000000264 ], [ 11.726649999999832, 55.072150000000264 ], [ 11.740549999999832, 55.072150000000264 ], [ 11.754449999999832, 55.072150000000264 ], [ 11.768349999999831, 55.072150000000264 ], [ 11.768349999999831, 55.063850000000265 ], [ 11.782249999999831, 55.063850000000265 ], [ 11.79614999999983, 55.063850000000265 ], [ 11.79614999999983, 55.055550000000267 ], [ 11.81004999999983, 55.055550000000267 ], [ 11.823949999999829, 55.055550000000267 ], [ 11.823949999999829, 55.063850000000265 ], [ 11.823949999999829, 55.072150000000264 ], [ 11.81004999999983, 55.072150000000264 ], [ 11.81004999999983, 55.080450000000262 ], [ 11.79614999999983, 55.080450000000262 ], [ 11.782249999999831, 55.080450000000262 ], [ 11.768349999999831, 55.080450000000262 ], [ 11.754449999999832, 55.080450000000262 ], [ 11.754449999999832, 55.08875000000026 ], [ 11.740549999999832, 55.08875000000026 ], [ 11.740549999999832, 55.097050000000259 ], [ 11.740549999999832, 55.105350000000257 ], [ 11.740549999999832, 55.113650000000256 ], [ 11.726649999999832, 55.113650000000256 ], [ 11.726649999999832, 55.121950000000254 ], [ 11.712749999999833, 55.121950000000254 ], [ 11.712749999999833, 55.130250000000252 ], [ 11.712749999999833, 55.138550000000251 ], [ 11.712749999999833, 55.146850000000249 ], [ 11.726649999999832, 55.146850000000249 ], [ 11.726649999999832, 55.155150000000248 ], [ 11.712749999999833, 55.155150000000248 ], [ 11.712749999999833, 55.163450000000246 ], [ 11.712749999999833, 55.171750000000245 ], [ 11.712749999999833, 55.180050000000243 ], [ 11.698849999999833, 55.180050000000243 ], [ 11.698849999999833, 55.188350000000241 ], [ 11.698849999999833, 55.19665000000024 ], [ 11.698849999999833, 55.204950000000238 ], [ 11.712749999999833, 55.204950000000238 ], [ 11.726649999999832, 55.204950000000238 ], [ 11.740549999999832, 55.204950000000238 ], [ 11.740549999999832, 55.213250000000237 ], [ 11.726649999999832, 55.213250000000237 ], [ 11.712749999999833, 55.213250000000237 ], [ 11.698849999999833, 55.213250000000237 ], [ 11.684949999999834, 55.213250000000237 ], [ 11.684949999999834, 55.204950000000238 ], [ 11.671049999999834, 55.204950000000238 ], [ 11.671049999999834, 55.19665000000024 ], [ 11.671049999999834, 55.188350000000241 ], [ 11.684949999999834, 55.188350000000241 ], [ 11.684949999999834, 55.180050000000243 ], [ 11.684949999999834, 55.171750000000245 ], [ 11.684949999999834, 55.163450000000246 ], [ 11.671049999999834, 55.163450000000246 ], [ 11.671049999999834, 55.171750000000245 ], [ 11.657149999999834, 55.171750000000245 ], [ 11.657149999999834, 55.180050000000243 ], [ 11.643249999999835, 55.180050000000243 ], [ 11.643249999999835, 55.188350000000241 ], [ 11.629349999999835, 55.188350000000241 ], [ 11.615449999999836, 55.188350000000241 ], [ 11.601549999999836, 55.188350000000241 ], [ 11.601549999999836, 55.19665000000024 ], [ 11.587649999999837, 55.19665000000024 ], [ 11.573749999999837, 55.19665000000024 ], [ 11.559849999999837, 55.19665000000024 ], [ 11.545949999999838, 55.19665000000024 ], [ 11.532049999999838, 55.19665000000024 ], [ 11.532049999999838, 55.204950000000238 ], [ 11.518149999999839, 55.204950000000238 ], [ 11.504249999999839, 55.204950000000238 ], [ 11.49034999999984, 55.204950000000238 ], [ 11.49034999999984, 55.19665000000024 ], [ 11.47644999999984, 55.19665000000024 ], [ 11.46254999999984, 55.19665000000024 ], [ 11.46254999999984, 55.188350000000241 ], [ 11.448649999999841, 55.188350000000241 ], [ 11.434749999999841, 55.188350000000241 ], [ 11.420849999999842, 55.188350000000241 ], [ 11.406949999999842, 55.188350000000241 ], [ 11.406949999999842, 55.19665000000024 ], [ 11.393049999999842, 55.19665000000024 ], [ 11.393049999999842, 55.188350000000241 ], [ 11.379149999999843, 55.188350000000241 ], [ 11.365249999999843, 55.188350000000241 ], [ 11.365249999999843, 55.19665000000024 ], [ 11.379149999999843, 55.19665000000024 ], [ 11.379149999999843, 55.204950000000238 ], [ 11.365249999999843, 55.204950000000238 ], [ 11.351349999999844, 55.204950000000238 ], [ 11.337449999999844, 55.204950000000238 ], [ 11.337449999999844, 55.19665000000024 ], [ 11.323549999999845, 55.19665000000024 ], [ 11.309649999999845, 55.19665000000024 ], [ 11.295749999999845, 55.19665000000024 ], [ 11.295749999999845, 55.204950000000238 ], [ 11.281849999999846, 55.204950000000238 ], [ 11.267949999999846, 55.204950000000238 ], [ 11.267949999999846, 55.213250000000237 ], [ 11.254049999999847, 55.213250000000237 ], [ 11.254049999999847, 55.221550000000235 ], [ 11.240149999999847, 55.221550000000235 ], [ 11.240149999999847, 55.229850000000233 ], [ 11.254049999999847, 55.229850000000233 ], [ 11.254049999999847, 55.238150000000232 ], [ 11.240149999999847, 55.238150000000232 ], [ 11.240149999999847, 55.24645000000023 ], [ 11.240149999999847, 55.254750000000229 ], [ 11.254049999999847, 55.254750000000229 ], [ 11.254049999999847, 55.263050000000227 ], [ 11.254049999999847, 55.271350000000226 ], [ 11.240149999999847, 55.271350000000226 ], [ 11.240149999999847, 55.279650000000224 ], [ 11.240149999999847, 55.287950000000222 ], [ 11.240149999999847, 55.296250000000221 ], [ 11.226249999999848, 55.296250000000221 ], [ 11.212349999999848, 55.296250000000221 ], [ 11.212349999999848, 55.304550000000219 ], [ 11.198449999999848, 55.304550000000219 ], [ 11.184549999999849, 55.304550000000219 ], [ 11.184549999999849, 55.312850000000218 ], [ 11.170649999999849, 55.312850000000218 ], [ 11.170649999999849, 55.321150000000216 ], [ 11.15674999999985, 55.321150000000216 ], [ 11.15674999999985, 55.329450000000215 ], [ 11.14284999999985, 55.329450000000215 ], [ 11.14284999999985, 55.337750000000213 ], [ 11.14284999999985, 55.346050000000211 ], [ 11.12894999999985, 55.346050000000211 ], [ 11.115049999999851, 55.346050000000211 ], [ 11.115049999999851, 55.35435000000021 ], [ 11.101149999999851, 55.35435000000021 ], [ 11.101149999999851, 55.362650000000208 ], [ 11.115049999999851, 55.362650000000208 ], [ 11.115049999999851, 55.370950000000207 ], [ 11.12894999999985, 55.370950000000207 ], [ 11.14284999999985, 55.370950000000207 ], [ 11.15674999999985, 55.370950000000207 ], [ 11.15674999999985, 55.379250000000205 ], [ 11.170649999999849, 55.379250000000205 ], [ 11.184549999999849, 55.379250000000205 ], [ 11.184549999999849, 55.387550000000203 ], [ 11.198449999999848, 55.387550000000203 ], [ 11.212349999999848, 55.387550000000203 ], [ 11.212349999999848, 55.395850000000202 ], [ 11.226249999999848, 55.395850000000202 ], [ 11.226249999999848, 55.4041500000002 ], [ 11.212349999999848, 55.4041500000002 ], [ 11.212349999999848, 55.412450000000199 ], [ 11.212349999999848, 55.420750000000197 ], [ 11.198449999999848, 55.420750000000197 ], [ 11.198449999999848, 55.429050000000196 ], [ 11.198449999999848, 55.437350000000194 ], [ 11.212349999999848, 55.437350000000194 ], [ 11.212349999999848, 55.445650000000192 ], [ 11.212349999999848, 55.453950000000191 ], [ 11.198449999999848, 55.453950000000191 ], [ 11.198449999999848, 55.462250000000189 ], [ 11.198449999999848, 55.470550000000188 ], [ 11.184549999999849, 55.470550000000188 ], [ 11.184549999999849, 55.478850000000186 ], [ 11.184549999999849, 55.487150000000184 ], [ 11.184549999999849, 55.495450000000183 ], [ 11.170649999999849, 55.495450000000183 ], [ 11.170649999999849, 55.503750000000181 ], [ 11.170649999999849, 55.51205000000018 ], [ 11.15674999999985, 55.51205000000018 ], [ 11.15674999999985, 55.520350000000178 ], [ 11.14284999999985, 55.520350000000178 ], [ 11.14284999999985, 55.528650000000177 ], [ 11.12894999999985, 55.528650000000177 ], [ 11.12894999999985, 55.520350000000178 ], [ 11.115049999999851, 55.520350000000178 ], [ 11.115049999999851, 55.51205000000018 ], [ 11.101149999999851, 55.51205000000018 ], [ 11.087249999999852, 55.51205000000018 ], [ 11.087249999999852, 55.520350000000178 ], [ 11.087249999999852, 55.528650000000177 ], [ 11.087249999999852, 55.536950000000175 ], [ 11.101149999999851, 55.536950000000175 ], [ 11.115049999999851, 55.536950000000175 ], [ 11.12894999999985, 55.536950000000175 ], [ 11.14284999999985, 55.536950000000175 ], [ 11.14284999999985, 55.545250000000173 ], [ 11.15674999999985, 55.545250000000173 ], [ 11.15674999999985, 55.553550000000172 ], [ 11.15674999999985, 55.56185000000017 ], [ 11.15674999999985, 55.570150000000169 ], [ 11.15674999999985, 55.578450000000167 ], [ 11.15674999999985, 55.586750000000166 ], [ 11.15674999999985, 55.595050000000164 ], [ 11.15674999999985, 55.603350000000162 ], [ 11.14284999999985, 55.603350000000162 ], [ 11.14284999999985, 55.611650000000161 ], [ 11.14284999999985, 55.619950000000159 ], [ 11.12894999999985, 55.619950000000159 ], [ 11.115049999999851, 55.619950000000159 ], [ 11.115049999999851, 55.628250000000158 ], [ 11.101149999999851, 55.628250000000158 ], [ 11.101149999999851, 55.636550000000156 ], [ 11.087249999999852, 55.636550000000156 ], [ 11.087249999999852, 55.644850000000154 ], [ 11.073349999999852, 55.644850000000154 ], [ 11.059449999999853, 55.644850000000154 ], [ 11.059449999999853, 55.653150000000153 ], [ 11.045549999999853, 55.653150000000153 ], [ 11.031649999999853, 55.653150000000153 ], [ 11.017749999999854, 55.653150000000153 ], [ 11.017749999999854, 55.661450000000151 ], [ 11.003849999999854, 55.661450000000151 ], [ 10.989949999999855, 55.661450000000151 ], [ 10.976049999999855, 55.661450000000151 ], [ 10.962149999999856, 55.661450000000151 ], [ 10.948249999999856, 55.661450000000151 ], [ 10.948249999999856, 55.66975000000015 ], [ 10.934349999999856, 55.66975000000015 ], [ 10.934349999999856, 55.678050000000148 ], [ 10.948249999999856, 55.678050000000148 ], [ 10.962149999999856, 55.678050000000148 ], [ 10.962149999999856, 55.66975000000015 ], [ 10.976049999999855, 55.66975000000015 ], [ 10.989949999999855, 55.66975000000015 ], [ 11.003849999999854, 55.66975000000015 ], [ 11.017749999999854, 55.66975000000015 ], [ 11.031649999999853, 55.66975000000015 ], [ 11.045549999999853, 55.66975000000015 ], [ 11.059449999999853, 55.66975000000015 ], [ 11.073349999999852, 55.66975000000015 ], [ 11.087249999999852, 55.66975000000015 ], [ 11.101149999999851, 55.66975000000015 ], [ 11.101149999999851, 55.678050000000148 ], [ 11.087249999999852, 55.678050000000148 ], [ 11.073349999999852, 55.678050000000148 ], [ 11.073349999999852, 55.686350000000147 ], [ 11.059449999999853, 55.686350000000147 ], [ 11.059449999999853, 55.694650000000145 ], [ 11.045549999999853, 55.694650000000145 ], [ 11.031649999999853, 55.694650000000145 ], [ 11.031649999999853, 55.702950000000143 ], [ 11.031649999999853, 55.711250000000142 ], [ 11.017749999999854, 55.711250000000142 ], [ 11.017749999999854, 55.71955000000014 ], [ 11.003849999999854, 55.71955000000014 ], [ 11.003849999999854, 55.727850000000139 ], [ 10.989949999999855, 55.727850000000139 ], [ 10.989949999999855, 55.736150000000137 ], [ 10.976049999999855, 55.736150000000137 ], [ 10.962149999999856, 55.736150000000137 ], [ 10.948249999999856, 55.736150000000137 ], [ 10.934349999999856, 55.736150000000137 ], [ 10.920449999999857, 55.736150000000137 ], [ 10.906549999999857, 55.736150000000137 ], [ 10.892649999999858, 55.736150000000137 ], [ 10.892649999999858, 55.744450000000136 ], [ 10.878749999999858, 55.744450000000136 ], [ 10.878749999999858, 55.752750000000134 ], [ 10.892649999999858, 55.752750000000134 ], [ 10.906549999999857, 55.752750000000134 ], [ 10.920449999999857, 55.752750000000134 ], [ 10.934349999999856, 55.752750000000134 ], [ 10.948249999999856, 55.752750000000134 ], [ 10.962149999999856, 55.752750000000134 ], [ 10.976049999999855, 55.752750000000134 ], [ 10.989949999999855, 55.752750000000134 ], [ 10.989949999999855, 55.744450000000136 ], [ 11.003849999999854, 55.744450000000136 ], [ 11.017749999999854, 55.744450000000136 ], [ 11.031649999999853, 55.744450000000136 ], [ 11.031649999999853, 55.736150000000137 ], [ 11.045549999999853, 55.736150000000137 ], [ 11.059449999999853, 55.736150000000137 ], [ 11.073349999999852, 55.736150000000137 ], [ 11.087249999999852, 55.736150000000137 ], [ 11.101149999999851, 55.736150000000137 ], [ 11.101149999999851, 55.744450000000136 ], [ 11.115049999999851, 55.744450000000136 ], [ 11.115049999999851, 55.752750000000134 ], [ 11.12894999999985, 55.752750000000134 ], [ 11.14284999999985, 55.752750000000134 ], [ 11.15674999999985, 55.752750000000134 ], [ 11.170649999999849, 55.752750000000134 ], [ 11.184549999999849, 55.752750000000134 ], [ 11.184549999999849, 55.744450000000136 ], [ 11.198449999999848, 55.744450000000136 ], [ 11.198449999999848, 55.736150000000137 ], [ 11.212349999999848, 55.736150000000137 ], [ 11.212349999999848, 55.744450000000136 ], [ 11.226249999999848, 55.744450000000136 ], [ 11.240149999999847, 55.744450000000136 ], [ 11.254049999999847, 55.744450000000136 ], [ 11.254049999999847, 55.736150000000137 ], [ 11.267949999999846, 55.736150000000137 ], [ 11.281849999999846, 55.736150000000137 ], [ 11.281849999999846, 55.744450000000136 ], [ 11.295749999999845, 55.744450000000136 ], [ 11.295749999999845, 55.752750000000134 ], [ 11.295749999999845, 55.761050000000132 ], [ 11.309649999999845, 55.761050000000132 ], [ 11.323549999999845, 55.761050000000132 ], [ 11.337449999999844, 55.761050000000132 ], [ 11.351349999999844, 55.761050000000132 ], [ 11.365249999999843, 55.761050000000132 ], [ 11.365249999999843, 55.769350000000131 ], [ 11.365249999999843, 55.777650000000129 ], [ 11.379149999999843, 55.777650000000129 ], [ 11.393049999999842, 55.777650000000129 ], [ 11.393049999999842, 55.785950000000128 ], [ 11.393049999999842, 55.794250000000126 ], [ 11.379149999999843, 55.794250000000126 ], [ 11.379149999999843, 55.802550000000124 ], [ 11.379149999999843, 55.810850000000123 ], [ 11.379149999999843, 55.819150000000121 ], [ 11.379149999999843, 55.82745000000012 ], [ 11.379149999999843, 55.835750000000118 ], [ 11.379149999999843, 55.844050000000117 ], [ 11.393049999999842, 55.844050000000117 ], [ 11.393049999999842, 55.835750000000118 ], [ 11.406949999999842, 55.835750000000118 ], [ 11.420849999999842, 55.835750000000118 ], [ 11.420849999999842, 55.844050000000117 ], [ 11.434749999999841, 55.844050000000117 ], [ 11.448649999999841, 55.844050000000117 ], [ 11.448649999999841, 55.852350000000115 ], [ 11.46254999999984, 55.852350000000115 ], [ 11.47644999999984, 55.852350000000115 ], [ 11.49034999999984, 55.852350000000115 ], [ 11.504249999999839, 55.852350000000115 ], [ 11.504249999999839, 55.860650000000113 ], [ 11.518149999999839, 55.860650000000113 ], [ 11.518149999999839, 55.868950000000112 ], [ 11.518149999999839, 55.87725000000011 ], [ 11.532049999999838, 55.87725000000011 ], [ 11.532049999999838, 55.885550000000109 ], [ 11.532049999999838, 55.893850000000107 ], [ 11.532049999999838, 55.902150000000105 ], [ 11.518149999999839, 55.902150000000105 ], [ 11.518149999999839, 55.910450000000104 ], [ 11.532049999999838, 55.910450000000104 ], [ 11.532049999999838, 55.918750000000102 ], [ 11.532049999999838, 55.927050000000101 ], [ 11.518149999999839, 55.927050000000101 ], [ 11.518149999999839, 55.93535 ], [ 11.504249999999839, 55.93535 ], [ 11.504249999999839, 55.94365 ], [ 11.49034999999984, 55.94365 ], [ 11.49034999999984, 55.95195 ], [ 11.47644999999984, 55.95195 ], [ 11.46254999999984, 55.95195 ], [ 11.448649999999841, 55.95195 ], [ 11.434749999999841, 55.95195 ], [ 11.420849999999842, 55.95195 ], [ 11.406949999999842, 55.95195 ], [ 11.393049999999842, 55.95195 ], [ 11.393049999999842, 55.96025 ], [ 11.379149999999843, 55.96025 ], [ 11.365249999999843, 55.96025 ], [ 11.351349999999844, 55.96025 ], [ 11.351349999999844, 55.96855 ], [ 11.337449999999844, 55.96855 ], [ 11.337449999999844, 55.97685 ], [ 11.323549999999845, 55.97685 ], [ 11.309649999999845, 55.97685 ], [ 11.309649999999845, 55.98515 ], [ 11.323549999999845, 55.98515 ], [ 11.337449999999844, 55.98515 ], [ 11.351349999999844, 55.98515 ], [ 11.351349999999844, 55.97685 ], [ 11.365249999999843, 55.97685 ], [ 11.379149999999843, 55.97685 ], [ 11.379149999999843, 55.96855 ], [ 11.393049999999842, 55.96855 ], [ 11.406949999999842, 55.96855 ], [ 11.420849999999842, 55.96855 ], [ 11.434749999999841, 55.96855 ], [ 11.448649999999841, 55.96855 ], [ 11.448649999999841, 55.96025 ], [ 11.46254999999984, 55.96025 ], [ 11.47644999999984, 55.96025 ], [ 11.49034999999984, 55.96025 ], [ 11.504249999999839, 55.96025 ], [ 11.518149999999839, 55.96025 ], [ 11.518149999999839, 55.95195 ], [ 11.532049999999838, 55.95195 ], [ 11.545949999999838, 55.95195 ], [ 11.545949999999838, 55.96025 ], [ 11.559849999999837, 55.96025 ], [ 11.573749999999837, 55.96025 ], [ 11.587649999999837, 55.96025 ], [ 11.601549999999836, 55.96025 ], [ 11.601549999999836, 55.95195 ], [ 11.615449999999836, 55.95195 ], [ 11.615449999999836, 55.94365 ], [ 11.629349999999835, 55.94365 ], [ 11.643249999999835, 55.94365 ], [ 11.657149999999834, 55.94365 ], [ 11.671049999999834, 55.94365 ], [ 11.671049999999834, 55.95195 ], [ 11.684949999999834, 55.95195 ], [ 11.698849999999833, 55.95195 ], [ 11.712749999999833, 55.95195 ], [ 11.726649999999832, 55.95195 ], [ 11.726649999999832, 55.96025 ], [ 11.740549999999832, 55.96025 ], [ 11.740549999999832, 55.96855 ], [ 11.754449999999832, 55.96855 ], [ 11.754449999999832, 55.97685 ], [ 11.768349999999831, 55.97685 ], [ 11.782249999999831, 55.97685 ], [ 11.782249999999831, 55.96855 ], [ 11.79614999999983, 55.96855 ], [ 11.79614999999983, 55.96025 ], [ 11.79614999999983, 55.95195 ], [ 11.782249999999831, 55.95195 ], [ 11.768349999999831, 55.95195 ], [ 11.768349999999831, 55.94365 ], [ 11.768349999999831, 55.93535 ], [ 11.754449999999832, 55.93535 ], [ 11.754449999999832, 55.927050000000101 ], [ 11.754449999999832, 55.918750000000102 ], [ 11.754449999999832, 55.910450000000104 ], [ 11.754449999999832, 55.902150000000105 ], [ 11.740549999999832, 55.902150000000105 ], [ 11.726649999999832, 55.902150000000105 ], [ 11.726649999999832, 55.910450000000104 ], [ 11.712749999999833, 55.910450000000104 ], [ 11.712749999999833, 55.918750000000102 ], [ 11.698849999999833, 55.918750000000102 ], [ 11.684949999999834, 55.918750000000102 ], [ 11.684949999999834, 55.910450000000104 ], [ 11.671049999999834, 55.910450000000104 ], [ 11.671049999999834, 55.902150000000105 ], [ 11.671049999999834, 55.893850000000107 ], [ 11.671049999999834, 55.885550000000109 ], [ 11.684949999999834, 55.885550000000109 ], [ 11.684949999999834, 55.87725000000011 ], [ 11.698849999999833, 55.87725000000011 ], [ 11.698849999999833, 55.868950000000112 ], [ 11.712749999999833, 55.868950000000112 ], [ 11.712749999999833, 55.860650000000113 ], [ 11.712749999999833, 55.852350000000115 ], [ 11.726649999999832, 55.852350000000115 ], [ 11.726649999999832, 55.844050000000117 ], [ 11.740549999999832, 55.844050000000117 ], [ 11.740549999999832, 55.835750000000118 ], [ 11.740549999999832, 55.82745000000012 ], [ 11.740549999999832, 55.819150000000121 ], [ 11.726649999999832, 55.819150000000121 ], [ 11.726649999999832, 55.810850000000123 ], [ 11.712749999999833, 55.810850000000123 ], [ 11.698849999999833, 55.810850000000123 ], [ 11.698849999999833, 55.819150000000121 ], [ 11.684949999999834, 55.819150000000121 ], [ 11.671049999999834, 55.819150000000121 ], [ 11.671049999999834, 55.810850000000123 ], [ 11.657149999999834, 55.810850000000123 ], [ 11.657149999999834, 55.802550000000124 ], [ 11.643249999999835, 55.802550000000124 ], [ 11.643249999999835, 55.794250000000126 ], [ 11.629349999999835, 55.794250000000126 ], [ 11.629349999999835, 55.785950000000128 ], [ 11.615449999999836, 55.785950000000128 ], [ 11.615449999999836, 55.777650000000129 ], [ 11.629349999999835, 55.777650000000129 ], [ 11.643249999999835, 55.777650000000129 ], [ 11.657149999999834, 55.777650000000129 ], [ 11.671049999999834, 55.777650000000129 ], [ 11.671049999999834, 55.785950000000128 ], [ 11.684949999999834, 55.785950000000128 ], [ 11.698849999999833, 55.785950000000128 ], [ 11.698849999999833, 55.794250000000126 ], [ 11.712749999999833, 55.794250000000126 ], [ 11.726649999999832, 55.794250000000126 ], [ 11.740549999999832, 55.794250000000126 ], [ 11.754449999999832, 55.794250000000126 ], [ 11.754449999999832, 55.785950000000128 ], [ 11.754449999999832, 55.777650000000129 ], [ 11.768349999999831, 55.777650000000129 ], [ 11.768349999999831, 55.769350000000131 ], [ 11.754449999999832, 55.769350000000131 ], [ 11.754449999999832, 55.761050000000132 ], [ 11.768349999999831, 55.761050000000132 ], [ 11.768349999999831, 55.752750000000134 ], [ 11.768349999999831, 55.744450000000136 ], [ 11.754449999999832, 55.744450000000136 ], [ 11.740549999999832, 55.744450000000136 ], [ 11.740549999999832, 55.736150000000137 ], [ 11.726649999999832, 55.736150000000137 ], [ 11.712749999999833, 55.736150000000137 ], [ 11.698849999999833, 55.736150000000137 ], [ 11.684949999999834, 55.736150000000137 ], [ 11.671049999999834, 55.736150000000137 ], [ 11.671049999999834, 55.727850000000139 ], [ 11.671049999999834, 55.71955000000014 ], [ 11.684949999999834, 55.71955000000014 ], [ 11.698849999999833, 55.71955000000014 ], [ 11.712749999999833, 55.71955000000014 ], [ 11.726649999999832, 55.71955000000014 ], [ 11.740549999999832, 55.71955000000014 ], [ 11.740549999999832, 55.727850000000139 ], [ 11.754449999999832, 55.727850000000139 ], [ 11.768349999999831, 55.727850000000139 ], [ 11.768349999999831, 55.736150000000137 ], [ 11.782249999999831, 55.736150000000137 ], [ 11.782249999999831, 55.727850000000139 ], [ 11.782249999999831, 55.71955000000014 ], [ 11.79614999999983, 55.71955000000014 ], [ 11.79614999999983, 55.711250000000142 ], [ 11.81004999999983, 55.711250000000142 ], [ 11.81004999999983, 55.702950000000143 ], [ 11.81004999999983, 55.694650000000145 ], [ 11.81004999999983, 55.686350000000147 ], [ 11.79614999999983, 55.686350000000147 ], [ 11.79614999999983, 55.678050000000148 ], [ 11.79614999999983, 55.66975000000015 ], [ 11.79614999999983, 55.661450000000151 ], [ 11.81004999999983, 55.661450000000151 ], [ 11.81004999999983, 55.66975000000015 ], [ 11.823949999999829, 55.66975000000015 ], [ 11.823949999999829, 55.678050000000148 ], [ 11.823949999999829, 55.686350000000147 ], [ 11.837849999999829, 55.686350000000147 ], [ 11.837849999999829, 55.694650000000145 ], [ 11.851749999999829, 55.694650000000145 ], [ 11.851749999999829, 55.702950000000143 ], [ 11.865649999999828, 55.702950000000143 ], [ 11.865649999999828, 55.711250000000142 ], [ 11.851749999999829, 55.711250000000142 ], [ 11.851749999999829, 55.71955000000014 ], [ 11.865649999999828, 55.71955000000014 ], [ 11.865649999999828, 55.727850000000139 ], [ 11.865649999999828, 55.736150000000137 ], [ 11.865649999999828, 55.744450000000136 ], [ 11.865649999999828, 55.752750000000134 ], [ 11.851749999999829, 55.752750000000134 ], [ 11.851749999999829, 55.761050000000132 ], [ 11.851749999999829, 55.769350000000131 ], [ 11.865649999999828, 55.769350000000131 ], [ 11.865649999999828, 55.777650000000129 ], [ 11.865649999999828, 55.785950000000128 ], [ 11.865649999999828, 55.794250000000126 ], [ 11.865649999999828, 55.802550000000124 ], [ 11.879549999999828, 55.802550000000124 ], [ 11.879549999999828, 55.810850000000123 ], [ 11.893449999999827, 55.810850000000123 ], [ 11.893449999999827, 55.819150000000121 ], [ 11.907349999999827, 55.819150000000121 ], [ 11.921249999999826, 55.819150000000121 ], [ 11.935149999999826, 55.819150000000121 ], [ 11.935149999999826, 55.82745000000012 ], [ 11.949049999999826, 55.82745000000012 ], [ 11.949049999999826, 55.835750000000118 ], [ 11.949049999999826, 55.844050000000117 ], [ 11.962949999999825, 55.844050000000117 ], [ 11.962949999999825, 55.852350000000115 ], [ 11.962949999999825, 55.860650000000113 ], [ 11.949049999999826, 55.860650000000113 ], [ 11.949049999999826, 55.868950000000112 ], [ 11.949049999999826, 55.87725000000011 ], [ 11.935149999999826, 55.87725000000011 ], [ 11.935149999999826, 55.885550000000109 ], [ 11.935149999999826, 55.893850000000107 ], [ 11.935149999999826, 55.902150000000105 ], [ 11.921249999999826, 55.902150000000105 ], [ 11.921249999999826, 55.910450000000104 ], [ 11.921249999999826, 55.918750000000102 ], [ 11.907349999999827, 55.918750000000102 ], [ 11.907349999999827, 55.927050000000101 ], [ 11.907349999999827, 55.93535 ], [ 11.921249999999826, 55.93535 ], [ 11.935149999999826, 55.93535 ], [ 11.949049999999826, 55.93535 ], [ 11.962949999999825, 55.93535 ], [ 11.976849999999825, 55.93535 ], [ 11.976849999999825, 55.927050000000101 ], [ 11.990749999999824, 55.927050000000101 ], [ 11.990749999999824, 55.918750000000102 ], [ 12.004649999999824, 55.918750000000102 ], [ 12.004649999999824, 55.910450000000104 ], [ 12.018549999999824, 55.910450000000104 ], [ 12.032449999999823, 55.910450000000104 ], [ 12.032449999999823, 55.902150000000105 ], [ 12.032449999999823, 55.893850000000107 ], [ 12.018549999999824, 55.893850000000107 ], [ 12.018549999999824, 55.885550000000109 ], [ 12.004649999999824, 55.885550000000109 ], [ 12.004649999999824, 55.87725000000011 ], [ 12.004649999999824, 55.868950000000112 ], [ 12.004649999999824, 55.860650000000113 ], [ 12.018549999999824, 55.860650000000113 ], [ 12.032449999999823, 55.860650000000113 ], [ 12.032449999999823, 55.852350000000115 ], [ 12.032449999999823, 55.844050000000117 ], [ 12.046349999999823, 55.844050000000117 ], [ 12.046349999999823, 55.835750000000118 ], [ 12.046349999999823, 55.82745000000012 ], [ 12.046349999999823, 55.819150000000121 ], [ 12.046349999999823, 55.810850000000123 ], [ 12.046349999999823, 55.802550000000124 ], [ 12.060249999999822, 55.802550000000124 ], [ 12.060249999999822, 55.794250000000126 ], [ 12.060249999999822, 55.785950000000128 ], [ 12.060249999999822, 55.777650000000129 ], [ 12.074149999999822, 55.777650000000129 ], [ 12.074149999999822, 55.769350000000131 ], [ 12.074149999999822, 55.761050000000132 ], [ 12.074149999999822, 55.752750000000134 ], [ 12.074149999999822, 55.744450000000136 ], [ 12.088049999999821, 55.744450000000136 ], [ 12.088049999999821, 55.736150000000137 ], [ 12.101949999999821, 55.736150000000137 ], [ 12.101949999999821, 55.727850000000139 ], [ 12.088049999999821, 55.727850000000139 ], [ 12.074149999999822, 55.727850000000139 ], [ 12.074149999999822, 55.736150000000137 ], [ 12.060249999999822, 55.736150000000137 ], [ 12.046349999999823, 55.736150000000137 ], [ 12.032449999999823, 55.736150000000137 ], [ 12.032449999999823, 55.727850000000139 ], [ 12.018549999999824, 55.727850000000139 ], [ 12.004649999999824, 55.727850000000139 ], [ 12.004649999999824, 55.736150000000137 ], [ 11.990749999999824, 55.736150000000137 ], [ 11.990749999999824, 55.727850000000139 ], [ 11.990749999999824, 55.71955000000014 ], [ 11.976849999999825, 55.71955000000014 ], [ 11.976849999999825, 55.711250000000142 ], [ 11.976849999999825, 55.702950000000143 ], [ 11.962949999999825, 55.702950000000143 ], [ 11.962949999999825, 55.694650000000145 ], [ 11.962949999999825, 55.686350000000147 ], [ 11.949049999999826, 55.686350000000147 ], [ 11.949049999999826, 55.678050000000148 ], [ 11.949049999999826, 55.66975000000015 ], [ 11.935149999999826, 55.66975000000015 ], [ 11.935149999999826, 55.661450000000151 ], [ 11.949049999999826, 55.661450000000151 ], [ 11.962949999999825, 55.661450000000151 ], [ 11.962949999999825, 55.66975000000015 ], [ 11.962949999999825, 55.678050000000148 ], [ 11.976849999999825, 55.678050000000148 ], [ 11.990749999999824, 55.678050000000148 ], [ 11.990749999999824, 55.686350000000147 ], [ 11.990749999999824, 55.694650000000145 ], [ 11.990749999999824, 55.702950000000143 ], [ 12.004649999999824, 55.702950000000143 ], [ 12.018549999999824, 55.702950000000143 ], [ 12.018549999999824, 55.694650000000145 ], [ 12.032449999999823, 55.694650000000145 ], [ 12.046349999999823, 55.694650000000145 ], [ 12.046349999999823, 55.686350000000147 ], [ 12.032449999999823, 55.686350000000147 ], [ 12.018549999999824, 55.686350000000147 ], [ 12.018549999999824, 55.678050000000148 ], [ 12.032449999999823, 55.678050000000148 ], [ 12.032449999999823, 55.66975000000015 ], [ 12.046349999999823, 55.66975000000015 ], [ 12.046349999999823, 55.678050000000148 ], [ 12.060249999999822, 55.678050000000148 ], [ 12.060249999999822, 55.66975000000015 ], [ 12.074149999999822, 55.66975000000015 ], [ 12.074149999999822, 55.661450000000151 ], [ 12.088049999999821, 55.661450000000151 ], [ 12.088049999999821, 55.66975000000015 ], [ 12.088049999999821, 55.678050000000148 ], [ 12.074149999999822, 55.678050000000148 ], [ 12.074149999999822, 55.686350000000147 ], [ 12.088049999999821, 55.686350000000147 ], [ 12.088049999999821, 55.694650000000145 ], [ 12.101949999999821, 55.694650000000145 ], [ 12.101949999999821, 55.702950000000143 ], [ 12.115849999999821, 55.702950000000143 ], [ 12.12974999999982, 55.702950000000143 ], [ 12.12974999999982, 55.711250000000142 ], [ 12.115849999999821, 55.711250000000142 ], [ 12.115849999999821, 55.71955000000014 ], [ 12.115849999999821, 55.727850000000139 ], [ 12.115849999999821, 55.736150000000137 ], [ 12.115849999999821, 55.744450000000136 ], [ 12.101949999999821, 55.744450000000136 ], [ 12.101949999999821, 55.752750000000134 ], [ 12.101949999999821, 55.761050000000132 ], [ 12.101949999999821, 55.769350000000131 ], [ 12.088049999999821, 55.769350000000131 ], [ 12.088049999999821, 55.777650000000129 ], [ 12.088049999999821, 55.785950000000128 ], [ 12.088049999999821, 55.794250000000126 ], [ 12.074149999999822, 55.794250000000126 ], [ 12.074149999999822, 55.802550000000124 ], [ 12.088049999999821, 55.802550000000124 ], [ 12.088049999999821, 55.810850000000123 ], [ 12.074149999999822, 55.810850000000123 ], [ 12.074149999999822, 55.819150000000121 ], [ 12.074149999999822, 55.82745000000012 ], [ 12.074149999999822, 55.835750000000118 ], [ 12.060249999999822, 55.835750000000118 ], [ 12.060249999999822, 55.844050000000117 ], [ 12.060249999999822, 55.852350000000115 ], [ 12.060249999999822, 55.860650000000113 ], [ 12.060249999999822, 55.868950000000112 ], [ 12.074149999999822, 55.868950000000112 ], [ 12.074149999999822, 55.87725000000011 ], [ 12.074149999999822, 55.885550000000109 ], [ 12.060249999999822, 55.885550000000109 ], [ 12.060249999999822, 55.893850000000107 ], [ 12.060249999999822, 55.902150000000105 ], [ 12.046349999999823, 55.902150000000105 ], [ 12.046349999999823, 55.910450000000104 ], [ 12.046349999999823, 55.918750000000102 ], [ 12.046349999999823, 55.927050000000101 ], [ 12.046349999999823, 55.93535 ], [ 12.032449999999823, 55.93535 ], [ 12.032449999999823, 55.94365 ], [ 12.032449999999823, 55.95195 ], [ 12.018549999999824, 55.95195 ], [ 12.018549999999824, 55.96025 ], [ 12.018549999999824, 55.96855 ], [ 12.004649999999824, 55.96855 ], [ 11.990749999999824, 55.96855 ], [ 11.976849999999825, 55.96855 ], [ 11.976849999999825, 55.96025 ], [ 11.962949999999825, 55.96025 ], [ 11.949049999999826, 55.96025 ], [ 11.949049999999826, 55.95195 ], [ 11.935149999999826, 55.95195 ], [ 11.921249999999826, 55.95195 ], [ 11.921249999999826, 55.94365 ], [ 11.907349999999827, 55.94365 ], [ 11.893449999999827, 55.94365 ], [ 11.879549999999828, 55.94365 ], [ 11.865649999999828, 55.94365 ], [ 11.851749999999829, 55.94365 ], [ 11.851749999999829, 55.95195 ], [ 11.851749999999829, 55.96025 ], [ 11.851749999999829, 55.96855 ], [ 11.851749999999829, 55.97685 ], [ 11.865649999999828, 55.97685 ], [ 11.865649999999828, 55.98515 ], [ 11.879549999999828, 55.98515 ], [ 11.893449999999827, 55.98515 ], [ 11.893449999999827, 55.99345 ], [ 11.907349999999827, 55.99345 ], [ 11.921249999999826, 55.99345 ], [ 11.921249999999826, 56.00175 ], [ 11.935149999999826, 56.00175 ], [ 11.935149999999826, 56.01005 ], [ 11.949049999999826, 56.01005 ], [ 11.962949999999825, 56.01005 ], [ 11.962949999999825, 56.01835 ], [ 11.976849999999825, 56.01835 ], [ 11.990749999999824, 56.01835 ], [ 11.990749999999824, 56.02665 ], [ 12.004649999999824, 56.02665 ], [ 12.004649999999824, 56.03495 ], [ 12.018549999999824, 56.03495 ], [ 12.032449999999823, 56.03495 ], [ 12.032449999999823, 56.04325 ], [ 12.046349999999823, 56.04325 ], [ 12.046349999999823, 56.05155 ], [ 12.060249999999822, 56.05155 ], [ 12.060249999999822, 56.05985 ], [ 12.074149999999822, 56.05985 ], [ 12.074149999999822, 56.06815 ], [ 12.088049999999821, 56.06815 ], [ 12.101949999999821, 56.06815 ], [ 12.101949999999821, 56.07645 ], [ 12.115849999999821, 56.07645 ], [ 12.115849999999821, 56.08475 ], [ 12.12974999999982, 56.08475 ], [ 12.14364999999982, 56.08475 ], [ 12.14364999999982, 56.09305 ], [ 12.157549999999819, 56.09305 ], [ 12.157549999999819, 56.10135 ], [ 12.171449999999819, 56.10135 ], [ 12.171449999999819, 56.10965 ], [ 12.185349999999818, 56.10965 ], [ 12.199249999999818, 56.10965 ], [ 12.199249999999818, 56.11795 ], [ 12.213149999999818, 56.11795 ], [ 12.227049999999817, 56.11795 ], [ 12.240949999999817, 56.11795 ], [ 12.240949999999817, 56.12625 ], [ 12.254849999999816, 56.12625 ], [ 12.268749999999816, 56.12625 ], [ 12.268749999999816, 56.13455 ], [ 12.282649999999816, 56.13455 ], [ 12.296549999999815, 56.13455 ], [ 12.310449999999815, 56.13455 ], [ 12.310449999999815, 56.12625 ], [ 12.324349999999814, 56.12625 ], [ 12.338249999999814, 56.12625 ], [ 12.352149999999813, 56.12625 ], [ 12.352149999999813, 56.11795 ], [ 12.366049999999813, 56.11795 ], [ 12.379949999999813, 56.11795 ], [ 12.379949999999813, 56.10965 ], [ 12.379949999999813, 56.10135 ], [ 12.393849999999812, 56.10135 ], [ 12.407749999999812, 56.10135 ], [ 12.421649999999811, 56.10135 ], [ 12.435549999999811, 56.10135 ], [ 12.435549999999811, 56.09305 ], [ 12.449449999999811, 56.09305 ], [ 12.46334999999981, 56.09305 ], [ 12.47724999999981, 56.09305 ], [ 12.491149999999809, 56.09305 ], [ 12.505049999999809, 56.09305 ], [ 12.518949999999808, 56.09305 ], [ 12.518949999999808, 56.08475 ], [ 12.532849999999808, 56.08475 ], [ 12.546749999999808, 56.08475 ], [ 12.546749999999808, 56.07645 ], [ 12.560649999999807, 56.07645 ], [ 12.560649999999807, 56.06815 ], [ 12.574549999999807, 56.06815 ], [ 12.574549999999807, 56.05985 ], [ 12.588449999999806, 56.05985 ], [ 12.602349999999806, 56.05985 ], [ 12.602349999999806, 56.05155 ], [ 12.616249999999805, 56.05155 ], [ 12.616249999999805, 56.04325 ], [ 12.630149999999805, 56.04325 ], [ 12.630149999999805, 56.03495 ], [ 12.616249999999805, 56.03495 ], [ 12.616249999999805, 56.02665 ], [ 12.602349999999806, 56.02665 ], [ 12.602349999999806, 56.01835 ], [ 12.602349999999806, 56.01005 ], [ 12.588449999999806, 56.01005 ], [ 12.588449999999806, 56.00175 ], [ 12.574549999999807, 56.00175 ], [ 12.574549999999807, 55.99345 ], [ 12.560649999999807, 55.99345 ], [ 12.560649999999807, 55.98515 ], [ 12.560649999999807, 55.97685 ], [ 12.546749999999808, 55.97685 ], [ 12.546749999999808, 55.96855 ], [ 12.546749999999808, 55.96025 ], [ 12.532849999999808, 55.96025 ], [ 12.532849999999808, 55.95195 ], [ 12.532849999999808, 55.94365 ], [ 12.532849999999808, 55.93535 ], [ 12.518949999999808, 55.93535 ], [ 12.518949999999808, 55.927050000000101 ], [ 12.518949999999808, 55.918750000000102 ], [ 12.532849999999808, 55.918750000000102 ], [ 12.532849999999808, 55.910450000000104 ], [ 12.532849999999808, 55.902150000000105 ], [ 12.546749999999808, 55.902150000000105 ], [ 12.546749999999808, 55.893850000000107 ], [ 12.546749999999808, 55.885550000000109 ], [ 12.546749999999808, 55.87725000000011 ], [ 12.560649999999807, 55.87725000000011 ], [ 12.560649999999807, 55.868950000000112 ], [ 12.574549999999807, 55.868950000000112 ], [ 12.574549999999807, 55.860650000000113 ], [ 12.574549999999807, 55.852350000000115 ], [ 12.574549999999807, 55.844050000000117 ], [ 12.574549999999807, 55.835750000000118 ], [ 12.588449999999806, 55.835750000000118 ], [ 12.588449999999806, 55.82745000000012 ], [ 12.588449999999806, 55.819150000000121 ], [ 12.588449999999806, 55.810850000000123 ], [ 12.588449999999806, 55.802550000000124 ], [ 12.602349999999806, 55.802550000000124 ], [ 12.602349999999806, 55.794250000000126 ], [ 12.602349999999806, 55.785950000000128 ], [ 12.602349999999806, 55.777650000000129 ], [ 12.602349999999806, 55.769350000000131 ], [ 12.602349999999806, 55.761050000000132 ], [ 12.602349999999806, 55.752750000000134 ], [ 12.602349999999806, 55.744450000000136 ], [ 12.588449999999806, 55.744450000000136 ], [ 12.588449999999806, 55.736150000000137 ], [ 12.588449999999806, 55.727850000000139 ], [ 12.588449999999806, 55.71955000000014 ], [ 12.602349999999806, 55.71955000000014 ], [ 12.616249999999805, 55.71955000000014 ], [ 12.616249999999805, 55.711250000000142 ], [ 12.602349999999806, 55.711250000000142 ], [ 12.602349999999806, 55.702950000000143 ], [ 12.602349999999806, 55.694650000000145 ], [ 12.602349999999806, 55.686350000000147 ], [ 12.588449999999806, 55.686350000000147 ], [ 12.588449999999806, 55.678050000000148 ], [ 12.574549999999807, 55.678050000000148 ], [ 12.574549999999807, 55.66975000000015 ], [ 12.560649999999807, 55.66975000000015 ], [ 12.560649999999807, 55.661450000000151 ], [ 12.560649999999807, 55.653150000000153 ], [ 12.546749999999808, 55.653150000000153 ], [ 12.546749999999808, 55.644850000000154 ], [ 12.532849999999808, 55.644850000000154 ], [ 12.518949999999808, 55.644850000000154 ], [ 12.518949999999808, 55.636550000000156 ] ], [ [ 11.698849999999833, 55.072150000000264 ], [ 11.684949999999834, 55.072150000000264 ], [ 11.671049999999834, 55.072150000000264 ], [ 11.671049999999834, 55.080450000000262 ], [ 11.684949999999834, 55.080450000000262 ], [ 11.698849999999833, 55.080450000000262 ], [ 11.712749999999833, 55.080450000000262 ], [ 11.712749999999833, 55.072150000000264 ], [ 11.698849999999833, 55.072150000000264 ] ], [ [ 11.657149999999834, 55.080450000000262 ], [ 11.643249999999835, 55.080450000000262 ], [ 11.629349999999835, 55.080450000000262 ], [ 11.629349999999835, 55.08875000000026 ], [ 11.643249999999835, 55.08875000000026 ], [ 11.657149999999834, 55.08875000000026 ], [ 11.671049999999834, 55.08875000000026 ], [ 11.671049999999834, 55.080450000000262 ], [ 11.657149999999834, 55.080450000000262 ] ], [ [ 11.698849999999833, 55.163450000000246 ], [ 11.698849999999833, 55.155150000000248 ], [ 11.684949999999834, 55.155150000000248 ], [ 11.684949999999834, 55.163450000000246 ], [ 11.698849999999833, 55.163450000000246 ] ], [ [ 11.365249999999843, 55.844050000000117 ], [ 11.365249999999843, 55.852350000000115 ], [ 11.379149999999843, 55.852350000000115 ], [ 11.379149999999843, 55.844050000000117 ], [ 11.365249999999843, 55.844050000000117 ] ], [ [ 11.295749999999845, 55.98515 ], [ 11.295749999999845, 55.99345 ], [ 11.295749999999845, 56.00175 ], [ 11.309649999999845, 56.00175 ], [ 11.309649999999845, 55.99345 ], [ 11.309649999999845, 55.98515 ], [ 11.295749999999845, 55.98515 ] ], [ [ 11.281849999999846, 56.00175 ], [ 11.281849999999846, 56.01005 ], [ 11.295749999999845, 56.01005 ], [ 11.295749999999845, 56.00175 ], [ 11.281849999999846, 56.00175 ] ], [ [ 11.198449999999848, 54.416450000000388 ], [ 11.198449999999848, 54.424750000000387 ], [ 11.184549999999849, 54.424750000000387 ], [ 11.184549999999849, 54.416450000000388 ], [ 11.184549999999849, 54.40815000000039 ], [ 11.170649999999849, 54.40815000000039 ], [ 11.15674999999985, 54.40815000000039 ], [ 11.14284999999985, 54.40815000000039 ], [ 11.12894999999985, 54.40815000000039 ], [ 11.115049999999851, 54.40815000000039 ], [ 11.115049999999851, 54.416450000000388 ], [ 11.101149999999851, 54.416450000000388 ], [ 11.101149999999851, 54.424750000000387 ], [ 11.101149999999851, 54.433050000000385 ], [ 11.101149999999851, 54.441350000000384 ], [ 11.087249999999852, 54.441350000000384 ], [ 11.087249999999852, 54.449650000000382 ], [ 11.087249999999852, 54.45795000000038 ], [ 11.073349999999852, 54.45795000000038 ], [ 11.059449999999853, 54.45795000000038 ], [ 11.045549999999853, 54.45795000000038 ], [ 11.045549999999853, 54.449650000000382 ], [ 11.031649999999853, 54.449650000000382 ], [ 11.017749999999854, 54.449650000000382 ], [ 11.003849999999854, 54.449650000000382 ], [ 11.003849999999854, 54.45795000000038 ], [ 11.003849999999854, 54.466250000000379 ], [ 11.003849999999854, 54.474550000000377 ], [ 11.003849999999854, 54.482850000000376 ], [ 11.017749999999854, 54.482850000000376 ], [ 11.017749999999854, 54.491150000000374 ], [ 11.017749999999854, 54.499450000000373 ], [ 11.017749999999854, 54.507750000000371 ], [ 11.031649999999853, 54.507750000000371 ], [ 11.031649999999853, 54.516050000000369 ], [ 11.031649999999853, 54.524350000000368 ], [ 11.045549999999853, 54.524350000000368 ], [ 11.045549999999853, 54.532650000000366 ], [ 11.059449999999853, 54.532650000000366 ], [ 11.059449999999853, 54.540950000000365 ], [ 11.073349999999852, 54.540950000000365 ], [ 11.087249999999852, 54.540950000000365 ], [ 11.101149999999851, 54.540950000000365 ], [ 11.115049999999851, 54.540950000000365 ], [ 11.115049999999851, 54.532650000000366 ], [ 11.12894999999985, 54.532650000000366 ], [ 11.14284999999985, 54.532650000000366 ], [ 11.15674999999985, 54.532650000000366 ], [ 11.170649999999849, 54.532650000000366 ], [ 11.170649999999849, 54.524350000000368 ], [ 11.184549999999849, 54.524350000000368 ], [ 11.198449999999848, 54.524350000000368 ], [ 11.198449999999848, 54.516050000000369 ], [ 11.212349999999848, 54.516050000000369 ], [ 11.226249999999848, 54.516050000000369 ], [ 11.226249999999848, 54.507750000000371 ], [ 11.240149999999847, 54.507750000000371 ], [ 11.240149999999847, 54.499450000000373 ], [ 11.254049999999847, 54.499450000000373 ], [ 11.254049999999847, 54.491150000000374 ], [ 11.254049999999847, 54.482850000000376 ], [ 11.267949999999846, 54.482850000000376 ], [ 11.267949999999846, 54.474550000000377 ], [ 11.267949999999846, 54.466250000000379 ], [ 11.281849999999846, 54.466250000000379 ], [ 11.281849999999846, 54.45795000000038 ], [ 11.281849999999846, 54.449650000000382 ], [ 11.295749999999845, 54.449650000000382 ], [ 11.295749999999845, 54.441350000000384 ], [ 11.295749999999845, 54.433050000000385 ], [ 11.309649999999845, 54.433050000000385 ], [ 11.309649999999845, 54.424750000000387 ], [ 11.323549999999845, 54.424750000000387 ], [ 11.323549999999845, 54.416450000000388 ], [ 11.309649999999845, 54.416450000000388 ], [ 11.295749999999845, 54.416450000000388 ], [ 11.281849999999846, 54.416450000000388 ], [ 11.267949999999846, 54.416450000000388 ], [ 11.254049999999847, 54.416450000000388 ], [ 11.240149999999847, 54.416450000000388 ], [ 11.226249999999848, 54.416450000000388 ], [ 11.212349999999848, 54.416450000000388 ], [ 11.198449999999848, 54.416450000000388 ] ], [ [ 11.212349999999848, 54.72355000000033 ], [ 11.198449999999848, 54.72355000000033 ], [ 11.198449999999848, 54.731850000000328 ], [ 11.184549999999849, 54.731850000000328 ], [ 11.170649999999849, 54.731850000000328 ], [ 11.15674999999985, 54.731850000000328 ], [ 11.15674999999985, 54.740150000000327 ], [ 11.14284999999985, 54.740150000000327 ], [ 11.12894999999985, 54.740150000000327 ], [ 11.12894999999985, 54.748450000000325 ], [ 11.115049999999851, 54.748450000000325 ], [ 11.101149999999851, 54.748450000000325 ], [ 11.087249999999852, 54.748450000000325 ], [ 11.073349999999852, 54.748450000000325 ], [ 11.073349999999852, 54.756750000000324 ], [ 11.059449999999853, 54.756750000000324 ], [ 11.045549999999853, 54.756750000000324 ], [ 11.031649999999853, 54.756750000000324 ], [ 11.031649999999853, 54.765050000000322 ], [ 11.017749999999854, 54.765050000000322 ], [ 11.003849999999854, 54.765050000000322 ], [ 11.003849999999854, 54.77335000000032 ], [ 11.003849999999854, 54.781650000000319 ], [ 10.989949999999855, 54.781650000000319 ], [ 10.989949999999855, 54.789950000000317 ], [ 10.989949999999855, 54.798250000000316 ], [ 10.976049999999855, 54.798250000000316 ], [ 10.976049999999855, 54.806550000000314 ], [ 10.962149999999856, 54.806550000000314 ], [ 10.962149999999856, 54.814850000000312 ], [ 10.962149999999856, 54.823150000000311 ], [ 10.962149999999856, 54.831450000000309 ], [ 10.962149999999856, 54.839750000000308 ], [ 10.962149999999856, 54.848050000000306 ], [ 10.976049999999855, 54.848050000000306 ], [ 10.976049999999855, 54.839750000000308 ], [ 10.976049999999855, 54.831450000000309 ], [ 10.976049999999855, 54.823150000000311 ], [ 10.976049999999855, 54.814850000000312 ], [ 10.989949999999855, 54.814850000000312 ], [ 11.003849999999854, 54.814850000000312 ], [ 11.003849999999854, 54.823150000000311 ], [ 10.989949999999855, 54.823150000000311 ], [ 10.989949999999855, 54.831450000000309 ], [ 11.003849999999854, 54.831450000000309 ], [ 11.017749999999854, 54.831450000000309 ], [ 11.017749999999854, 54.823150000000311 ], [ 11.031649999999853, 54.823150000000311 ], [ 11.045549999999853, 54.823150000000311 ], [ 11.045549999999853, 54.814850000000312 ], [ 11.059449999999853, 54.814850000000312 ], [ 11.073349999999852, 54.814850000000312 ], [ 11.073349999999852, 54.823150000000311 ], [ 11.087249999999852, 54.823150000000311 ], [ 11.101149999999851, 54.823150000000311 ], [ 11.101149999999851, 54.831450000000309 ], [ 11.101149999999851, 54.839750000000308 ], [ 11.087249999999852, 54.839750000000308 ], [ 11.087249999999852, 54.848050000000306 ], [ 11.087249999999852, 54.856350000000305 ], [ 11.073349999999852, 54.856350000000305 ], [ 11.059449999999853, 54.856350000000305 ], [ 11.059449999999853, 54.864650000000303 ], [ 11.045549999999853, 54.864650000000303 ], [ 11.045549999999853, 54.872950000000301 ], [ 11.031649999999853, 54.872950000000301 ], [ 11.031649999999853, 54.8812500000003 ], [ 11.031649999999853, 54.889550000000298 ], [ 11.017749999999854, 54.889550000000298 ], [ 11.017749999999854, 54.897850000000297 ], [ 11.017749999999854, 54.906150000000295 ], [ 11.017749999999854, 54.914450000000294 ], [ 11.031649999999853, 54.914450000000294 ], [ 11.031649999999853, 54.922750000000292 ], [ 11.045549999999853, 54.922750000000292 ], [ 11.045549999999853, 54.93105000000029 ], [ 11.045549999999853, 54.939350000000289 ], [ 11.059449999999853, 54.939350000000289 ], [ 11.073349999999852, 54.939350000000289 ], [ 11.073349999999852, 54.947650000000287 ], [ 11.087249999999852, 54.947650000000287 ], [ 11.101149999999851, 54.947650000000287 ], [ 11.115049999999851, 54.947650000000287 ], [ 11.115049999999851, 54.955950000000286 ], [ 11.12894999999985, 54.955950000000286 ], [ 11.14284999999985, 54.955950000000286 ], [ 11.15674999999985, 54.955950000000286 ], [ 11.15674999999985, 54.964250000000284 ], [ 11.170649999999849, 54.964250000000284 ], [ 11.184549999999849, 54.964250000000284 ], [ 11.198449999999848, 54.964250000000284 ], [ 11.212349999999848, 54.964250000000284 ], [ 11.226249999999848, 54.964250000000284 ], [ 11.240149999999847, 54.964250000000284 ], [ 11.254049999999847, 54.964250000000284 ], [ 11.267949999999846, 54.964250000000284 ], [ 11.281849999999846, 54.964250000000284 ], [ 11.281849999999846, 54.955950000000286 ], [ 11.295749999999845, 54.955950000000286 ], [ 11.295749999999845, 54.947650000000287 ], [ 11.309649999999845, 54.947650000000287 ], [ 11.309649999999845, 54.939350000000289 ], [ 11.323549999999845, 54.939350000000289 ], [ 11.323549999999845, 54.93105000000029 ], [ 11.337449999999844, 54.93105000000029 ], [ 11.351349999999844, 54.93105000000029 ], [ 11.351349999999844, 54.922750000000292 ], [ 11.365249999999843, 54.922750000000292 ], [ 11.365249999999843, 54.914450000000294 ], [ 11.379149999999843, 54.914450000000294 ], [ 11.379149999999843, 54.906150000000295 ], [ 11.379149999999843, 54.897850000000297 ], [ 11.393049999999842, 54.897850000000297 ], [ 11.393049999999842, 54.889550000000298 ], [ 11.406949999999842, 54.889550000000298 ], [ 11.406949999999842, 54.8812500000003 ], [ 11.420849999999842, 54.8812500000003 ], [ 11.434749999999841, 54.8812500000003 ], [ 11.434749999999841, 54.872950000000301 ], [ 11.448649999999841, 54.872950000000301 ], [ 11.46254999999984, 54.872950000000301 ], [ 11.46254999999984, 54.864650000000303 ], [ 11.47644999999984, 54.864650000000303 ], [ 11.47644999999984, 54.856350000000305 ], [ 11.47644999999984, 54.848050000000306 ], [ 11.49034999999984, 54.848050000000306 ], [ 11.49034999999984, 54.839750000000308 ], [ 11.504249999999839, 54.839750000000308 ], [ 11.518149999999839, 54.839750000000308 ], [ 11.532049999999838, 54.839750000000308 ], [ 11.545949999999838, 54.839750000000308 ], [ 11.559849999999837, 54.839750000000308 ], [ 11.559849999999837, 54.831450000000309 ], [ 11.573749999999837, 54.831450000000309 ], [ 11.587649999999837, 54.831450000000309 ], [ 11.587649999999837, 54.839750000000308 ], [ 11.573749999999837, 54.839750000000308 ], [ 11.573749999999837, 54.848050000000306 ], [ 11.573749999999837, 54.856350000000305 ], [ 11.573749999999837, 54.864650000000303 ], [ 11.587649999999837, 54.864650000000303 ], [ 11.601549999999836, 54.864650000000303 ], [ 11.601549999999836, 54.856350000000305 ], [ 11.615449999999836, 54.856350000000305 ], [ 11.629349999999835, 54.856350000000305 ], [ 11.629349999999835, 54.864650000000303 ], [ 11.643249999999835, 54.864650000000303 ], [ 11.643249999999835, 54.872950000000301 ], [ 11.643249999999835, 54.8812500000003 ], [ 11.643249999999835, 54.889550000000298 ], [ 11.643249999999835, 54.897850000000297 ], [ 11.643249999999835, 54.906150000000295 ], [ 11.643249999999835, 54.914450000000294 ], [ 11.657149999999834, 54.914450000000294 ], [ 11.671049999999834, 54.914450000000294 ], [ 11.671049999999834, 54.906150000000295 ], [ 11.671049999999834, 54.897850000000297 ], [ 11.684949999999834, 54.897850000000297 ], [ 11.684949999999834, 54.889550000000298 ], [ 11.698849999999833, 54.889550000000298 ], [ 11.712749999999833, 54.889550000000298 ], [ 11.712749999999833, 54.8812500000003 ], [ 11.726649999999832, 54.8812500000003 ], [ 11.740549999999832, 54.8812500000003 ], [ 11.740549999999832, 54.872950000000301 ], [ 11.740549999999832, 54.864650000000303 ], [ 11.740549999999832, 54.856350000000305 ], [ 11.754449999999832, 54.856350000000305 ], [ 11.754449999999832, 54.848050000000306 ], [ 11.768349999999831, 54.848050000000306 ], [ 11.782249999999831, 54.848050000000306 ], [ 11.782249999999831, 54.839750000000308 ], [ 11.782249999999831, 54.831450000000309 ], [ 11.782249999999831, 54.823150000000311 ], [ 11.782249999999831, 54.814850000000312 ], [ 11.782249999999831, 54.806550000000314 ], [ 11.79614999999983, 54.806550000000314 ], [ 11.79614999999983, 54.798250000000316 ], [ 11.81004999999983, 54.798250000000316 ], [ 11.823949999999829, 54.798250000000316 ], [ 11.823949999999829, 54.789950000000317 ], [ 11.837849999999829, 54.789950000000317 ], [ 11.837849999999829, 54.781650000000319 ], [ 11.851749999999829, 54.781650000000319 ], [ 11.851749999999829, 54.77335000000032 ], [ 11.851749999999829, 54.765050000000322 ], [ 11.865649999999828, 54.765050000000322 ], [ 11.865649999999828, 54.756750000000324 ], [ 11.865649999999828, 54.748450000000325 ], [ 11.865649999999828, 54.740150000000327 ], [ 11.865649999999828, 54.731850000000328 ], [ 11.851749999999829, 54.731850000000328 ], [ 11.837849999999829, 54.731850000000328 ], [ 11.837849999999829, 54.72355000000033 ], [ 11.823949999999829, 54.72355000000033 ], [ 11.823949999999829, 54.715250000000331 ], [ 11.823949999999829, 54.706950000000333 ], [ 11.837849999999829, 54.706950000000333 ], [ 11.851749999999829, 54.706950000000333 ], [ 11.851749999999829, 54.698650000000335 ], [ 11.865649999999828, 54.698650000000335 ], [ 11.865649999999828, 54.690350000000336 ], [ 11.851749999999829, 54.690350000000336 ], [ 11.851749999999829, 54.682050000000338 ], [ 11.851749999999829, 54.673750000000339 ], [ 11.837849999999829, 54.673750000000339 ], [ 11.837849999999829, 54.665450000000341 ], [ 11.837849999999829, 54.657150000000343 ], [ 11.823949999999829, 54.657150000000343 ], [ 11.823949999999829, 54.648850000000344 ], [ 11.81004999999983, 54.648850000000344 ], [ 11.79614999999983, 54.648850000000344 ], [ 11.79614999999983, 54.657150000000343 ], [ 11.782249999999831, 54.657150000000343 ], [ 11.768349999999831, 54.657150000000343 ], [ 11.754449999999832, 54.657150000000343 ], [ 11.740549999999832, 54.657150000000343 ], [ 11.726649999999832, 54.657150000000343 ], [ 11.712749999999833, 54.657150000000343 ], [ 11.712749999999833, 54.665450000000341 ], [ 11.698849999999833, 54.665450000000341 ], [ 11.684949999999834, 54.665450000000341 ], [ 11.671049999999834, 54.665450000000341 ], [ 11.671049999999834, 54.657150000000343 ], [ 11.657149999999834, 54.657150000000343 ], [ 11.657149999999834, 54.665450000000341 ], [ 11.643249999999835, 54.665450000000341 ], [ 11.629349999999835, 54.665450000000341 ], [ 11.615449999999836, 54.665450000000341 ], [ 11.601549999999836, 54.665450000000341 ], [ 11.601549999999836, 54.657150000000343 ], [ 11.587649999999837, 54.657150000000343 ], [ 11.587649999999837, 54.665450000000341 ], [ 11.573749999999837, 54.665450000000341 ], [ 11.573749999999837, 54.657150000000343 ], [ 11.559849999999837, 54.657150000000343 ], [ 11.559849999999837, 54.648850000000344 ], [ 11.545949999999838, 54.648850000000344 ], [ 11.545949999999838, 54.640550000000346 ], [ 11.532049999999838, 54.640550000000346 ], [ 11.518149999999839, 54.640550000000346 ], [ 11.518149999999839, 54.632250000000347 ], [ 11.518149999999839, 54.623950000000349 ], [ 11.504249999999839, 54.623950000000349 ], [ 11.504249999999839, 54.632250000000347 ], [ 11.49034999999984, 54.632250000000347 ], [ 11.49034999999984, 54.623950000000349 ], [ 11.49034999999984, 54.61565000000035 ], [ 11.504249999999839, 54.61565000000035 ], [ 11.518149999999839, 54.61565000000035 ], [ 11.518149999999839, 54.607350000000352 ], [ 11.532049999999838, 54.607350000000352 ], [ 11.532049999999838, 54.599050000000354 ], [ 11.518149999999839, 54.599050000000354 ], [ 11.504249999999839, 54.599050000000354 ], [ 11.49034999999984, 54.599050000000354 ], [ 11.49034999999984, 54.607350000000352 ], [ 11.47644999999984, 54.607350000000352 ], [ 11.47644999999984, 54.61565000000035 ], [ 11.46254999999984, 54.61565000000035 ], [ 11.46254999999984, 54.623950000000349 ], [ 11.448649999999841, 54.623950000000349 ], [ 11.434749999999841, 54.623950000000349 ], [ 11.434749999999841, 54.632250000000347 ], [ 11.420849999999842, 54.632250000000347 ], [ 11.420849999999842, 54.640550000000346 ], [ 11.406949999999842, 54.640550000000346 ], [ 11.393049999999842, 54.640550000000346 ], [ 11.393049999999842, 54.648850000000344 ], [ 11.379149999999843, 54.648850000000344 ], [ 11.379149999999843, 54.657150000000343 ], [ 11.365249999999843, 54.657150000000343 ], [ 11.351349999999844, 54.657150000000343 ], [ 11.351349999999844, 54.665450000000341 ], [ 11.337449999999844, 54.665450000000341 ], [ 11.337449999999844, 54.673750000000339 ], [ 11.323549999999845, 54.673750000000339 ], [ 11.323549999999845, 54.682050000000338 ], [ 11.309649999999845, 54.682050000000338 ], [ 11.309649999999845, 54.690350000000336 ], [ 11.295749999999845, 54.690350000000336 ], [ 11.295749999999845, 54.698650000000335 ], [ 11.281849999999846, 54.698650000000335 ], [ 11.281849999999846, 54.706950000000333 ], [ 11.267949999999846, 54.706950000000333 ], [ 11.254049999999847, 54.706950000000333 ], [ 11.254049999999847, 54.715250000000331 ], [ 11.240149999999847, 54.715250000000331 ], [ 11.226249999999848, 54.715250000000331 ], [ 11.226249999999848, 54.72355000000033 ], [ 11.212349999999848, 54.72355000000033 ] ], [ [ 10.753649999999862, 54.781650000000319 ], [ 10.753649999999862, 54.77335000000032 ], [ 10.739749999999862, 54.77335000000032 ], [ 10.739749999999862, 54.765050000000322 ], [ 10.739749999999862, 54.756750000000324 ], [ 10.739749999999862, 54.748450000000325 ], [ 10.725849999999863, 54.748450000000325 ], [ 10.725849999999863, 54.740150000000327 ], [ 10.711949999999863, 54.740150000000327 ], [ 10.711949999999863, 54.731850000000328 ], [ 10.698049999999864, 54.731850000000328 ], [ 10.684149999999864, 54.731850000000328 ], [ 10.684149999999864, 54.740150000000327 ], [ 10.684149999999864, 54.748450000000325 ], [ 10.670249999999864, 54.748450000000325 ], [ 10.670249999999864, 54.756750000000324 ], [ 10.670249999999864, 54.765050000000322 ], [ 10.670249999999864, 54.77335000000032 ], [ 10.670249999999864, 54.781650000000319 ], [ 10.670249999999864, 54.789950000000317 ], [ 10.670249999999864, 54.798250000000316 ], [ 10.670249999999864, 54.806550000000314 ], [ 10.656349999999865, 54.806550000000314 ], [ 10.656349999999865, 54.814850000000312 ], [ 10.642449999999865, 54.814850000000312 ], [ 10.642449999999865, 54.823150000000311 ], [ 10.642449999999865, 54.831450000000309 ], [ 10.628549999999866, 54.831450000000309 ], [ 10.614649999999866, 54.831450000000309 ], [ 10.614649999999866, 54.839750000000308 ], [ 10.600749999999866, 54.839750000000308 ], [ 10.600749999999866, 54.848050000000306 ], [ 10.614649999999866, 54.848050000000306 ], [ 10.628549999999866, 54.848050000000306 ], [ 10.628549999999866, 54.839750000000308 ], [ 10.642449999999865, 54.839750000000308 ], [ 10.656349999999865, 54.839750000000308 ], [ 10.656349999999865, 54.848050000000306 ], [ 10.670249999999864, 54.848050000000306 ], [ 10.670249999999864, 54.856350000000305 ], [ 10.670249999999864, 54.864650000000303 ], [ 10.670249999999864, 54.872950000000301 ], [ 10.670249999999864, 54.8812500000003 ], [ 10.670249999999864, 54.889550000000298 ], [ 10.684149999999864, 54.889550000000298 ], [ 10.698049999999864, 54.889550000000298 ], [ 10.711949999999863, 54.889550000000298 ], [ 10.725849999999863, 54.889550000000298 ], [ 10.725849999999863, 54.897850000000297 ], [ 10.711949999999863, 54.897850000000297 ], [ 10.711949999999863, 54.906150000000295 ], [ 10.698049999999864, 54.906150000000295 ], [ 10.684149999999864, 54.906150000000295 ], [ 10.684149999999864, 54.914450000000294 ], [ 10.684149999999864, 54.922750000000292 ], [ 10.684149999999864, 54.93105000000029 ], [ 10.698049999999864, 54.93105000000029 ], [ 10.698049999999864, 54.939350000000289 ], [ 10.698049999999864, 54.947650000000287 ], [ 10.711949999999863, 54.947650000000287 ], [ 10.725849999999863, 54.947650000000287 ], [ 10.725849999999863, 54.955950000000286 ], [ 10.725849999999863, 54.964250000000284 ], [ 10.739749999999862, 54.964250000000284 ], [ 10.739749999999862, 54.972550000000282 ], [ 10.753649999999862, 54.972550000000282 ], [ 10.753649999999862, 54.980850000000281 ], [ 10.767549999999861, 54.980850000000281 ], [ 10.767549999999861, 54.989150000000279 ], [ 10.781449999999861, 54.989150000000279 ], [ 10.795349999999861, 54.989150000000279 ], [ 10.80924999999986, 54.989150000000279 ], [ 10.80924999999986, 54.997450000000278 ], [ 10.80924999999986, 55.005750000000276 ], [ 10.82314999999986, 55.005750000000276 ], [ 10.82314999999986, 55.014050000000275 ], [ 10.837049999999859, 55.014050000000275 ], [ 10.837049999999859, 55.022350000000273 ], [ 10.837049999999859, 55.030650000000271 ], [ 10.837049999999859, 55.03895000000027 ], [ 10.850949999999859, 55.03895000000027 ], [ 10.850949999999859, 55.047250000000268 ], [ 10.850949999999859, 55.055550000000267 ], [ 10.864849999999858, 55.055550000000267 ], [ 10.864849999999858, 55.063850000000265 ], [ 10.864849999999858, 55.072150000000264 ], [ 10.878749999999858, 55.072150000000264 ], [ 10.878749999999858, 55.080450000000262 ], [ 10.878749999999858, 55.08875000000026 ], [ 10.878749999999858, 55.097050000000259 ], [ 10.878749999999858, 55.105350000000257 ], [ 10.878749999999858, 55.113650000000256 ], [ 10.892649999999858, 55.113650000000256 ], [ 10.892649999999858, 55.121950000000254 ], [ 10.906549999999857, 55.121950000000254 ], [ 10.906549999999857, 55.130250000000252 ], [ 10.906549999999857, 55.138550000000251 ], [ 10.906549999999857, 55.146850000000249 ], [ 10.920449999999857, 55.146850000000249 ], [ 10.920449999999857, 55.155150000000248 ], [ 10.934349999999856, 55.155150000000248 ], [ 10.934349999999856, 55.163450000000246 ], [ 10.948249999999856, 55.163450000000246 ], [ 10.962149999999856, 55.163450000000246 ], [ 10.962149999999856, 55.155150000000248 ], [ 10.962149999999856, 55.146850000000249 ], [ 10.948249999999856, 55.146850000000249 ], [ 10.948249999999856, 55.138550000000251 ], [ 10.948249999999856, 55.130250000000252 ], [ 10.948249999999856, 55.121950000000254 ], [ 10.948249999999856, 55.113650000000256 ], [ 10.934349999999856, 55.113650000000256 ], [ 10.934349999999856, 55.105350000000257 ], [ 10.934349999999856, 55.097050000000259 ], [ 10.934349999999856, 55.08875000000026 ], [ 10.934349999999856, 55.080450000000262 ], [ 10.934349999999856, 55.072150000000264 ], [ 10.934349999999856, 55.063850000000265 ], [ 10.920449999999857, 55.063850000000265 ], [ 10.920449999999857, 55.055550000000267 ], [ 10.920449999999857, 55.047250000000268 ], [ 10.906549999999857, 55.047250000000268 ], [ 10.906549999999857, 55.03895000000027 ], [ 10.906549999999857, 55.030650000000271 ], [ 10.906549999999857, 55.022350000000273 ], [ 10.892649999999858, 55.022350000000273 ], [ 10.892649999999858, 55.014050000000275 ], [ 10.892649999999858, 55.005750000000276 ], [ 10.892649999999858, 54.997450000000278 ], [ 10.878749999999858, 54.997450000000278 ], [ 10.878749999999858, 54.989150000000279 ], [ 10.878749999999858, 54.980850000000281 ], [ 10.864849999999858, 54.980850000000281 ], [ 10.864849999999858, 54.972550000000282 ], [ 10.864849999999858, 54.964250000000284 ], [ 10.850949999999859, 54.964250000000284 ], [ 10.850949999999859, 54.955950000000286 ], [ 10.837049999999859, 54.955950000000286 ], [ 10.837049999999859, 54.947650000000287 ], [ 10.837049999999859, 54.939350000000289 ], [ 10.837049999999859, 54.93105000000029 ], [ 10.82314999999986, 54.93105000000029 ], [ 10.82314999999986, 54.922750000000292 ], [ 10.82314999999986, 54.914450000000294 ], [ 10.82314999999986, 54.906150000000295 ], [ 10.82314999999986, 54.897850000000297 ], [ 10.80924999999986, 54.897850000000297 ], [ 10.80924999999986, 54.889550000000298 ], [ 10.80924999999986, 54.8812500000003 ], [ 10.80924999999986, 54.872950000000301 ], [ 10.795349999999861, 54.872950000000301 ], [ 10.795349999999861, 54.864650000000303 ], [ 10.795349999999861, 54.856350000000305 ], [ 10.795349999999861, 54.848050000000306 ], [ 10.781449999999861, 54.848050000000306 ], [ 10.781449999999861, 54.839750000000308 ], [ 10.781449999999861, 54.831450000000309 ], [ 10.781449999999861, 54.823150000000311 ], [ 10.767549999999861, 54.823150000000311 ], [ 10.767549999999861, 54.814850000000312 ], [ 10.767549999999861, 54.806550000000314 ], [ 10.767549999999861, 54.798250000000316 ], [ 10.767549999999861, 54.789950000000317 ], [ 10.753649999999862, 54.789950000000317 ], [ 10.753649999999862, 54.781650000000319 ] ], [ [ 10.433949999999871, 54.823150000000311 ], [ 10.420049999999872, 54.823150000000311 ], [ 10.420049999999872, 54.831450000000309 ], [ 10.406149999999872, 54.831450000000309 ], [ 10.406149999999872, 54.839750000000308 ], [ 10.392249999999873, 54.839750000000308 ], [ 10.378349999999873, 54.839750000000308 ], [ 10.378349999999873, 54.848050000000306 ], [ 10.364449999999874, 54.848050000000306 ], [ 10.364449999999874, 54.856350000000305 ], [ 10.350549999999874, 54.856350000000305 ], [ 10.350549999999874, 54.864650000000303 ], [ 10.350549999999874, 54.872950000000301 ], [ 10.336649999999874, 54.872950000000301 ], [ 10.336649999999874, 54.8812500000003 ], [ 10.322749999999875, 54.8812500000003 ], [ 10.322749999999875, 54.889550000000298 ], [ 10.308849999999875, 54.889550000000298 ], [ 10.294949999999876, 54.889550000000298 ], [ 10.294949999999876, 54.897850000000297 ], [ 10.281049999999876, 54.897850000000297 ], [ 10.281049999999876, 54.906150000000295 ], [ 10.281049999999876, 54.914450000000294 ], [ 10.267149999999877, 54.914450000000294 ], [ 10.267149999999877, 54.922750000000292 ], [ 10.253249999999877, 54.922750000000292 ], [ 10.253249999999877, 54.93105000000029 ], [ 10.253249999999877, 54.939350000000289 ], [ 10.253249999999877, 54.947650000000287 ], [ 10.267149999999877, 54.947650000000287 ], [ 10.281049999999876, 54.947650000000287 ], [ 10.294949999999876, 54.947650000000287 ], [ 10.294949999999876, 54.939350000000289 ], [ 10.308849999999875, 54.939350000000289 ], [ 10.308849999999875, 54.93105000000029 ], [ 10.322749999999875, 54.93105000000029 ], [ 10.322749999999875, 54.922750000000292 ], [ 10.322749999999875, 54.914450000000294 ], [ 10.336649999999874, 54.914450000000294 ], [ 10.336649999999874, 54.906150000000295 ], [ 10.350549999999874, 54.906150000000295 ], [ 10.364449999999874, 54.906150000000295 ], [ 10.364449999999874, 54.897850000000297 ], [ 10.378349999999873, 54.897850000000297 ], [ 10.392249999999873, 54.897850000000297 ], [ 10.406149999999872, 54.897850000000297 ], [ 10.406149999999872, 54.906150000000295 ], [ 10.420049999999872, 54.906150000000295 ], [ 10.420049999999872, 54.897850000000297 ], [ 10.420049999999872, 54.889550000000298 ], [ 10.433949999999871, 54.889550000000298 ], [ 10.433949999999871, 54.8812500000003 ], [ 10.433949999999871, 54.872950000000301 ], [ 10.447849999999871, 54.872950000000301 ], [ 10.461749999999871, 54.872950000000301 ], [ 10.461749999999871, 54.8812500000003 ], [ 10.47564999999987, 54.8812500000003 ], [ 10.47564999999987, 54.889550000000298 ], [ 10.461749999999871, 54.889550000000298 ], [ 10.461749999999871, 54.897850000000297 ], [ 10.47564999999987, 54.897850000000297 ], [ 10.48954999999987, 54.897850000000297 ], [ 10.503449999999869, 54.897850000000297 ], [ 10.503449999999869, 54.889550000000298 ], [ 10.503449999999869, 54.8812500000003 ], [ 10.503449999999869, 54.872950000000301 ], [ 10.517349999999869, 54.872950000000301 ], [ 10.517349999999869, 54.864650000000303 ], [ 10.531249999999869, 54.864650000000303 ], [ 10.531249999999869, 54.856350000000305 ], [ 10.545149999999868, 54.856350000000305 ], [ 10.545149999999868, 54.848050000000306 ], [ 10.531249999999869, 54.848050000000306 ], [ 10.517349999999869, 54.848050000000306 ], [ 10.503449999999869, 54.848050000000306 ], [ 10.48954999999987, 54.848050000000306 ], [ 10.47564999999987, 54.848050000000306 ], [ 10.461749999999871, 54.848050000000306 ], [ 10.447849999999871, 54.848050000000306 ], [ 10.447849999999871, 54.839750000000308 ], [ 10.433949999999871, 54.839750000000308 ], [ 10.433949999999871, 54.831450000000309 ], [ 10.433949999999871, 54.823150000000311 ] ], [ [ 10.239349999999877, 54.947650000000287 ], [ 10.239349999999877, 54.955950000000286 ], [ 10.253249999999877, 54.955950000000286 ], [ 10.253249999999877, 54.947650000000287 ], [ 10.239349999999877, 54.947650000000287 ] ], [ [ 10.225449999999878, 54.955950000000286 ], [ 10.225449999999878, 54.964250000000284 ], [ 10.239349999999877, 54.964250000000284 ], [ 10.239349999999877, 54.955950000000286 ], [ 10.225449999999878, 54.955950000000286 ] ], [ [ 10.211549999999878, 54.964250000000284 ], [ 10.211549999999878, 54.972550000000282 ], [ 10.225449999999878, 54.972550000000282 ], [ 10.225449999999878, 54.964250000000284 ], [ 10.211549999999878, 54.964250000000284 ] ], [ [ 10.48954999999987, 55.014050000000275 ], [ 10.48954999999987, 55.005750000000276 ], [ 10.47564999999987, 55.005750000000276 ], [ 10.461749999999871, 55.005750000000276 ], [ 10.461749999999871, 55.014050000000275 ], [ 10.461749999999871, 55.022350000000273 ], [ 10.47564999999987, 55.022350000000273 ], [ 10.47564999999987, 55.014050000000275 ], [ 10.48954999999987, 55.014050000000275 ] ], [ [ 10.253249999999877, 55.03895000000027 ], [ 10.267149999999877, 55.03895000000027 ], [ 10.281049999999876, 55.03895000000027 ], [ 10.281049999999876, 55.030650000000271 ], [ 10.294949999999876, 55.030650000000271 ], [ 10.308849999999875, 55.030650000000271 ], [ 10.308849999999875, 55.022350000000273 ], [ 10.294949999999876, 55.022350000000273 ], [ 10.281049999999876, 55.022350000000273 ], [ 10.267149999999877, 55.022350000000273 ], [ 10.253249999999877, 55.022350000000273 ], [ 10.253249999999877, 55.030650000000271 ], [ 10.239349999999877, 55.030650000000271 ], [ 10.239349999999877, 55.03895000000027 ], [ 10.239349999999877, 55.047250000000268 ], [ 10.253249999999877, 55.047250000000268 ], [ 10.253249999999877, 55.03895000000027 ] ], [ [ 10.322749999999875, 55.022350000000273 ], [ 10.336649999999874, 55.022350000000273 ], [ 10.336649999999874, 55.014050000000275 ], [ 10.322749999999875, 55.014050000000275 ], [ 10.308849999999875, 55.014050000000275 ], [ 10.308849999999875, 55.022350000000273 ], [ 10.322749999999875, 55.022350000000273 ] ], [ [ 10.253249999999877, 55.063850000000265 ], [ 10.239349999999877, 55.063850000000265 ], [ 10.239349999999877, 55.072150000000264 ], [ 10.253249999999877, 55.072150000000264 ], [ 10.267149999999877, 55.072150000000264 ], [ 10.267149999999877, 55.063850000000265 ], [ 10.253249999999877, 55.063850000000265 ] ], [ [ 10.364449999999874, 54.989150000000279 ], [ 10.378349999999873, 54.989150000000279 ], [ 10.392249999999873, 54.989150000000279 ], [ 10.406149999999872, 54.989150000000279 ], [ 10.406149999999872, 54.980850000000281 ], [ 10.392249999999873, 54.980850000000281 ], [ 10.378349999999873, 54.980850000000281 ], [ 10.364449999999874, 54.980850000000281 ], [ 10.364449999999874, 54.989150000000279 ] ], [ [ 10.420049999999872, 54.980850000000281 ], [ 10.420049999999872, 54.989150000000279 ], [ 10.433949999999871, 54.989150000000279 ], [ 10.433949999999871, 54.980850000000281 ], [ 10.447849999999871, 54.980850000000281 ], [ 10.447849999999871, 54.972550000000282 ], [ 10.433949999999871, 54.972550000000282 ], [ 10.420049999999872, 54.972550000000282 ], [ 10.406149999999872, 54.972550000000282 ], [ 10.406149999999872, 54.980850000000281 ], [ 10.420049999999872, 54.980850000000281 ] ], [ [ 10.48954999999987, 54.93105000000029 ], [ 10.48954999999987, 54.922750000000292 ], [ 10.47564999999987, 54.922750000000292 ], [ 10.47564999999987, 54.93105000000029 ], [ 10.48954999999987, 54.93105000000029 ] ], [ [ 10.670249999999864, 54.955950000000286 ], [ 10.670249999999864, 54.964250000000284 ], [ 10.684149999999864, 54.964250000000284 ], [ 10.698049999999864, 54.964250000000284 ], [ 10.698049999999864, 54.955950000000286 ], [ 10.684149999999864, 54.955950000000286 ], [ 10.670249999999864, 54.955950000000286 ] ], [ [ 10.628549999999866, 54.914450000000294 ], [ 10.628549999999866, 54.906150000000295 ], [ 10.628549999999866, 54.897850000000297 ], [ 10.614649999999866, 54.897850000000297 ], [ 10.600749999999866, 54.897850000000297 ], [ 10.600749999999866, 54.906150000000295 ], [ 10.586849999999867, 54.906150000000295 ], [ 10.572949999999867, 54.906150000000295 ], [ 10.572949999999867, 54.914450000000294 ], [ 10.586849999999867, 54.914450000000294 ], [ 10.586849999999867, 54.922750000000292 ], [ 10.600749999999866, 54.922750000000292 ], [ 10.614649999999866, 54.922750000000292 ], [ 10.628549999999866, 54.922750000000292 ], [ 10.628549999999866, 54.914450000000294 ] ], [ [ 10.48954999999987, 54.964250000000284 ], [ 10.47564999999987, 54.964250000000284 ], [ 10.47564999999987, 54.972550000000282 ], [ 10.48954999999987, 54.972550000000282 ], [ 10.503449999999869, 54.972550000000282 ], [ 10.503449999999869, 54.964250000000284 ], [ 10.48954999999987, 54.964250000000284 ] ], [ [ 10.503449999999869, 54.980850000000281 ], [ 10.517349999999869, 54.980850000000281 ], [ 10.517349999999869, 54.972550000000282 ], [ 10.503449999999869, 54.972550000000282 ], [ 10.503449999999869, 54.980850000000281 ] ], [ [ 10.531249999999869, 54.93105000000029 ], [ 10.517349999999869, 54.93105000000029 ], [ 10.503449999999869, 54.93105000000029 ], [ 10.503449999999869, 54.939350000000289 ], [ 10.503449999999869, 54.947650000000287 ], [ 10.517349999999869, 54.947650000000287 ], [ 10.517349999999869, 54.939350000000289 ], [ 10.531249999999869, 54.939350000000289 ], [ 10.531249999999869, 54.93105000000029 ] ], [ [ 10.545149999999868, 54.914450000000294 ], [ 10.559049999999868, 54.914450000000294 ], [ 10.559049999999868, 54.906150000000295 ], [ 10.545149999999868, 54.906150000000295 ], [ 10.545149999999868, 54.914450000000294 ] ], [ [ 10.281049999999876, 55.769350000000131 ], [ 10.294949999999876, 55.769350000000131 ], [ 10.294949999999876, 55.777650000000129 ], [ 10.308849999999875, 55.777650000000129 ], [ 10.308849999999875, 55.785950000000128 ], [ 10.308849999999875, 55.794250000000126 ], [ 10.322749999999875, 55.794250000000126 ], [ 10.322749999999875, 55.785950000000128 ], [ 10.336649999999874, 55.785950000000128 ], [ 10.336649999999874, 55.777650000000129 ], [ 10.336649999999874, 55.769350000000131 ], [ 10.336649999999874, 55.761050000000132 ], [ 10.336649999999874, 55.752750000000134 ], [ 10.322749999999875, 55.752750000000134 ], [ 10.322749999999875, 55.744450000000136 ], [ 10.308849999999875, 55.744450000000136 ], [ 10.294949999999876, 55.744450000000136 ], [ 10.294949999999876, 55.752750000000134 ], [ 10.281049999999876, 55.752750000000134 ], [ 10.267149999999877, 55.752750000000134 ], [ 10.253249999999877, 55.752750000000134 ], [ 10.239349999999877, 55.752750000000134 ], [ 10.239349999999877, 55.761050000000132 ], [ 10.253249999999877, 55.761050000000132 ], [ 10.267149999999877, 55.761050000000132 ], [ 10.281049999999876, 55.761050000000132 ], [ 10.281049999999876, 55.769350000000131 ] ], [ [ 10.169849999999879, 55.644850000000154 ], [ 10.183749999999879, 55.644850000000154 ], [ 10.197649999999879, 55.644850000000154 ], [ 10.197649999999879, 55.636550000000156 ], [ 10.183749999999879, 55.636550000000156 ], [ 10.183749999999879, 55.628250000000158 ], [ 10.183749999999879, 55.619950000000159 ], [ 10.169849999999879, 55.619950000000159 ], [ 10.169849999999879, 55.628250000000158 ], [ 10.169849999999879, 55.636550000000156 ], [ 10.169849999999879, 55.644850000000154 ] ], [ [ 10.420049999999872, 55.96025 ], [ 10.433949999999871, 55.96025 ], [ 10.447849999999871, 55.96025 ], [ 10.447849999999871, 55.95195 ], [ 10.447849999999871, 55.94365 ], [ 10.433949999999871, 55.94365 ], [ 10.433949999999871, 55.95195 ], [ 10.420049999999872, 55.95195 ], [ 10.420049999999872, 55.96025 ] ], [ [ 10.656349999999865, 55.835750000000118 ], [ 10.642449999999865, 55.835750000000118 ], [ 10.642449999999865, 55.82745000000012 ], [ 10.642449999999865, 55.819150000000121 ], [ 10.642449999999865, 55.810850000000123 ], [ 10.642449999999865, 55.802550000000124 ], [ 10.642449999999865, 55.794250000000126 ], [ 10.642449999999865, 55.785950000000128 ], [ 10.628549999999866, 55.785950000000128 ], [ 10.628549999999866, 55.777650000000129 ], [ 10.628549999999866, 55.769350000000131 ], [ 10.614649999999866, 55.769350000000131 ], [ 10.600749999999866, 55.769350000000131 ], [ 10.586849999999867, 55.769350000000131 ], [ 10.572949999999867, 55.769350000000131 ], [ 10.559049999999868, 55.769350000000131 ], [ 10.559049999999868, 55.777650000000129 ], [ 10.545149999999868, 55.777650000000129 ], [ 10.545149999999868, 55.785950000000128 ], [ 10.531249999999869, 55.785950000000128 ], [ 10.531249999999869, 55.794250000000126 ], [ 10.531249999999869, 55.802550000000124 ], [ 10.531249999999869, 55.810850000000123 ], [ 10.531249999999869, 55.819150000000121 ], [ 10.531249999999869, 55.82745000000012 ], [ 10.531249999999869, 55.835750000000118 ], [ 10.531249999999869, 55.844050000000117 ], [ 10.531249999999869, 55.852350000000115 ], [ 10.531249999999869, 55.860650000000113 ], [ 10.545149999999868, 55.860650000000113 ], [ 10.545149999999868, 55.868950000000112 ], [ 10.559049999999868, 55.868950000000112 ], [ 10.572949999999867, 55.868950000000112 ], [ 10.586849999999867, 55.868950000000112 ], [ 10.586849999999867, 55.87725000000011 ], [ 10.586849999999867, 55.885550000000109 ], [ 10.600749999999866, 55.885550000000109 ], [ 10.600749999999866, 55.893850000000107 ], [ 10.600749999999866, 55.902150000000105 ], [ 10.600749999999866, 55.910450000000104 ], [ 10.600749999999866, 55.918750000000102 ], [ 10.600749999999866, 55.927050000000101 ], [ 10.586849999999867, 55.927050000000101 ], [ 10.586849999999867, 55.93535 ], [ 10.572949999999867, 55.93535 ], [ 10.559049999999868, 55.93535 ], [ 10.559049999999868, 55.94365 ], [ 10.545149999999868, 55.94365 ], [ 10.531249999999869, 55.94365 ], [ 10.531249999999869, 55.95195 ], [ 10.531249999999869, 55.96025 ], [ 10.531249999999869, 55.96855 ], [ 10.517349999999869, 55.96855 ], [ 10.517349999999869, 55.97685 ], [ 10.531249999999869, 55.97685 ], [ 10.531249999999869, 55.98515 ], [ 10.531249999999869, 55.99345 ], [ 10.545149999999868, 55.99345 ], [ 10.545149999999868, 56.00175 ], [ 10.559049999999868, 56.00175 ], [ 10.572949999999867, 56.00175 ], [ 10.572949999999867, 55.99345 ], [ 10.572949999999867, 55.98515 ], [ 10.572949999999867, 55.97685 ], [ 10.572949999999867, 55.96855 ], [ 10.572949999999867, 55.96025 ], [ 10.586849999999867, 55.96025 ], [ 10.586849999999867, 55.95195 ], [ 10.586849999999867, 55.94365 ], [ 10.600749999999866, 55.94365 ], [ 10.600749999999866, 55.93535 ], [ 10.614649999999866, 55.93535 ], [ 10.614649999999866, 55.927050000000101 ], [ 10.628549999999866, 55.927050000000101 ], [ 10.642449999999865, 55.927050000000101 ], [ 10.642449999999865, 55.918750000000102 ], [ 10.642449999999865, 55.910450000000104 ], [ 10.628549999999866, 55.910450000000104 ], [ 10.628549999999866, 55.902150000000105 ], [ 10.642449999999865, 55.902150000000105 ], [ 10.656349999999865, 55.902150000000105 ], [ 10.656349999999865, 55.893850000000107 ], [ 10.642449999999865, 55.893850000000107 ], [ 10.642449999999865, 55.885550000000109 ], [ 10.656349999999865, 55.885550000000109 ], [ 10.670249999999864, 55.885550000000109 ], [ 10.670249999999864, 55.893850000000107 ], [ 10.684149999999864, 55.893850000000107 ], [ 10.684149999999864, 55.885550000000109 ], [ 10.684149999999864, 55.87725000000011 ], [ 10.684149999999864, 55.868950000000112 ], [ 10.670249999999864, 55.868950000000112 ], [ 10.670249999999864, 55.860650000000113 ], [ 10.656349999999865, 55.860650000000113 ], [ 10.656349999999865, 55.852350000000115 ], [ 10.656349999999865, 55.844050000000117 ], [ 10.656349999999865, 55.835750000000118 ] ], [ [ 10.684149999999864, 55.902150000000105 ], [ 10.684149999999864, 55.910450000000104 ], [ 10.698049999999864, 55.910450000000104 ], [ 10.698049999999864, 55.902150000000105 ], [ 10.698049999999864, 55.893850000000107 ], [ 10.684149999999864, 55.893850000000107 ], [ 10.684149999999864, 55.902150000000105 ] ], [ [ 10.670249999999864, 55.910450000000104 ], [ 10.670249999999864, 55.918750000000102 ], [ 10.670249999999864, 55.927050000000101 ], [ 10.684149999999864, 55.927050000000101 ], [ 10.684149999999864, 55.918750000000102 ], [ 10.684149999999864, 55.910450000000104 ], [ 10.670249999999864, 55.910450000000104 ] ], [ [ 10.795349999999861, 55.93535 ], [ 10.781449999999861, 55.93535 ], [ 10.781449999999861, 55.94365 ], [ 10.795349999999861, 55.94365 ], [ 10.795349999999861, 55.93535 ] ], [ [ 10.753649999999862, 55.95195 ], [ 10.753649999999862, 55.96025 ], [ 10.767549999999861, 55.96025 ], [ 10.767549999999861, 55.95195 ], [ 10.753649999999862, 55.95195 ] ], [ [ 10.781449999999861, 55.51205000000018 ], [ 10.781449999999861, 55.520350000000178 ], [ 10.795349999999861, 55.520350000000178 ], [ 10.795349999999861, 55.51205000000018 ], [ 10.781449999999861, 55.51205000000018 ] ], [ [ 10.795349999999861, 56.14285 ], [ 10.80924999999986, 56.14285 ], [ 10.80924999999986, 56.13455 ], [ 10.795349999999861, 56.13455 ], [ 10.795349999999861, 56.14285 ] ], [ [ 11.031649999999853, 54.848050000000306 ], [ 11.031649999999853, 54.839750000000308 ], [ 11.017749999999854, 54.839750000000308 ], [ 11.017749999999854, 54.848050000000306 ], [ 11.017749999999854, 54.856350000000305 ], [ 11.031649999999853, 54.856350000000305 ], [ 11.031649999999853, 54.848050000000306 ] ], [ [ 10.976049999999855, 55.337750000000213 ], [ 10.976049999999855, 55.329450000000215 ], [ 10.962149999999856, 55.329450000000215 ], [ 10.962149999999856, 55.337750000000213 ], [ 10.976049999999855, 55.337750000000213 ] ], [ [ 11.115049999999851, 55.893850000000107 ], [ 11.115049999999851, 55.902150000000105 ], [ 11.101149999999851, 55.902150000000105 ], [ 11.101149999999851, 55.910450000000104 ], [ 11.087249999999852, 55.910450000000104 ], [ 11.087249999999852, 55.918750000000102 ], [ 11.101149999999851, 55.918750000000102 ], [ 11.115049999999851, 55.918750000000102 ], [ 11.115049999999851, 55.910450000000104 ], [ 11.12894999999985, 55.910450000000104 ], [ 11.12894999999985, 55.902150000000105 ], [ 11.14284999999985, 55.902150000000105 ], [ 11.15674999999985, 55.902150000000105 ], [ 11.15674999999985, 55.893850000000107 ], [ 11.170649999999849, 55.893850000000107 ], [ 11.170649999999849, 55.885550000000109 ], [ 11.184549999999849, 55.885550000000109 ], [ 11.184549999999849, 55.87725000000011 ], [ 11.198449999999848, 55.87725000000011 ], [ 11.198449999999848, 55.868950000000112 ], [ 11.184549999999849, 55.868950000000112 ], [ 11.170649999999849, 55.868950000000112 ], [ 11.15674999999985, 55.868950000000112 ], [ 11.15674999999985, 55.87725000000011 ], [ 11.14284999999985, 55.87725000000011 ], [ 11.14284999999985, 55.885550000000109 ], [ 11.14284999999985, 55.893850000000107 ], [ 11.12894999999985, 55.893850000000107 ], [ 11.115049999999851, 55.893850000000107 ] ], [ [ 11.212349999999848, 55.868950000000112 ], [ 11.226249999999848, 55.868950000000112 ], [ 11.226249999999848, 55.860650000000113 ], [ 11.212349999999848, 55.860650000000113 ], [ 11.198449999999848, 55.860650000000113 ], [ 11.198449999999848, 55.868950000000112 ], [ 11.212349999999848, 55.868950000000112 ] ], [ [ 11.170649999999849, 55.171750000000245 ], [ 11.170649999999849, 55.163450000000246 ], [ 11.170649999999849, 55.155150000000248 ], [ 11.15674999999985, 55.155150000000248 ], [ 11.15674999999985, 55.146850000000249 ], [ 11.14284999999985, 55.146850000000249 ], [ 11.14284999999985, 55.155150000000248 ], [ 11.14284999999985, 55.163450000000246 ], [ 11.14284999999985, 55.171750000000245 ], [ 11.15674999999985, 55.171750000000245 ], [ 11.170649999999849, 55.171750000000245 ] ], [ [ 11.170649999999849, 55.180050000000243 ], [ 11.184549999999849, 55.180050000000243 ], [ 11.184549999999849, 55.171750000000245 ], [ 11.170649999999849, 55.171750000000245 ], [ 11.170649999999849, 55.180050000000243 ] ], [ [ 11.087249999999852, 55.487150000000184 ], [ 11.087249999999852, 55.478850000000186 ], [ 11.073349999999852, 55.478850000000186 ], [ 11.073349999999852, 55.487150000000184 ], [ 11.087249999999852, 55.487150000000184 ] ], [ [ 11.198449999999848, 55.213250000000237 ], [ 11.198449999999848, 55.204950000000238 ], [ 11.184549999999849, 55.204950000000238 ], [ 11.184549999999849, 55.213250000000237 ], [ 11.184549999999849, 55.221550000000235 ], [ 11.184549999999849, 55.229850000000233 ], [ 11.170649999999849, 55.229850000000233 ], [ 11.170649999999849, 55.238150000000232 ], [ 11.170649999999849, 55.24645000000023 ], [ 11.170649999999849, 55.254750000000229 ], [ 11.184549999999849, 55.254750000000229 ], [ 11.184549999999849, 55.24645000000023 ], [ 11.184549999999849, 55.238150000000232 ], [ 11.198449999999848, 55.238150000000232 ], [ 11.198449999999848, 55.229850000000233 ], [ 11.198449999999848, 55.221550000000235 ], [ 11.198449999999848, 55.213250000000237 ] ], [ [ 11.212349999999848, 55.204950000000238 ], [ 11.212349999999848, 55.19665000000024 ], [ 11.198449999999848, 55.19665000000024 ], [ 11.198449999999848, 55.204950000000238 ], [ 11.212349999999848, 55.204950000000238 ] ], [ [ 11.226249999999848, 55.19665000000024 ], [ 11.226249999999848, 55.188350000000241 ], [ 11.212349999999848, 55.188350000000241 ], [ 11.212349999999848, 55.19665000000024 ], [ 11.226249999999848, 55.19665000000024 ] ], [ [ 11.295749999999845, 55.769350000000131 ], [ 11.295749999999845, 55.777650000000129 ], [ 11.295749999999845, 55.785950000000128 ], [ 11.309649999999845, 55.785950000000128 ], [ 11.309649999999845, 55.777650000000129 ], [ 11.309649999999845, 55.769350000000131 ], [ 11.295749999999845, 55.769350000000131 ] ], [ [ 11.281849999999846, 55.785950000000128 ], [ 11.281849999999846, 55.794250000000126 ], [ 11.295749999999845, 55.794250000000126 ], [ 11.295749999999845, 55.785950000000128 ], [ 11.281849999999846, 55.785950000000128 ] ], [ [ 11.823949999999829, 54.806550000000314 ], [ 11.81004999999983, 54.806550000000314 ], [ 11.81004999999983, 54.814850000000312 ], [ 11.79614999999983, 54.814850000000312 ], [ 11.79614999999983, 54.823150000000311 ], [ 11.81004999999983, 54.823150000000311 ], [ 11.81004999999983, 54.831450000000309 ], [ 11.81004999999983, 54.839750000000308 ], [ 11.81004999999983, 54.848050000000306 ], [ 11.81004999999983, 54.856350000000305 ], [ 11.79614999999983, 54.856350000000305 ], [ 11.782249999999831, 54.856350000000305 ], [ 11.768349999999831, 54.856350000000305 ], [ 11.768349999999831, 54.864650000000303 ], [ 11.754449999999832, 54.864650000000303 ], [ 11.754449999999832, 54.872950000000301 ], [ 11.754449999999832, 54.8812500000003 ], [ 11.754449999999832, 54.889550000000298 ], [ 11.754449999999832, 54.897850000000297 ], [ 11.740549999999832, 54.897850000000297 ], [ 11.740549999999832, 54.906150000000295 ], [ 11.754449999999832, 54.906150000000295 ], [ 11.754449999999832, 54.914450000000294 ], [ 11.754449999999832, 54.922750000000292 ], [ 11.754449999999832, 54.93105000000029 ], [ 11.740549999999832, 54.93105000000029 ], [ 11.726649999999832, 54.93105000000029 ], [ 11.712749999999833, 54.93105000000029 ], [ 11.712749999999833, 54.939350000000289 ], [ 11.712749999999833, 54.947650000000287 ], [ 11.726649999999832, 54.947650000000287 ], [ 11.726649999999832, 54.955950000000286 ], [ 11.740549999999832, 54.955950000000286 ], [ 11.740549999999832, 54.964250000000284 ], [ 11.754449999999832, 54.964250000000284 ], [ 11.754449999999832, 54.972550000000282 ], [ 11.768349999999831, 54.972550000000282 ], [ 11.768349999999831, 54.964250000000284 ], [ 11.782249999999831, 54.964250000000284 ], [ 11.79614999999983, 54.964250000000284 ], [ 11.79614999999983, 54.955950000000286 ], [ 11.81004999999983, 54.955950000000286 ], [ 11.81004999999983, 54.947650000000287 ], [ 11.823949999999829, 54.947650000000287 ], [ 11.823949999999829, 54.955950000000286 ], [ 11.837849999999829, 54.955950000000286 ], [ 11.837849999999829, 54.964250000000284 ], [ 11.823949999999829, 54.964250000000284 ], [ 11.823949999999829, 54.972550000000282 ], [ 11.837849999999829, 54.972550000000282 ], [ 11.851749999999829, 54.972550000000282 ], [ 11.851749999999829, 54.964250000000284 ], [ 11.865649999999828, 54.964250000000284 ], [ 11.865649999999828, 54.955950000000286 ], [ 11.879549999999828, 54.955950000000286 ], [ 11.879549999999828, 54.947650000000287 ], [ 11.893449999999827, 54.947650000000287 ], [ 11.893449999999827, 54.939350000000289 ], [ 11.893449999999827, 54.93105000000029 ], [ 11.907349999999827, 54.93105000000029 ], [ 11.921249999999826, 54.93105000000029 ], [ 11.921249999999826, 54.939350000000289 ], [ 11.935149999999826, 54.939350000000289 ], [ 11.949049999999826, 54.939350000000289 ], [ 11.949049999999826, 54.947650000000287 ], [ 11.962949999999825, 54.947650000000287 ], [ 11.976849999999825, 54.947650000000287 ], [ 11.976849999999825, 54.939350000000289 ], [ 11.976849999999825, 54.93105000000029 ], [ 11.976849999999825, 54.922750000000292 ], [ 11.990749999999824, 54.922750000000292 ], [ 11.990749999999824, 54.914450000000294 ], [ 11.990749999999824, 54.906150000000295 ], [ 12.004649999999824, 54.906150000000295 ], [ 12.018549999999824, 54.906150000000295 ], [ 12.018549999999824, 54.897850000000297 ], [ 12.032449999999823, 54.897850000000297 ], [ 12.046349999999823, 54.897850000000297 ], [ 12.060249999999822, 54.897850000000297 ], [ 12.074149999999822, 54.897850000000297 ], [ 12.088049999999821, 54.897850000000297 ], [ 12.101949999999821, 54.897850000000297 ], [ 12.115849999999821, 54.897850000000297 ], [ 12.115849999999821, 54.889550000000298 ], [ 12.12974999999982, 54.889550000000298 ], [ 12.12974999999982, 54.8812500000003 ], [ 12.12974999999982, 54.872950000000301 ], [ 12.14364999999982, 54.872950000000301 ], [ 12.14364999999982, 54.864650000000303 ], [ 12.157549999999819, 54.864650000000303 ], [ 12.157549999999819, 54.856350000000305 ], [ 12.171449999999819, 54.856350000000305 ], [ 12.171449999999819, 54.848050000000306 ], [ 12.171449999999819, 54.839750000000308 ], [ 12.157549999999819, 54.839750000000308 ], [ 12.157549999999819, 54.831450000000309 ], [ 12.14364999999982, 54.831450000000309 ], [ 12.14364999999982, 54.823150000000311 ], [ 12.14364999999982, 54.814850000000312 ], [ 12.12974999999982, 54.814850000000312 ], [ 12.12974999999982, 54.806550000000314 ], [ 12.115849999999821, 54.806550000000314 ], [ 12.115849999999821, 54.798250000000316 ], [ 12.101949999999821, 54.798250000000316 ], [ 12.088049999999821, 54.798250000000316 ], [ 12.088049999999821, 54.789950000000317 ], [ 12.074149999999822, 54.789950000000317 ], [ 12.074149999999822, 54.781650000000319 ], [ 12.060249999999822, 54.781650000000319 ], [ 12.060249999999822, 54.77335000000032 ], [ 12.046349999999823, 54.77335000000032 ], [ 12.046349999999823, 54.765050000000322 ], [ 12.046349999999823, 54.756750000000324 ], [ 12.032449999999823, 54.756750000000324 ], [ 12.032449999999823, 54.748450000000325 ], [ 12.032449999999823, 54.740150000000327 ], [ 12.032449999999823, 54.731850000000328 ], [ 12.018549999999824, 54.731850000000328 ], [ 12.018549999999824, 54.72355000000033 ], [ 12.004649999999824, 54.72355000000033 ], [ 12.004649999999824, 54.715250000000331 ], [ 11.990749999999824, 54.715250000000331 ], [ 11.990749999999824, 54.706950000000333 ], [ 11.976849999999825, 54.706950000000333 ], [ 11.976849999999825, 54.698650000000335 ], [ 11.976849999999825, 54.690350000000336 ], [ 11.976849999999825, 54.682050000000338 ], [ 11.976849999999825, 54.673750000000339 ], [ 11.976849999999825, 54.665450000000341 ], [ 11.976849999999825, 54.657150000000343 ], [ 11.976849999999825, 54.648850000000344 ], [ 11.976849999999825, 54.640550000000346 ], [ 11.962949999999825, 54.640550000000346 ], [ 11.962949999999825, 54.632250000000347 ], [ 11.962949999999825, 54.623950000000349 ], [ 11.962949999999825, 54.61565000000035 ], [ 11.976849999999825, 54.61565000000035 ], [ 11.976849999999825, 54.607350000000352 ], [ 11.976849999999825, 54.599050000000354 ], [ 11.976849999999825, 54.590750000000355 ], [ 11.976849999999825, 54.582450000000357 ], [ 11.976849999999825, 54.574150000000358 ], [ 11.976849999999825, 54.56585000000036 ], [ 11.962949999999825, 54.56585000000036 ], [ 11.962949999999825, 54.574150000000358 ], [ 11.949049999999826, 54.574150000000358 ], [ 11.949049999999826, 54.582450000000357 ], [ 11.935149999999826, 54.582450000000357 ], [ 11.921249999999826, 54.582450000000357 ], [ 11.921249999999826, 54.590750000000355 ], [ 11.921249999999826, 54.599050000000354 ], [ 11.921249999999826, 54.607350000000352 ], [ 11.921249999999826, 54.61565000000035 ], [ 11.907349999999827, 54.61565000000035 ], [ 11.907349999999827, 54.623950000000349 ], [ 11.907349999999827, 54.632250000000347 ], [ 11.893449999999827, 54.632250000000347 ], [ 11.893449999999827, 54.640550000000346 ], [ 11.893449999999827, 54.648850000000344 ], [ 11.879549999999828, 54.648850000000344 ], [ 11.879549999999828, 54.657150000000343 ], [ 11.865649999999828, 54.657150000000343 ], [ 11.865649999999828, 54.665450000000341 ], [ 11.865649999999828, 54.673750000000339 ], [ 11.865649999999828, 54.682050000000338 ], [ 11.879549999999828, 54.682050000000338 ], [ 11.879549999999828, 54.690350000000336 ], [ 11.879549999999828, 54.698650000000335 ], [ 11.893449999999827, 54.698650000000335 ], [ 11.893449999999827, 54.706950000000333 ], [ 11.907349999999827, 54.706950000000333 ], [ 11.907349999999827, 54.715250000000331 ], [ 11.907349999999827, 54.72355000000033 ], [ 11.893449999999827, 54.72355000000033 ], [ 11.893449999999827, 54.731850000000328 ], [ 11.879549999999828, 54.731850000000328 ], [ 11.879549999999828, 54.740150000000327 ], [ 11.879549999999828, 54.748450000000325 ], [ 11.879549999999828, 54.756750000000324 ], [ 11.879549999999828, 54.765050000000322 ], [ 11.879549999999828, 54.77335000000032 ], [ 11.865649999999828, 54.77335000000032 ], [ 11.865649999999828, 54.781650000000319 ], [ 11.865649999999828, 54.789950000000317 ], [ 11.851749999999829, 54.789950000000317 ], [ 11.851749999999829, 54.798250000000316 ], [ 11.837849999999829, 54.798250000000316 ], [ 11.837849999999829, 54.806550000000314 ], [ 11.823949999999829, 54.806550000000314 ] ], [ [ 11.532049999999838, 54.972550000000282 ], [ 11.518149999999839, 54.972550000000282 ], [ 11.518149999999839, 54.980850000000281 ], [ 11.504249999999839, 54.980850000000281 ], [ 11.504249999999839, 54.989150000000279 ], [ 11.504249999999839, 54.997450000000278 ], [ 11.518149999999839, 54.997450000000278 ], [ 11.532049999999838, 54.997450000000278 ], [ 11.545949999999838, 54.997450000000278 ], [ 11.559849999999837, 54.997450000000278 ], [ 11.559849999999837, 54.989150000000279 ], [ 11.573749999999837, 54.989150000000279 ], [ 11.573749999999837, 54.980850000000281 ], [ 11.573749999999837, 54.972550000000282 ], [ 11.559849999999837, 54.972550000000282 ], [ 11.559849999999837, 54.964250000000284 ], [ 11.545949999999838, 54.964250000000284 ], [ 11.545949999999838, 54.955950000000286 ], [ 11.532049999999838, 54.955950000000286 ], [ 11.532049999999838, 54.964250000000284 ], [ 11.532049999999838, 54.972550000000282 ] ], [ [ 11.406949999999842, 54.955950000000286 ], [ 11.406949999999842, 54.964250000000284 ], [ 11.406949999999842, 54.972550000000282 ], [ 11.420849999999842, 54.972550000000282 ], [ 11.434749999999841, 54.972550000000282 ], [ 11.448649999999841, 54.972550000000282 ], [ 11.46254999999984, 54.972550000000282 ], [ 11.46254999999984, 54.964250000000284 ], [ 11.47644999999984, 54.964250000000284 ], [ 11.47644999999984, 54.955950000000286 ], [ 11.47644999999984, 54.947650000000287 ], [ 11.46254999999984, 54.947650000000287 ], [ 11.448649999999841, 54.947650000000287 ], [ 11.434749999999841, 54.947650000000287 ], [ 11.434749999999841, 54.939350000000289 ], [ 11.420849999999842, 54.939350000000289 ], [ 11.420849999999842, 54.93105000000029 ], [ 11.406949999999842, 54.93105000000029 ], [ 11.393049999999842, 54.93105000000029 ], [ 11.393049999999842, 54.939350000000289 ], [ 11.379149999999843, 54.939350000000289 ], [ 11.379149999999843, 54.947650000000287 ], [ 11.379149999999843, 54.955950000000286 ], [ 11.393049999999842, 54.955950000000286 ], [ 11.406949999999842, 54.955950000000286 ] ], [ [ 11.365249999999843, 54.964250000000284 ], [ 11.351349999999844, 54.964250000000284 ], [ 11.351349999999844, 54.972550000000282 ], [ 11.365249999999843, 54.972550000000282 ], [ 11.379149999999843, 54.972550000000282 ], [ 11.379149999999843, 54.964250000000284 ], [ 11.365249999999843, 54.964250000000284 ] ], [ [ 11.323549999999845, 54.972550000000282 ], [ 11.309649999999845, 54.972550000000282 ], [ 11.309649999999845, 54.980850000000281 ], [ 11.323549999999845, 54.980850000000281 ], [ 11.323549999999845, 54.972550000000282 ] ], [ [ 11.351349999999844, 55.03895000000027 ], [ 11.365249999999843, 55.03895000000027 ], [ 11.365249999999843, 55.030650000000271 ], [ 11.351349999999844, 55.030650000000271 ], [ 11.351349999999844, 55.03895000000027 ] ], [ [ 11.365249999999843, 55.047250000000268 ], [ 11.379149999999843, 55.047250000000268 ], [ 11.379149999999843, 55.03895000000027 ], [ 11.365249999999843, 55.03895000000027 ], [ 11.365249999999843, 55.047250000000268 ] ], [ [ 11.49034999999984, 54.914450000000294 ], [ 11.49034999999984, 54.906150000000295 ], [ 11.504249999999839, 54.906150000000295 ], [ 11.518149999999839, 54.906150000000295 ], [ 11.518149999999839, 54.897850000000297 ], [ 11.518149999999839, 54.889550000000298 ], [ 11.504249999999839, 54.889550000000298 ], [ 11.49034999999984, 54.889550000000298 ], [ 11.49034999999984, 54.897850000000297 ], [ 11.47644999999984, 54.897850000000297 ], [ 11.47644999999984, 54.906150000000295 ], [ 11.47644999999984, 54.914450000000294 ], [ 11.47644999999984, 54.922750000000292 ], [ 11.49034999999984, 54.922750000000292 ], [ 11.504249999999839, 54.922750000000292 ], [ 11.504249999999839, 54.914450000000294 ], [ 11.49034999999984, 54.914450000000294 ] ], [ [ 11.448649999999841, 54.001450000000467 ], [ 11.434749999999841, 54.001450000000467 ], [ 11.434749999999841, 53.993150000000469 ], [ 11.434749999999841, 53.984850000000471 ], [ 11.434749999999841, 53.976550000000472 ], [ 11.420849999999842, 53.976550000000472 ], [ 11.406949999999842, 53.976550000000472 ], [ 11.393049999999842, 53.976550000000472 ], [ 11.393049999999842, 53.984850000000471 ], [ 11.393049999999842, 53.993150000000469 ], [ 11.393049999999842, 54.001450000000467 ], [ 11.393049999999842, 54.009750000000466 ], [ 11.393049999999842, 54.018050000000464 ], [ 11.406949999999842, 54.018050000000464 ], [ 11.406949999999842, 54.026350000000463 ], [ 11.420849999999842, 54.026350000000463 ], [ 11.434749999999841, 54.026350000000463 ], [ 11.448649999999841, 54.026350000000463 ], [ 11.448649999999841, 54.034650000000461 ], [ 11.46254999999984, 54.034650000000461 ], [ 11.47644999999984, 54.034650000000461 ], [ 11.49034999999984, 54.034650000000461 ], [ 11.49034999999984, 54.026350000000463 ], [ 11.49034999999984, 54.018050000000464 ], [ 11.49034999999984, 54.009750000000466 ], [ 11.49034999999984, 54.001450000000467 ], [ 11.47644999999984, 54.001450000000467 ], [ 11.47644999999984, 53.993150000000469 ], [ 11.47644999999984, 53.984850000000471 ], [ 11.46254999999984, 53.984850000000471 ], [ 11.46254999999984, 53.976550000000472 ], [ 11.46254999999984, 53.968250000000474 ], [ 11.448649999999841, 53.968250000000474 ], [ 11.448649999999841, 53.976550000000472 ], [ 11.448649999999841, 53.984850000000471 ], [ 11.448649999999841, 53.993150000000469 ], [ 11.448649999999841, 54.001450000000467 ] ], [ [ 11.49034999999984, 54.042950000000459 ], [ 11.504249999999839, 54.042950000000459 ], [ 11.504249999999839, 54.034650000000461 ], [ 11.49034999999984, 54.034650000000461 ], [ 11.49034999999984, 54.042950000000459 ] ], [ [ 11.532049999999838, 54.084450000000452 ], [ 11.532049999999838, 54.09275000000045 ], [ 11.545949999999838, 54.09275000000045 ], [ 11.545949999999838, 54.101050000000448 ], [ 11.545949999999838, 54.109350000000447 ], [ 11.559849999999837, 54.109350000000447 ], [ 11.573749999999837, 54.109350000000447 ], [ 11.587649999999837, 54.109350000000447 ], [ 11.587649999999837, 54.101050000000448 ], [ 11.587649999999837, 54.09275000000045 ], [ 11.573749999999837, 54.09275000000045 ], [ 11.573749999999837, 54.084450000000452 ], [ 11.559849999999837, 54.084450000000452 ], [ 11.559849999999837, 54.076150000000453 ], [ 11.545949999999838, 54.076150000000453 ], [ 11.545949999999838, 54.067850000000455 ], [ 11.532049999999838, 54.067850000000455 ], [ 11.518149999999839, 54.067850000000455 ], [ 11.518149999999839, 54.076150000000453 ], [ 11.518149999999839, 54.084450000000452 ], [ 11.532049999999838, 54.084450000000452 ] ], [ [ 11.518149999999839, 54.059550000000456 ], [ 11.518149999999839, 54.051250000000458 ], [ 11.504249999999839, 54.051250000000458 ], [ 11.504249999999839, 54.059550000000456 ], [ 11.504249999999839, 54.067850000000455 ], [ 11.518149999999839, 54.067850000000455 ], [ 11.518149999999839, 54.059550000000456 ] ], [ [ 12.018549999999824, 54.93105000000029 ], [ 12.004649999999824, 54.93105000000029 ], [ 12.004649999999824, 54.939350000000289 ], [ 12.004649999999824, 54.947650000000287 ], [ 12.018549999999824, 54.947650000000287 ], [ 12.018549999999824, 54.939350000000289 ], [ 12.032449999999823, 54.939350000000289 ], [ 12.032449999999823, 54.947650000000287 ], [ 12.046349999999823, 54.947650000000287 ], [ 12.060249999999822, 54.947650000000287 ], [ 12.074149999999822, 54.947650000000287 ], [ 12.074149999999822, 54.939350000000289 ], [ 12.088049999999821, 54.939350000000289 ], [ 12.088049999999821, 54.93105000000029 ], [ 12.088049999999821, 54.922750000000292 ], [ 12.088049999999821, 54.914450000000294 ], [ 12.074149999999822, 54.914450000000294 ], [ 12.060249999999822, 54.914450000000294 ], [ 12.060249999999822, 54.922750000000292 ], [ 12.046349999999823, 54.922750000000292 ], [ 12.032449999999823, 54.922750000000292 ], [ 12.018549999999824, 54.922750000000292 ], [ 12.018549999999824, 54.93105000000029 ] ], [ [ 12.074149999999822, 54.955950000000286 ], [ 12.074149999999822, 54.964250000000284 ], [ 12.088049999999821, 54.964250000000284 ], [ 12.101949999999821, 54.964250000000284 ], [ 12.101949999999821, 54.955950000000286 ], [ 12.088049999999821, 54.955950000000286 ], [ 12.074149999999822, 54.955950000000286 ] ], [ [ 12.004649999999824, 54.964250000000284 ], [ 12.004649999999824, 54.955950000000286 ], [ 11.990749999999824, 54.955950000000286 ], [ 11.990749999999824, 54.964250000000284 ], [ 12.004649999999824, 54.964250000000284 ] ], [ [ 11.81004999999983, 55.752750000000134 ], [ 11.81004999999983, 55.761050000000132 ], [ 11.79614999999983, 55.761050000000132 ], [ 11.79614999999983, 55.769350000000131 ], [ 11.782249999999831, 55.769350000000131 ], [ 11.782249999999831, 55.777650000000129 ], [ 11.782249999999831, 55.785950000000128 ], [ 11.782249999999831, 55.794250000000126 ], [ 11.79614999999983, 55.794250000000126 ], [ 11.81004999999983, 55.794250000000126 ], [ 11.823949999999829, 55.794250000000126 ], [ 11.823949999999829, 55.802550000000124 ], [ 11.823949999999829, 55.810850000000123 ], [ 11.837849999999829, 55.810850000000123 ], [ 11.837849999999829, 55.802550000000124 ], [ 11.851749999999829, 55.802550000000124 ], [ 11.851749999999829, 55.794250000000126 ], [ 11.851749999999829, 55.785950000000128 ], [ 11.851749999999829, 55.777650000000129 ], [ 11.837849999999829, 55.777650000000129 ], [ 11.837849999999829, 55.769350000000131 ], [ 11.837849999999829, 55.761050000000132 ], [ 11.837849999999829, 55.752750000000134 ], [ 11.823949999999829, 55.752750000000134 ], [ 11.823949999999829, 55.744450000000136 ], [ 11.81004999999983, 55.744450000000136 ], [ 11.81004999999983, 55.752750000000134 ] ], [ [ 11.712749999999833, 56.20095 ], [ 11.712749999999833, 56.19265 ], [ 11.698849999999833, 56.19265 ], [ 11.698849999999833, 56.20095 ], [ 11.712749999999833, 56.20095 ] ], [ [ 13.964549999999765, 53.860350000000494 ], [ 13.964549999999765, 53.852050000000496 ], [ 13.950649999999765, 53.852050000000496 ], [ 13.950649999999765, 53.860350000000494 ], [ 13.950649999999765, 53.868650000000493 ], [ 13.950649999999765, 53.876950000000491 ], [ 13.936749999999765, 53.876950000000491 ], [ 13.936749999999765, 53.868650000000493 ], [ 13.936749999999765, 53.860350000000494 ], [ 13.922849999999766, 53.860350000000494 ], [ 13.922849999999766, 53.852050000000496 ], [ 13.908949999999766, 53.852050000000496 ], [ 13.908949999999766, 53.843750000000497 ], [ 13.895049999999767, 53.843750000000497 ], [ 13.895049999999767, 53.852050000000496 ], [ 13.881149999999767, 53.852050000000496 ], [ 13.867249999999768, 53.852050000000496 ], [ 13.867249999999768, 53.860350000000494 ], [ 13.853349999999768, 53.860350000000494 ], [ 13.853349999999768, 53.868650000000493 ], [ 13.853349999999768, 53.876950000000491 ], [ 13.853349999999768, 53.885250000000489 ], [ 13.867249999999768, 53.885250000000489 ], [ 13.881149999999767, 53.885250000000489 ], [ 13.881149999999767, 53.893550000000488 ], [ 13.895049999999767, 53.893550000000488 ], [ 13.908949999999766, 53.893550000000488 ], [ 13.922849999999766, 53.893550000000488 ], [ 13.922849999999766, 53.901850000000486 ], [ 13.922849999999766, 53.910150000000485 ], [ 13.936749999999765, 53.910150000000485 ], [ 13.936749999999765, 53.918450000000483 ], [ 13.936749999999765, 53.926750000000482 ], [ 13.936749999999765, 53.93505000000048 ], [ 13.936749999999765, 53.943350000000478 ], [ 13.936749999999765, 53.951650000000477 ], [ 13.936749999999765, 53.959950000000475 ], [ 13.922849999999766, 53.959950000000475 ], [ 13.922849999999766, 53.968250000000474 ], [ 13.908949999999766, 53.968250000000474 ], [ 13.908949999999766, 53.976550000000472 ], [ 13.908949999999766, 53.984850000000471 ], [ 13.908949999999766, 53.993150000000469 ], [ 13.908949999999766, 54.001450000000467 ], [ 13.922849999999766, 54.001450000000467 ], [ 13.936749999999765, 54.001450000000467 ], [ 13.950649999999765, 54.001450000000467 ], [ 13.964549999999765, 54.001450000000467 ], [ 13.964549999999765, 53.993150000000469 ], [ 13.978449999999764, 53.993150000000469 ], [ 13.978449999999764, 53.984850000000471 ], [ 13.978449999999764, 53.976550000000472 ], [ 13.992349999999764, 53.976550000000472 ], [ 14.006249999999763, 53.976550000000472 ], [ 14.006249999999763, 53.968250000000474 ], [ 14.020149999999763, 53.968250000000474 ], [ 14.020149999999763, 53.959950000000475 ], [ 14.034049999999763, 53.959950000000475 ], [ 14.047949999999762, 53.959950000000475 ], [ 14.047949999999762, 53.968250000000474 ], [ 14.047949999999762, 53.976550000000472 ], [ 14.047949999999762, 53.984850000000471 ], [ 14.061849999999762, 53.984850000000471 ], [ 14.061849999999762, 53.993150000000469 ], [ 14.061849999999762, 54.001450000000467 ], [ 14.061849999999762, 54.009750000000466 ], [ 14.047949999999762, 54.009750000000466 ], [ 14.047949999999762, 54.018050000000464 ], [ 14.034049999999763, 54.018050000000464 ], [ 14.034049999999763, 54.026350000000463 ], [ 14.020149999999763, 54.026350000000463 ], [ 14.006249999999763, 54.026350000000463 ], [ 14.006249999999763, 54.034650000000461 ], [ 14.006249999999763, 54.042950000000459 ], [ 14.006249999999763, 54.051250000000458 ], [ 13.992349999999764, 54.051250000000458 ], [ 13.992349999999764, 54.059550000000456 ], [ 13.978449999999764, 54.059550000000456 ], [ 13.978449999999764, 54.067850000000455 ], [ 13.964549999999765, 54.067850000000455 ], [ 13.950649999999765, 54.067850000000455 ], [ 13.936749999999765, 54.067850000000455 ], [ 13.922849999999766, 54.067850000000455 ], [ 13.922849999999766, 54.059550000000456 ], [ 13.922849999999766, 54.051250000000458 ], [ 13.936749999999765, 54.051250000000458 ], [ 13.936749999999765, 54.042950000000459 ], [ 13.922849999999766, 54.042950000000459 ], [ 13.922849999999766, 54.034650000000461 ], [ 13.936749999999765, 54.034650000000461 ], [ 13.936749999999765, 54.026350000000463 ], [ 13.922849999999766, 54.026350000000463 ], [ 13.908949999999766, 54.026350000000463 ], [ 13.895049999999767, 54.026350000000463 ], [ 13.881149999999767, 54.026350000000463 ], [ 13.881149999999767, 54.018050000000464 ], [ 13.867249999999768, 54.018050000000464 ], [ 13.867249999999768, 54.026350000000463 ], [ 13.867249999999768, 54.034650000000461 ], [ 13.881149999999767, 54.034650000000461 ], [ 13.881149999999767, 54.042950000000459 ], [ 13.867249999999768, 54.042950000000459 ], [ 13.867249999999768, 54.051250000000458 ], [ 13.853349999999768, 54.051250000000458 ], [ 13.839449999999768, 54.051250000000458 ], [ 13.839449999999768, 54.042950000000459 ], [ 13.825549999999769, 54.042950000000459 ], [ 13.825549999999769, 54.034650000000461 ], [ 13.811649999999769, 54.034650000000461 ], [ 13.811649999999769, 54.026350000000463 ], [ 13.79774999999977, 54.026350000000463 ], [ 13.78384999999977, 54.026350000000463 ], [ 13.78384999999977, 54.034650000000461 ], [ 13.78384999999977, 54.042950000000459 ], [ 13.79774999999977, 54.042950000000459 ], [ 13.79774999999977, 54.051250000000458 ], [ 13.79774999999977, 54.059550000000456 ], [ 13.811649999999769, 54.059550000000456 ], [ 13.811649999999769, 54.067850000000455 ], [ 13.811649999999769, 54.076150000000453 ], [ 13.811649999999769, 54.084450000000452 ], [ 13.811649999999769, 54.09275000000045 ], [ 13.811649999999769, 54.101050000000448 ], [ 13.811649999999769, 54.109350000000447 ], [ 13.811649999999769, 54.117650000000445 ], [ 13.79774999999977, 54.117650000000445 ], [ 13.79774999999977, 54.125950000000444 ], [ 13.78384999999977, 54.125950000000444 ], [ 13.78384999999977, 54.134250000000442 ], [ 13.769949999999771, 54.134250000000442 ], [ 13.769949999999771, 54.14255000000044 ], [ 13.769949999999771, 54.150850000000439 ], [ 13.756049999999771, 54.150850000000439 ], [ 13.756049999999771, 54.159150000000437 ], [ 13.756049999999771, 54.167450000000436 ], [ 13.756049999999771, 54.175750000000434 ], [ 13.769949999999771, 54.175750000000434 ], [ 13.769949999999771, 54.184050000000433 ], [ 13.78384999999977, 54.184050000000433 ], [ 13.79774999999977, 54.184050000000433 ], [ 13.811649999999769, 54.184050000000433 ], [ 13.811649999999769, 54.175750000000434 ], [ 13.825549999999769, 54.175750000000434 ], [ 13.825549999999769, 54.167450000000436 ], [ 13.825549999999769, 54.159150000000437 ], [ 13.839449999999768, 54.159150000000437 ], [ 13.839449999999768, 54.150850000000439 ], [ 13.839449999999768, 54.14255000000044 ], [ 13.853349999999768, 54.14255000000044 ], [ 13.853349999999768, 54.134250000000442 ], [ 13.853349999999768, 54.125950000000444 ], [ 13.867249999999768, 54.125950000000444 ], [ 13.867249999999768, 54.117650000000445 ], [ 13.867249999999768, 54.109350000000447 ], [ 13.881149999999767, 54.109350000000447 ], [ 13.881149999999767, 54.101050000000448 ], [ 13.895049999999767, 54.101050000000448 ], [ 13.908949999999766, 54.101050000000448 ], [ 13.908949999999766, 54.09275000000045 ], [ 13.922849999999766, 54.09275000000045 ], [ 13.922849999999766, 54.084450000000452 ], [ 13.936749999999765, 54.084450000000452 ], [ 13.950649999999765, 54.084450000000452 ], [ 13.950649999999765, 54.076150000000453 ], [ 13.964549999999765, 54.076150000000453 ], [ 13.978449999999764, 54.076150000000453 ], [ 13.992349999999764, 54.076150000000453 ], [ 13.992349999999764, 54.067850000000455 ], [ 14.006249999999763, 54.067850000000455 ], [ 14.020149999999763, 54.067850000000455 ], [ 14.020149999999763, 54.059550000000456 ], [ 14.034049999999763, 54.059550000000456 ], [ 14.034049999999763, 54.051250000000458 ], [ 14.047949999999762, 54.051250000000458 ], [ 14.047949999999762, 54.042950000000459 ], [ 14.047949999999762, 54.034650000000461 ], [ 14.061849999999762, 54.034650000000461 ], [ 14.075749999999761, 54.034650000000461 ], [ 14.075749999999761, 54.026350000000463 ], [ 14.089649999999761, 54.026350000000463 ], [ 14.089649999999761, 54.018050000000464 ], [ 14.089649999999761, 54.009750000000466 ], [ 14.10354999999976, 54.009750000000466 ], [ 14.11744999999976, 54.009750000000466 ], [ 14.11744999999976, 54.001450000000467 ], [ 14.13134999999976, 54.001450000000467 ], [ 14.13134999999976, 53.993150000000469 ], [ 14.145249999999759, 53.993150000000469 ], [ 14.145249999999759, 53.984850000000471 ], [ 14.159149999999759, 53.984850000000471 ], [ 14.159149999999759, 53.976550000000472 ], [ 14.173049999999758, 53.976550000000472 ], [ 14.173049999999758, 53.968250000000474 ], [ 14.186949999999758, 53.968250000000474 ], [ 14.186949999999758, 53.959950000000475 ], [ 14.200849999999758, 53.959950000000475 ], [ 14.200849999999758, 53.951650000000477 ], [ 14.214749999999757, 53.951650000000477 ], [ 14.214749999999757, 53.943350000000478 ], [ 14.228649999999757, 53.943350000000478 ], [ 14.242549999999756, 53.943350000000478 ], [ 14.242549999999756, 53.93505000000048 ], [ 14.256449999999756, 53.93505000000048 ], [ 14.270349999999755, 53.93505000000048 ], [ 14.270349999999755, 53.926750000000482 ], [ 14.270349999999755, 53.918450000000483 ], [ 14.270349999999755, 53.910150000000485 ], [ 14.270349999999755, 53.901850000000486 ], [ 14.270349999999755, 53.893550000000488 ], [ 14.270349999999755, 53.885250000000489 ], [ 14.284249999999755, 53.885250000000489 ], [ 14.284249999999755, 53.876950000000491 ], [ 14.284249999999755, 53.868650000000493 ], [ 14.298149999999755, 53.868650000000493 ], [ 14.298149999999755, 53.860350000000494 ], [ 14.298149999999755, 53.852050000000496 ], [ 14.298149999999755, 53.843750000000497 ], [ 14.298149999999755, 53.835450000000499 ], [ 14.284249999999755, 53.835450000000499 ], [ 14.270349999999755, 53.835450000000499 ], [ 14.270349999999755, 53.843750000000497 ], [ 14.270349999999755, 53.852050000000496 ], [ 14.256449999999756, 53.852050000000496 ], [ 14.256449999999756, 53.860350000000494 ], [ 14.242549999999756, 53.860350000000494 ], [ 14.242549999999756, 53.868650000000493 ], [ 14.242549999999756, 53.876950000000491 ], [ 14.228649999999757, 53.876950000000491 ], [ 14.214749999999757, 53.876950000000491 ], [ 14.200849999999758, 53.876950000000491 ], [ 14.200849999999758, 53.885250000000489 ], [ 14.186949999999758, 53.885250000000489 ], [ 14.173049999999758, 53.885250000000489 ], [ 14.159149999999759, 53.885250000000489 ], [ 14.145249999999759, 53.885250000000489 ], [ 14.13134999999976, 53.885250000000489 ], [ 14.11744999999976, 53.885250000000489 ], [ 14.10354999999976, 53.885250000000489 ], [ 14.089649999999761, 53.885250000000489 ], [ 14.075749999999761, 53.885250000000489 ], [ 14.075749999999761, 53.876950000000491 ], [ 14.061849999999762, 53.876950000000491 ], [ 14.061849999999762, 53.885250000000489 ], [ 14.047949999999762, 53.885250000000489 ], [ 14.034049999999763, 53.885250000000489 ], [ 14.034049999999763, 53.876950000000491 ], [ 14.020149999999763, 53.876950000000491 ], [ 14.020149999999763, 53.868650000000493 ], [ 14.006249999999763, 53.868650000000493 ], [ 14.006249999999763, 53.860350000000494 ], [ 13.992349999999764, 53.860350000000494 ], [ 13.978449999999764, 53.860350000000494 ], [ 13.964549999999765, 53.860350000000494 ] ], [ [ 13.172249999999789, 54.291950000000412 ], [ 13.158349999999789, 54.291950000000412 ], [ 13.144449999999789, 54.291950000000412 ], [ 13.144449999999789, 54.30025000000041 ], [ 13.158349999999789, 54.30025000000041 ], [ 13.158349999999789, 54.308550000000409 ], [ 13.172249999999789, 54.308550000000409 ], [ 13.172249999999789, 54.316850000000407 ], [ 13.158349999999789, 54.316850000000407 ], [ 13.158349999999789, 54.325150000000406 ], [ 13.144449999999789, 54.325150000000406 ], [ 13.144449999999789, 54.333450000000404 ], [ 13.13054999999979, 54.333450000000404 ], [ 13.13054999999979, 54.341750000000403 ], [ 13.13054999999979, 54.350050000000401 ], [ 13.13054999999979, 54.358350000000399 ], [ 13.13054999999979, 54.366650000000398 ], [ 13.13054999999979, 54.374950000000396 ], [ 13.13054999999979, 54.383250000000395 ], [ 13.144449999999789, 54.383250000000395 ], [ 13.158349999999789, 54.383250000000395 ], [ 13.172249999999789, 54.383250000000395 ], [ 13.186149999999788, 54.383250000000395 ], [ 13.200049999999788, 54.383250000000395 ], [ 13.213949999999787, 54.383250000000395 ], [ 13.227849999999787, 54.383250000000395 ], [ 13.227849999999787, 54.391550000000393 ], [ 13.241749999999787, 54.391550000000393 ], [ 13.241749999999787, 54.399850000000392 ], [ 13.241749999999787, 54.40815000000039 ], [ 13.227849999999787, 54.40815000000039 ], [ 13.227849999999787, 54.416450000000388 ], [ 13.213949999999787, 54.416450000000388 ], [ 13.213949999999787, 54.424750000000387 ], [ 13.213949999999787, 54.433050000000385 ], [ 13.200049999999788, 54.433050000000385 ], [ 13.186149999999788, 54.433050000000385 ], [ 13.172249999999789, 54.433050000000385 ], [ 13.158349999999789, 54.433050000000385 ], [ 13.158349999999789, 54.441350000000384 ], [ 13.172249999999789, 54.441350000000384 ], [ 13.172249999999789, 54.449650000000382 ], [ 13.172249999999789, 54.45795000000038 ], [ 13.158349999999789, 54.45795000000038 ], [ 13.158349999999789, 54.449650000000382 ], [ 13.144449999999789, 54.449650000000382 ], [ 13.13054999999979, 54.449650000000382 ], [ 13.13054999999979, 54.45795000000038 ], [ 13.13054999999979, 54.466250000000379 ], [ 13.13054999999979, 54.474550000000377 ], [ 13.144449999999789, 54.474550000000377 ], [ 13.144449999999789, 54.482850000000376 ], [ 13.144449999999789, 54.491150000000374 ], [ 13.158349999999789, 54.491150000000374 ], [ 13.172249999999789, 54.491150000000374 ], [ 13.172249999999789, 54.499450000000373 ], [ 13.186149999999788, 54.499450000000373 ], [ 13.200049999999788, 54.499450000000373 ], [ 13.213949999999787, 54.499450000000373 ], [ 13.213949999999787, 54.491150000000374 ], [ 13.227849999999787, 54.491150000000374 ], [ 13.227849999999787, 54.499450000000373 ], [ 13.227849999999787, 54.507750000000371 ], [ 13.213949999999787, 54.507750000000371 ], [ 13.200049999999788, 54.507750000000371 ], [ 13.186149999999788, 54.507750000000371 ], [ 13.172249999999789, 54.507750000000371 ], [ 13.158349999999789, 54.507750000000371 ], [ 13.158349999999789, 54.516050000000369 ], [ 13.172249999999789, 54.516050000000369 ], [ 13.172249999999789, 54.524350000000368 ], [ 13.172249999999789, 54.532650000000366 ], [ 13.172249999999789, 54.540950000000365 ], [ 13.158349999999789, 54.540950000000365 ], [ 13.158349999999789, 54.549250000000363 ], [ 13.144449999999789, 54.549250000000363 ], [ 13.13054999999979, 54.549250000000363 ], [ 13.13054999999979, 54.557550000000361 ], [ 13.144449999999789, 54.557550000000361 ], [ 13.158349999999789, 54.557550000000361 ], [ 13.172249999999789, 54.557550000000361 ], [ 13.186149999999788, 54.557550000000361 ], [ 13.200049999999788, 54.557550000000361 ], [ 13.213949999999787, 54.557550000000361 ], [ 13.227849999999787, 54.557550000000361 ], [ 13.241749999999787, 54.557550000000361 ], [ 13.255649999999786, 54.557550000000361 ], [ 13.269549999999786, 54.557550000000361 ], [ 13.269549999999786, 54.549250000000363 ], [ 13.283449999999785, 54.549250000000363 ], [ 13.297349999999785, 54.549250000000363 ], [ 13.297349999999785, 54.557550000000361 ], [ 13.311249999999784, 54.557550000000361 ], [ 13.311249999999784, 54.56585000000036 ], [ 13.325149999999784, 54.56585000000036 ], [ 13.325149999999784, 54.574150000000358 ], [ 13.339049999999784, 54.574150000000358 ], [ 13.339049999999784, 54.582450000000357 ], [ 13.352949999999783, 54.582450000000357 ], [ 13.366849999999783, 54.582450000000357 ], [ 13.366849999999783, 54.574150000000358 ], [ 13.366849999999783, 54.56585000000036 ], [ 13.380749999999782, 54.56585000000036 ], [ 13.394649999999782, 54.56585000000036 ], [ 13.394649999999782, 54.557550000000361 ], [ 13.394649999999782, 54.549250000000363 ], [ 13.408549999999781, 54.549250000000363 ], [ 13.408549999999781, 54.540950000000365 ], [ 13.408549999999781, 54.532650000000366 ], [ 13.422449999999781, 54.532650000000366 ], [ 13.422449999999781, 54.524350000000368 ], [ 13.422449999999781, 54.516050000000369 ], [ 13.422449999999781, 54.507750000000371 ], [ 13.436349999999781, 54.507750000000371 ], [ 13.436349999999781, 54.499450000000373 ], [ 13.45024999999978, 54.499450000000373 ], [ 13.45024999999978, 54.491150000000374 ], [ 13.46414999999978, 54.491150000000374 ], [ 13.46414999999978, 54.482850000000376 ], [ 13.478049999999779, 54.482850000000376 ], [ 13.478049999999779, 54.491150000000374 ], [ 13.491949999999779, 54.491150000000374 ], [ 13.505849999999779, 54.491150000000374 ], [ 13.505849999999779, 54.482850000000376 ], [ 13.505849999999779, 54.474550000000377 ], [ 13.491949999999779, 54.474550000000377 ], [ 13.491949999999779, 54.466250000000379 ], [ 13.505849999999779, 54.466250000000379 ], [ 13.505849999999779, 54.45795000000038 ], [ 13.519749999999778, 54.45795000000038 ], [ 13.519749999999778, 54.449650000000382 ], [ 13.505849999999779, 54.449650000000382 ], [ 13.505849999999779, 54.441350000000384 ], [ 13.491949999999779, 54.441350000000384 ], [ 13.491949999999779, 54.433050000000385 ], [ 13.505849999999779, 54.433050000000385 ], [ 13.505849999999779, 54.424750000000387 ], [ 13.519749999999778, 54.424750000000387 ], [ 13.533649999999778, 54.424750000000387 ], [ 13.547549999999777, 54.424750000000387 ], [ 13.547549999999777, 54.433050000000385 ], [ 13.533649999999778, 54.433050000000385 ], [ 13.533649999999778, 54.441350000000384 ], [ 13.547549999999777, 54.441350000000384 ], [ 13.547549999999777, 54.449650000000382 ], [ 13.533649999999778, 54.449650000000382 ], [ 13.533649999999778, 54.45795000000038 ], [ 13.533649999999778, 54.466250000000379 ], [ 13.547549999999777, 54.466250000000379 ], [ 13.547549999999777, 54.474550000000377 ], [ 13.547549999999777, 54.482850000000376 ], [ 13.533649999999778, 54.482850000000376 ], [ 13.519749999999778, 54.482850000000376 ], [ 13.519749999999778, 54.491150000000374 ], [ 13.519749999999778, 54.499450000000373 ], [ 13.519749999999778, 54.507750000000371 ], [ 13.519749999999778, 54.516050000000369 ], [ 13.519749999999778, 54.524350000000368 ], [ 13.519749999999778, 54.532650000000366 ], [ 13.519749999999778, 54.540950000000365 ], [ 13.519749999999778, 54.549250000000363 ], [ 13.505849999999779, 54.549250000000363 ], [ 13.505849999999779, 54.557550000000361 ], [ 13.491949999999779, 54.557550000000361 ], [ 13.478049999999779, 54.557550000000361 ], [ 13.46414999999978, 54.557550000000361 ], [ 13.45024999999978, 54.557550000000361 ], [ 13.45024999999978, 54.56585000000036 ], [ 13.436349999999781, 54.56585000000036 ], [ 13.436349999999781, 54.574150000000358 ], [ 13.422449999999781, 54.574150000000358 ], [ 13.422449999999781, 54.582450000000357 ], [ 13.408549999999781, 54.582450000000357 ], [ 13.394649999999782, 54.582450000000357 ], [ 13.394649999999782, 54.590750000000355 ], [ 13.394649999999782, 54.599050000000354 ], [ 13.394649999999782, 54.607350000000352 ], [ 13.408549999999781, 54.607350000000352 ], [ 13.408549999999781, 54.599050000000354 ], [ 13.422449999999781, 54.599050000000354 ], [ 13.422449999999781, 54.590750000000355 ], [ 13.436349999999781, 54.590750000000355 ], [ 13.436349999999781, 54.582450000000357 ], [ 13.45024999999978, 54.582450000000357 ], [ 13.46414999999978, 54.582450000000357 ], [ 13.478049999999779, 54.582450000000357 ], [ 13.491949999999779, 54.582450000000357 ], [ 13.505849999999779, 54.582450000000357 ], [ 13.519749999999778, 54.582450000000357 ], [ 13.533649999999778, 54.582450000000357 ], [ 13.547549999999777, 54.582450000000357 ], [ 13.561449999999777, 54.582450000000357 ], [ 13.575349999999776, 54.582450000000357 ], [ 13.575349999999776, 54.590750000000355 ], [ 13.589249999999776, 54.590750000000355 ], [ 13.603149999999776, 54.590750000000355 ], [ 13.617049999999775, 54.590750000000355 ], [ 13.630949999999775, 54.590750000000355 ], [ 13.644849999999774, 54.590750000000355 ], [ 13.658749999999774, 54.590750000000355 ], [ 13.658749999999774, 54.582450000000357 ], [ 13.672649999999773, 54.582450000000357 ], [ 13.672649999999773, 54.574150000000358 ], [ 13.686549999999773, 54.574150000000358 ], [ 13.686549999999773, 54.56585000000036 ], [ 13.686549999999773, 54.557550000000361 ], [ 13.686549999999773, 54.549250000000363 ], [ 13.686549999999773, 54.540950000000365 ], [ 13.686549999999773, 54.532650000000366 ], [ 13.672649999999773, 54.532650000000366 ], [ 13.672649999999773, 54.524350000000368 ], [ 13.658749999999774, 54.524350000000368 ], [ 13.658749999999774, 54.516050000000369 ], [ 13.644849999999774, 54.516050000000369 ], [ 13.630949999999775, 54.516050000000369 ], [ 13.630949999999775, 54.507750000000371 ], [ 13.617049999999775, 54.507750000000371 ], [ 13.617049999999775, 54.499450000000373 ], [ 13.603149999999776, 54.499450000000373 ], [ 13.603149999999776, 54.491150000000374 ], [ 13.589249999999776, 54.491150000000374 ], [ 13.589249999999776, 54.482850000000376 ], [ 13.575349999999776, 54.482850000000376 ], [ 13.575349999999776, 54.474550000000377 ], [ 13.575349999999776, 54.466250000000379 ], [ 13.575349999999776, 54.45795000000038 ], [ 13.575349999999776, 54.449650000000382 ], [ 13.589249999999776, 54.449650000000382 ], [ 13.589249999999776, 54.441350000000384 ], [ 13.589249999999776, 54.433050000000385 ], [ 13.603149999999776, 54.433050000000385 ], [ 13.603149999999776, 54.424750000000387 ], [ 13.603149999999776, 54.416450000000388 ], [ 13.617049999999775, 54.416450000000388 ], [ 13.617049999999775, 54.40815000000039 ], [ 13.630949999999775, 54.40815000000039 ], [ 13.644849999999774, 54.40815000000039 ], [ 13.658749999999774, 54.40815000000039 ], [ 13.672649999999773, 54.40815000000039 ], [ 13.686549999999773, 54.40815000000039 ], [ 13.686549999999773, 54.399850000000392 ], [ 13.700449999999773, 54.399850000000392 ], [ 13.700449999999773, 54.391550000000393 ], [ 13.714349999999772, 54.391550000000393 ], [ 13.714349999999772, 54.383250000000395 ], [ 13.714349999999772, 54.374950000000396 ], [ 13.728249999999772, 54.374950000000396 ], [ 13.728249999999772, 54.366650000000398 ], [ 13.728249999999772, 54.358350000000399 ], [ 13.742149999999771, 54.358350000000399 ], [ 13.756049999999771, 54.358350000000399 ], [ 13.756049999999771, 54.350050000000401 ], [ 13.769949999999771, 54.350050000000401 ], [ 13.769949999999771, 54.341750000000403 ], [ 13.756049999999771, 54.341750000000403 ], [ 13.756049999999771, 54.333450000000404 ], [ 13.742149999999771, 54.333450000000404 ], [ 13.742149999999771, 54.325150000000406 ], [ 13.728249999999772, 54.325150000000406 ], [ 13.728249999999772, 54.316850000000407 ], [ 13.728249999999772, 54.308550000000409 ], [ 13.728249999999772, 54.30025000000041 ], [ 13.728249999999772, 54.291950000000412 ], [ 13.728249999999772, 54.283650000000414 ], [ 13.728249999999772, 54.275350000000415 ], [ 13.714349999999772, 54.275350000000415 ], [ 13.714349999999772, 54.283650000000414 ], [ 13.700449999999773, 54.283650000000414 ], [ 13.700449999999773, 54.291950000000412 ], [ 13.700449999999773, 54.30025000000041 ], [ 13.686549999999773, 54.30025000000041 ], [ 13.672649999999773, 54.30025000000041 ], [ 13.658749999999774, 54.30025000000041 ], [ 13.658749999999774, 54.308550000000409 ], [ 13.672649999999773, 54.308550000000409 ], [ 13.672649999999773, 54.316850000000407 ], [ 13.686549999999773, 54.316850000000407 ], [ 13.686549999999773, 54.325150000000406 ], [ 13.700449999999773, 54.325150000000406 ], [ 13.700449999999773, 54.333450000000404 ], [ 13.686549999999773, 54.333450000000404 ], [ 13.672649999999773, 54.333450000000404 ], [ 13.658749999999774, 54.333450000000404 ], [ 13.658749999999774, 54.341750000000403 ], [ 13.672649999999773, 54.341750000000403 ], [ 13.672649999999773, 54.350050000000401 ], [ 13.686549999999773, 54.350050000000401 ], [ 13.686549999999773, 54.358350000000399 ], [ 13.672649999999773, 54.358350000000399 ], [ 13.658749999999774, 54.358350000000399 ], [ 13.658749999999774, 54.350050000000401 ], [ 13.644849999999774, 54.350050000000401 ], [ 13.644849999999774, 54.341750000000403 ], [ 13.630949999999775, 54.341750000000403 ], [ 13.617049999999775, 54.341750000000403 ], [ 13.617049999999775, 54.350050000000401 ], [ 13.603149999999776, 54.350050000000401 ], [ 13.603149999999776, 54.358350000000399 ], [ 13.589249999999776, 54.358350000000399 ], [ 13.575349999999776, 54.358350000000399 ], [ 13.575349999999776, 54.350050000000401 ], [ 13.561449999999777, 54.350050000000401 ], [ 13.547549999999777, 54.350050000000401 ], [ 13.533649999999778, 54.350050000000401 ], [ 13.519749999999778, 54.350050000000401 ], [ 13.505849999999779, 54.350050000000401 ], [ 13.505849999999779, 54.341750000000403 ], [ 13.491949999999779, 54.341750000000403 ], [ 13.478049999999779, 54.341750000000403 ], [ 13.478049999999779, 54.333450000000404 ], [ 13.46414999999978, 54.333450000000404 ], [ 13.46414999999978, 54.325150000000406 ], [ 13.45024999999978, 54.325150000000406 ], [ 13.45024999999978, 54.316850000000407 ], [ 13.436349999999781, 54.316850000000407 ], [ 13.436349999999781, 54.308550000000409 ], [ 13.422449999999781, 54.308550000000409 ], [ 13.422449999999781, 54.30025000000041 ], [ 13.422449999999781, 54.291950000000412 ], [ 13.408549999999781, 54.291950000000412 ], [ 13.408549999999781, 54.283650000000414 ], [ 13.408549999999781, 54.275350000000415 ], [ 13.394649999999782, 54.275350000000415 ], [ 13.394649999999782, 54.283650000000414 ], [ 13.380749999999782, 54.283650000000414 ], [ 13.366849999999783, 54.283650000000414 ], [ 13.366849999999783, 54.275350000000415 ], [ 13.366849999999783, 54.267050000000417 ], [ 13.380749999999782, 54.267050000000417 ], [ 13.394649999999782, 54.267050000000417 ], [ 13.408549999999781, 54.267050000000417 ], [ 13.422449999999781, 54.267050000000417 ], [ 13.422449999999781, 54.258750000000418 ], [ 13.436349999999781, 54.258750000000418 ], [ 13.436349999999781, 54.25045000000042 ], [ 13.436349999999781, 54.242150000000422 ], [ 13.422449999999781, 54.242150000000422 ], [ 13.422449999999781, 54.233850000000423 ], [ 13.408549999999781, 54.233850000000423 ], [ 13.394649999999782, 54.233850000000423 ], [ 13.380749999999782, 54.233850000000423 ], [ 13.380749999999782, 54.242150000000422 ], [ 13.366849999999783, 54.242150000000422 ], [ 13.352949999999783, 54.242150000000422 ], [ 13.339049999999784, 54.242150000000422 ], [ 13.325149999999784, 54.242150000000422 ], [ 13.325149999999784, 54.25045000000042 ], [ 13.325149999999784, 54.258750000000418 ], [ 13.325149999999784, 54.267050000000417 ], [ 13.311249999999784, 54.267050000000417 ], [ 13.297349999999785, 54.267050000000417 ], [ 13.283449999999785, 54.267050000000417 ], [ 13.269549999999786, 54.267050000000417 ], [ 13.255649999999786, 54.267050000000417 ], [ 13.241749999999787, 54.267050000000417 ], [ 13.241749999999787, 54.275350000000415 ], [ 13.227849999999787, 54.275350000000415 ], [ 13.213949999999787, 54.275350000000415 ], [ 13.213949999999787, 54.283650000000414 ], [ 13.213949999999787, 54.291950000000412 ], [ 13.200049999999788, 54.291950000000412 ], [ 13.200049999999788, 54.30025000000041 ], [ 13.186149999999788, 54.30025000000041 ], [ 13.172249999999789, 54.30025000000041 ], [ 13.172249999999789, 54.291950000000412 ] ], [ [ 13.13054999999979, 54.540950000000365 ], [ 13.11664999999979, 54.540950000000365 ], [ 13.11664999999979, 54.532650000000366 ], [ 13.102749999999791, 54.532650000000366 ], [ 13.102749999999791, 54.524350000000368 ], [ 13.088849999999791, 54.524350000000368 ], [ 13.088849999999791, 54.532650000000366 ], [ 13.088849999999791, 54.540950000000365 ], [ 13.088849999999791, 54.549250000000363 ], [ 13.102749999999791, 54.549250000000363 ], [ 13.102749999999791, 54.557550000000361 ], [ 13.102749999999791, 54.56585000000036 ], [ 13.102749999999791, 54.574150000000358 ], [ 13.102749999999791, 54.582450000000357 ], [ 13.102749999999791, 54.590750000000355 ], [ 13.102749999999791, 54.599050000000354 ], [ 13.11664999999979, 54.599050000000354 ], [ 13.11664999999979, 54.607350000000352 ], [ 13.13054999999979, 54.607350000000352 ], [ 13.13054999999979, 54.61565000000035 ], [ 13.144449999999789, 54.61565000000035 ], [ 13.144449999999789, 54.607350000000352 ], [ 13.158349999999789, 54.607350000000352 ], [ 13.158349999999789, 54.599050000000354 ], [ 13.158349999999789, 54.590750000000355 ], [ 13.144449999999789, 54.590750000000355 ], [ 13.13054999999979, 54.590750000000355 ], [ 13.11664999999979, 54.590750000000355 ], [ 13.11664999999979, 54.582450000000357 ], [ 13.11664999999979, 54.574150000000358 ], [ 13.11664999999979, 54.56585000000036 ], [ 13.11664999999979, 54.557550000000361 ], [ 13.11664999999979, 54.549250000000363 ], [ 13.13054999999979, 54.549250000000363 ], [ 13.13054999999979, 54.540950000000365 ] ], [ [ 13.380749999999782, 54.607350000000352 ], [ 13.380749999999782, 54.61565000000035 ], [ 13.366849999999783, 54.61565000000035 ], [ 13.352949999999783, 54.61565000000035 ], [ 13.352949999999783, 54.607350000000352 ], [ 13.339049999999784, 54.607350000000352 ], [ 13.339049999999784, 54.599050000000354 ], [ 13.339049999999784, 54.590750000000355 ], [ 13.325149999999784, 54.590750000000355 ], [ 13.311249999999784, 54.590750000000355 ], [ 13.311249999999784, 54.582450000000357 ], [ 13.311249999999784, 54.574150000000358 ], [ 13.297349999999785, 54.574150000000358 ], [ 13.283449999999785, 54.574150000000358 ], [ 13.269549999999786, 54.574150000000358 ], [ 13.269549999999786, 54.56585000000036 ], [ 13.255649999999786, 54.56585000000036 ], [ 13.255649999999786, 54.574150000000358 ], [ 13.255649999999786, 54.582450000000357 ], [ 13.255649999999786, 54.590750000000355 ], [ 13.255649999999786, 54.599050000000354 ], [ 13.269549999999786, 54.599050000000354 ], [ 13.269549999999786, 54.607350000000352 ], [ 13.283449999999785, 54.607350000000352 ], [ 13.283449999999785, 54.61565000000035 ], [ 13.283449999999785, 54.623950000000349 ], [ 13.283449999999785, 54.632250000000347 ], [ 13.283449999999785, 54.640550000000346 ], [ 13.283449999999785, 54.648850000000344 ], [ 13.269549999999786, 54.648850000000344 ], [ 13.255649999999786, 54.648850000000344 ], [ 13.255649999999786, 54.640550000000346 ], [ 13.241749999999787, 54.640550000000346 ], [ 13.241749999999787, 54.632250000000347 ], [ 13.241749999999787, 54.623950000000349 ], [ 13.241749999999787, 54.61565000000035 ], [ 13.241749999999787, 54.607350000000352 ], [ 13.241749999999787, 54.599050000000354 ], [ 13.227849999999787, 54.599050000000354 ], [ 13.227849999999787, 54.607350000000352 ], [ 13.227849999999787, 54.61565000000035 ], [ 13.227849999999787, 54.623950000000349 ], [ 13.227849999999787, 54.632250000000347 ], [ 13.227849999999787, 54.640550000000346 ], [ 13.227849999999787, 54.648850000000344 ], [ 13.241749999999787, 54.648850000000344 ], [ 13.241749999999787, 54.657150000000343 ], [ 13.255649999999786, 54.657150000000343 ], [ 13.255649999999786, 54.665450000000341 ], [ 13.269549999999786, 54.665450000000341 ], [ 13.269549999999786, 54.673750000000339 ], [ 13.283449999999785, 54.673750000000339 ], [ 13.283449999999785, 54.682050000000338 ], [ 13.297349999999785, 54.682050000000338 ], [ 13.311249999999784, 54.682050000000338 ], [ 13.325149999999784, 54.682050000000338 ], [ 13.339049999999784, 54.682050000000338 ], [ 13.352949999999783, 54.682050000000338 ], [ 13.366849999999783, 54.682050000000338 ], [ 13.366849999999783, 54.690350000000336 ], [ 13.380749999999782, 54.690350000000336 ], [ 13.394649999999782, 54.690350000000336 ], [ 13.408549999999781, 54.690350000000336 ], [ 13.422449999999781, 54.690350000000336 ], [ 13.436349999999781, 54.690350000000336 ], [ 13.436349999999781, 54.682050000000338 ], [ 13.436349999999781, 54.673750000000339 ], [ 13.436349999999781, 54.665450000000341 ], [ 13.422449999999781, 54.665450000000341 ], [ 13.408549999999781, 54.665450000000341 ], [ 13.408549999999781, 54.657150000000343 ], [ 13.394649999999782, 54.657150000000343 ], [ 13.394649999999782, 54.648850000000344 ], [ 13.394649999999782, 54.640550000000346 ], [ 13.394649999999782, 54.632250000000347 ], [ 13.394649999999782, 54.623950000000349 ], [ 13.394649999999782, 54.61565000000035 ], [ 13.394649999999782, 54.607350000000352 ], [ 13.380749999999782, 54.607350000000352 ] ], [ [ 13.227849999999787, 54.590750000000355 ], [ 13.213949999999787, 54.590750000000355 ], [ 13.213949999999787, 54.582450000000357 ], [ 13.200049999999788, 54.582450000000357 ], [ 13.200049999999788, 54.574150000000358 ], [ 13.186149999999788, 54.574150000000358 ], [ 13.186149999999788, 54.56585000000036 ], [ 13.172249999999789, 54.56585000000036 ], [ 13.172249999999789, 54.574150000000358 ], [ 13.172249999999789, 54.582450000000357 ], [ 13.186149999999788, 54.582450000000357 ], [ 13.186149999999788, 54.590750000000355 ], [ 13.200049999999788, 54.590750000000355 ], [ 13.200049999999788, 54.599050000000354 ], [ 13.213949999999787, 54.599050000000354 ], [ 13.227849999999787, 54.599050000000354 ], [ 13.227849999999787, 54.590750000000355 ] ], [ [ 13.658749999999774, 54.325150000000406 ], [ 13.644849999999774, 54.325150000000406 ], [ 13.630949999999775, 54.325150000000406 ], [ 13.617049999999775, 54.325150000000406 ], [ 13.617049999999775, 54.333450000000404 ], [ 13.630949999999775, 54.333450000000404 ], [ 13.644849999999774, 54.333450000000404 ], [ 13.658749999999774, 54.333450000000404 ], [ 13.658749999999774, 54.325150000000406 ] ], [ [ 12.685749999999803, 55.918750000000102 ], [ 12.699649999999803, 55.918750000000102 ], [ 12.713549999999803, 55.918750000000102 ], [ 12.727449999999802, 55.918750000000102 ], [ 12.727449999999802, 55.910450000000104 ], [ 12.727449999999802, 55.902150000000105 ], [ 12.727449999999802, 55.893850000000107 ], [ 12.713549999999803, 55.893850000000107 ], [ 12.699649999999803, 55.893850000000107 ], [ 12.699649999999803, 55.902150000000105 ], [ 12.699649999999803, 55.910450000000104 ], [ 12.685749999999803, 55.910450000000104 ], [ 12.671849999999804, 55.910450000000104 ], [ 12.671849999999804, 55.918750000000102 ], [ 12.685749999999803, 55.918750000000102 ] ], [ [ 12.741349999999802, 55.644850000000154 ], [ 12.741349999999802, 55.653150000000153 ], [ 12.741349999999802, 55.661450000000151 ], [ 12.755249999999801, 55.661450000000151 ], [ 12.755249999999801, 55.66975000000015 ], [ 12.769149999999801, 55.66975000000015 ], [ 12.7830499999998, 55.66975000000015 ], [ 12.7969499999998, 55.66975000000015 ], [ 12.7969499999998, 55.661450000000151 ], [ 12.7969499999998, 55.653150000000153 ], [ 12.7969499999998, 55.644850000000154 ], [ 12.7969499999998, 55.636550000000156 ], [ 12.7969499999998, 55.628250000000158 ], [ 12.7969499999998, 55.619950000000159 ], [ 12.7969499999998, 55.611650000000161 ], [ 12.7969499999998, 55.603350000000162 ], [ 12.7830499999998, 55.603350000000162 ], [ 12.769149999999801, 55.603350000000162 ], [ 12.769149999999801, 55.611650000000161 ], [ 12.755249999999801, 55.611650000000161 ], [ 12.755249999999801, 55.619950000000159 ], [ 12.755249999999801, 55.628250000000158 ], [ 12.741349999999802, 55.628250000000158 ], [ 12.741349999999802, 55.636550000000156 ], [ 12.741349999999802, 55.644850000000154 ] ], [ [ 13.074949999999792, 54.482850000000376 ], [ 13.074949999999792, 54.491150000000374 ], [ 13.074949999999792, 54.499450000000373 ], [ 13.074949999999792, 54.507750000000371 ], [ 13.074949999999792, 54.516050000000369 ], [ 13.088849999999791, 54.516050000000369 ], [ 13.088849999999791, 54.507750000000371 ], [ 13.088849999999791, 54.499450000000373 ], [ 13.088849999999791, 54.491150000000374 ], [ 13.088849999999791, 54.482850000000376 ], [ 13.088849999999791, 54.474550000000377 ], [ 13.074949999999792, 54.474550000000377 ], [ 13.074949999999792, 54.482850000000376 ] ], [ [ 13.519749999999778, 54.316850000000407 ], [ 13.519749999999778, 54.325150000000406 ], [ 13.533649999999778, 54.325150000000406 ], [ 13.533649999999778, 54.316850000000407 ], [ 13.519749999999778, 54.316850000000407 ] ], [ [ 13.533649999999778, 54.333450000000404 ], [ 13.533649999999778, 54.341750000000403 ], [ 13.547549999999777, 54.341750000000403 ], [ 13.547549999999777, 54.333450000000404 ], [ 13.547549999999777, 54.325150000000406 ], [ 13.533649999999778, 54.325150000000406 ], [ 13.533649999999778, 54.333450000000404 ] ], [ [ 13.922849999999766, 54.258750000000418 ], [ 13.936749999999765, 54.258750000000418 ], [ 13.936749999999765, 54.25045000000042 ], [ 13.922849999999766, 54.25045000000042 ], [ 13.922849999999766, 54.258750000000418 ] ], [ [ 14.45104999999975, 53.876950000000491 ], [ 14.43714999999975, 53.876950000000491 ], [ 14.43714999999975, 53.885250000000489 ], [ 14.43714999999975, 53.893550000000488 ], [ 14.423249999999751, 53.893550000000488 ], [ 14.423249999999751, 53.901850000000486 ], [ 14.409349999999751, 53.901850000000486 ], [ 14.395449999999752, 53.901850000000486 ], [ 14.395449999999752, 53.893550000000488 ], [ 14.381549999999752, 53.893550000000488 ], [ 14.381549999999752, 53.885250000000489 ], [ 14.395449999999752, 53.885250000000489 ], [ 14.395449999999752, 53.876950000000491 ], [ 14.409349999999751, 53.876950000000491 ], [ 14.423249999999751, 53.876950000000491 ], [ 14.423249999999751, 53.868650000000493 ], [ 14.423249999999751, 53.860350000000494 ], [ 14.423249999999751, 53.852050000000496 ], [ 14.409349999999751, 53.852050000000496 ], [ 14.409349999999751, 53.843750000000497 ], [ 14.395449999999752, 53.843750000000497 ], [ 14.381549999999752, 53.843750000000497 ], [ 14.367649999999752, 53.843750000000497 ], [ 14.367649999999752, 53.835450000000499 ], [ 14.353749999999753, 53.835450000000499 ], [ 14.353749999999753, 53.827150000000501 ], [ 14.353749999999753, 53.818850000000502 ], [ 14.339849999999753, 53.818850000000502 ], [ 14.339849999999753, 53.827150000000501 ], [ 14.325949999999754, 53.827150000000501 ], [ 14.325949999999754, 53.835450000000499 ], [ 14.325949999999754, 53.843750000000497 ], [ 14.325949999999754, 53.852050000000496 ], [ 14.312049999999754, 53.852050000000496 ], [ 14.312049999999754, 53.860350000000494 ], [ 14.312049999999754, 53.868650000000493 ], [ 14.312049999999754, 53.876950000000491 ], [ 14.312049999999754, 53.885250000000489 ], [ 14.298149999999755, 53.885250000000489 ], [ 14.298149999999755, 53.893550000000488 ], [ 14.298149999999755, 53.901850000000486 ], [ 14.284249999999755, 53.901850000000486 ], [ 14.284249999999755, 53.910150000000485 ], [ 14.284249999999755, 53.918450000000483 ], [ 14.284249999999755, 53.926750000000482 ], [ 14.298149999999755, 53.926750000000482 ], [ 14.312049999999754, 53.926750000000482 ], [ 14.325949999999754, 53.926750000000482 ], [ 14.339849999999753, 53.926750000000482 ], [ 14.353749999999753, 53.926750000000482 ], [ 14.367649999999752, 53.926750000000482 ], [ 14.381549999999752, 53.926750000000482 ], [ 14.395449999999752, 53.926750000000482 ], [ 14.409349999999751, 53.926750000000482 ], [ 14.409349999999751, 53.93505000000048 ], [ 14.423249999999751, 53.93505000000048 ], [ 14.43714999999975, 53.93505000000048 ], [ 14.43714999999975, 53.943350000000478 ], [ 14.45104999999975, 53.943350000000478 ], [ 14.45104999999975, 53.951650000000477 ], [ 14.46494999999975, 53.951650000000477 ], [ 14.478849999999749, 53.951650000000477 ], [ 14.478849999999749, 53.959950000000475 ], [ 14.492749999999749, 53.959950000000475 ], [ 14.492749999999749, 53.968250000000474 ], [ 14.506649999999748, 53.968250000000474 ], [ 14.506649999999748, 53.976550000000472 ], [ 14.520549999999748, 53.976550000000472 ], [ 14.534449999999747, 53.976550000000472 ], [ 14.548349999999747, 53.976550000000472 ], [ 14.548349999999747, 53.984850000000471 ], [ 14.562249999999747, 53.984850000000471 ], [ 14.576149999999746, 53.984850000000471 ], [ 14.576149999999746, 53.993150000000469 ], [ 14.590049999999746, 53.993150000000469 ], [ 14.603949999999745, 53.993150000000469 ], [ 14.603949999999745, 54.001450000000467 ], [ 14.617849999999745, 54.001450000000467 ], [ 14.631749999999744, 54.001450000000467 ], [ 14.631749999999744, 54.009750000000466 ], [ 14.645649999999744, 54.009750000000466 ], [ 14.659549999999744, 54.009750000000466 ], [ 14.673449999999743, 54.009750000000466 ], [ 14.673449999999743, 54.018050000000464 ], [ 14.687349999999743, 54.018050000000464 ], [ 14.701249999999742, 54.018050000000464 ], [ 14.701249999999742, 54.026350000000463 ], [ 14.715149999999742, 54.026350000000463 ], [ 14.729049999999742, 54.026350000000463 ], [ 14.729049999999742, 54.034650000000461 ], [ 14.742949999999741, 54.034650000000461 ], [ 14.756849999999741, 54.034650000000461 ], [ 14.756849999999741, 54.026350000000463 ], [ 14.756849999999741, 54.018050000000464 ], [ 14.742949999999741, 54.018050000000464 ], [ 14.742949999999741, 54.009750000000466 ], [ 14.729049999999742, 54.009750000000466 ], [ 14.715149999999742, 54.009750000000466 ], [ 14.701249999999742, 54.009750000000466 ], [ 14.701249999999742, 54.001450000000467 ], [ 14.715149999999742, 54.001450000000467 ], [ 14.715149999999742, 53.993150000000469 ], [ 14.715149999999742, 53.984850000000471 ], [ 14.729049999999742, 53.984850000000471 ], [ 14.729049999999742, 53.993150000000469 ], [ 14.742949999999741, 53.993150000000469 ], [ 14.756849999999741, 53.993150000000469 ], [ 14.756849999999741, 53.984850000000471 ], [ 14.756849999999741, 53.976550000000472 ], [ 14.756849999999741, 53.968250000000474 ], [ 14.756849999999741, 53.959950000000475 ], [ 14.742949999999741, 53.959950000000475 ], [ 14.729049999999742, 53.959950000000475 ], [ 14.715149999999742, 53.959950000000475 ], [ 14.701249999999742, 53.959950000000475 ], [ 14.701249999999742, 53.951650000000477 ], [ 14.687349999999743, 53.951650000000477 ], [ 14.687349999999743, 53.943350000000478 ], [ 14.687349999999743, 53.93505000000048 ], [ 14.673449999999743, 53.93505000000048 ], [ 14.673449999999743, 53.926750000000482 ], [ 14.659549999999744, 53.926750000000482 ], [ 14.659549999999744, 53.918450000000483 ], [ 14.645649999999744, 53.918450000000483 ], [ 14.645649999999744, 53.910150000000485 ], [ 14.645649999999744, 53.901850000000486 ], [ 14.631749999999744, 53.901850000000486 ], [ 14.631749999999744, 53.893550000000488 ], [ 14.631749999999744, 53.885250000000489 ], [ 14.631749999999744, 53.876950000000491 ], [ 14.631749999999744, 53.868650000000493 ], [ 14.631749999999744, 53.860350000000494 ], [ 14.617849999999745, 53.860350000000494 ], [ 14.617849999999745, 53.852050000000496 ], [ 14.617849999999745, 53.843750000000497 ], [ 14.603949999999745, 53.843750000000497 ], [ 14.603949999999745, 53.835450000000499 ], [ 14.603949999999745, 53.827150000000501 ], [ 14.603949999999745, 53.818850000000502 ], [ 14.590049999999746, 53.818850000000502 ], [ 14.590049999999746, 53.827150000000501 ], [ 14.576149999999746, 53.827150000000501 ], [ 14.576149999999746, 53.835450000000499 ], [ 14.576149999999746, 53.843750000000497 ], [ 14.576149999999746, 53.852050000000496 ], [ 14.576149999999746, 53.860350000000494 ], [ 14.562249999999747, 53.860350000000494 ], [ 14.548349999999747, 53.860350000000494 ], [ 14.548349999999747, 53.868650000000493 ], [ 14.534449999999747, 53.868650000000493 ], [ 14.520549999999748, 53.868650000000493 ], [ 14.506649999999748, 53.868650000000493 ], [ 14.492749999999749, 53.868650000000493 ], [ 14.492749999999749, 53.876950000000491 ], [ 14.478849999999749, 53.876950000000491 ], [ 14.46494999999975, 53.876950000000491 ], [ 14.45104999999975, 53.876950000000491 ] ] ] } },
{ "type": "Feature", "properties": { "grid": "fine" }, "geometry": { "type": "Polygon", "coordinates": [ [ [ 9.766749999999892, 55.462250000000189 ], [ 9.766749999999892, 55.453950000000191 ], [ 9.780649999999891, 55.453950000000191 ], [ 9.780649999999891, 55.445650000000192 ], [ 9.794549999999891, 55.445650000000192 ], [ 9.80844999999989, 55.445650000000192 ], [ 9.80844999999989, 55.453950000000191 ], [ 9.794549999999891, 55.453950000000191 ], [ 9.794549999999891, 55.462250000000189 ], [ 9.780649999999891, 55.462250000000189 ], [ 9.780649999999891, 55.470550000000188 ], [ 9.766749999999892, 55.470550000000188 ], [ 9.752849999999892, 55.470550000000188 ], [ 9.752849999999892, 55.462250000000189 ], [ 9.766749999999892, 55.462250000000189 ] ] ] } },
{ "type": "Feature", "properties": { "grid": "fine" }, "geometry": { "type": "Polygon", "coordinates": [ [ [ 9.80844999999989, 55.445650000000192 ], [ 9.80844999999989, 55.437350000000194 ], [ 9.82234999999989, 55.437350000000194 ], [ 9.82234999999989, 55.445650000000192 ], [ 9.80844999999989, 55.445650000000192 ] ] ] } },
{ "type": "Feature", "properties": { "grid": "fine" }, "geometry": { "type": "Polygon", "coordinates": [ [ [ 10.086449999999882, 55.868950000000112 ], [ 10.100349999999882, 55.868950000000112 ], [ 10.114249999999881, 55.868950000000112 ], [ 10.114249999999881, 55.87725000000011 ], [ 10.100349999999882, 55.87725000000011 ], [ 10.100349999999882, 55.885550000000109 ], [ 10.086449999999882, 55.885550000000109 ], [ 10.072549999999882, 55.885550000000109 ], [ 10.072549999999882, 55.87725000000011 ], [ 10.072549999999882, 55.868950000000112 ], [ 10.086449999999882, 55.868950000000112 ] ] ] } },
{ "type": "Feature", "properties": { "grid": "fine" }, "geometry": { "type": "Polygon", "coordinates": [ [ [ 11.323549999999845, 55.213250000000237 ], [ 11.323549999999845, 55.204950000000238 ], [ 11.337449999999844, 55.204950000000238 ], [ 11.337449999999844, 55.213250000000237 ], [ 11.323549999999845, 55.213250000000237 ] ] ] } },
{ "type": "Feature", "properties": { "grid": "fine" }, "geometry": { "type": "Polygon", "coordinates": [ [ [ 11.420849999999842, 55.213250000000237 ], [ 11.406949999999842, 55.213250000000237 ], [ 11.393049999999842, 55.213250000000237 ], [ 11.393049999999842, 55.204950000000238 ], [ 11.406949999999842, 55.204950000000238 ], [ 11.420849999999842, 55.204950000000238 ], [ 11.420849999999842, 55.213250000000237 ] ] ] } },
{ "type": "Feature", "properties": { "grid": "fine" }, "geometry": { "type": "Polygon", "coordinates": [ [ [ 11.47644999999984, 55.204950000000238 ], [ 11.49034999999984, 55.204950000000238 ], [ 11.49034999999984, 55.213250000000237 ], [ 11.47644999999984, 55.213250000000237 ], [ 11.46254999999984, 55.213250000000237 ], [ 11.46254999999984, 55.204950000000238 ], [ 11.47644999999984, 55.204950000000238 ] ] ] } },
{ "type": "Feature", "properties": { "grid": "fine" }, "geometry": { "type": "Polygon", "coordinates": [ [ [ 11.726649999999832, 55.130250000000252 ], [ 11.740549999999832, 55.130250000000252 ], [ 11.754449999999832, 55.130250000000252 ], [ 11.754449999999832, 55.138550000000251 ], [ 11.740549999999832, 55.138550000000251 ], [ 11.726649999999832, 55.138550000000251 ], [ 11.726649999999832, 55.130250000000252 ] ] ] } },
{ "type": "Feature", "properties": { "grid": "fine" }, "geometry": { "type": "Polygon", "coordinates": [ [ [ 11.754449999999832, 55.146850000000249 ], [ 11.754449999999832, 55.138550000000251 ], [ 11.768349999999831, 55.138550000000251 ], [ 11.768349999999831, 55.146850000000249 ], [ 11.754449999999832, 55.146850000000249 ] ] ] } },
{ "type": "Feature", "properties": { "grid": "fine" }, "geometry": { "type": "Polygon", "coordinates": [ [ [ 12.088049999999821, 55.130250000000252 ], [ 12.101949999999821, 55.130250000000252 ], [ 12.115849999999821, 55.130250000000252 ], [ 12.115849999999821, 55.138550000000251 ], [ 12.101949999999821, 55.138550000000251 ], [ 12.088049999999821, 55.138550000000251 ], [ 12.088049999999821, 55.146850000000249 ], [ 12.088049999999821, 55.155150000000248 ], [ 12.088049999999821, 55.163450000000246 ], [ 12.088049999999821, 55.171750000000245 ], [ 12.101949999999821, 55.171750000000245 ], [ 12.101949999999821, 55.180050000000243 ], [ 12.088049999999821, 55.180050000000243 ], [ 12.074149999999822, 55.180050000000243 ], [ 12.060249999999822, 55.180050000000243 ], [ 12.060249999999822, 55.171750000000245 ], [ 12.046349999999823, 55.171750000000245 ], [ 12.032449999999823, 55.171750000000245 ], [ 12.032449999999823, 55.163450000000246 ], [ 12.032449999999823, 55.155150000000248 ], [ 12.032449999999823, 55.146850000000249 ], [ 12.046349999999823, 55.146850000000249 ], [ 12.046349999999823, 55.138550000000251 ], [ 12.046349999999823, 55.130250000000252 ], [ 12.060249999999822, 55.130250000000252 ], [ 12.074149999999822, 55.130250000000252 ], [ 12.088049999999821, 55.130250000000252 ] ] ] } },
{ "type": "Feature", "properties": { "grid": "fine" }, "geometry": { "type": "Polygon", "coordinates": [ [ [ 13.186149999999788, 54.466250000000379 ], [ 13.172249999999789, 54.466250000000379 ], [ 13.172249999999789, 54.45795000000038 ], [ 13.186149999999788, 54.45795000000038 ], [ 13.186149999999788, 54.466250000000379 ] ] ] } },
{ "type": "Feature", "properties": { "grid": "fine" }, "geometry": { "type": "Polygon", "coordinates": [ [ [ 13.297349999999785, 54.532650000000366 ], [ 13.297349999999785, 54.524350000000368 ], [ 13.311249999999784, 54.524350000000368 ], [ 13.311249999999784, 54.532650000000366 ], [ 13.297349999999785, 54.532650000000366 ] ] ] } },
{ "type": "Feature", "properties": { "grid": "fine" }, "geometry": { "type": "Polygon", "coordinates": [ [ [ 13.241749999999787, 54.491150000000374 ], [ 13.241749999999787, 54.482850000000376 ], [ 13.255649999999786, 54.482850000000376 ], [ 13.255649999999786, 54.491150000000374 ], [ 13.241749999999787, 54.491150000000374 ] ] ] } },
{ "type": "Feature", "properties": { "grid": "fine" }, "geometry": { "type": "Polygon", "coordinates": [ [ [ 13.394649999999782, 54.549250000000363 ], [ 13.380749999999782, 54.549250000000363 ], [ 13.366849999999783, 54.549250000000363 ], [ 13.366849999999783, 54.540950000000365 ], [ 13.352949999999783, 54.540950000000365 ], [ 13.352949999999783, 54.532650000000366 ], [ 13.366849999999783, 54.532650000000366 ], [ 13.380749999999782, 54.532650000000366 ], [ 13.380749999999782, 54.540950000000365 ], [ 13.394649999999782, 54.540950000000365 ], [ 13.394649999999782, 54.549250000000363 ] ] ] } },
{ "type": "Feature", "properties": { "grid": "fine" }, "geometry": { "type": "Polygon", "coordinates": [ [ [ 13.978449999999764, 53.976550000000472 ], [ 13.964549999999765, 53.976550000000472 ], [ 13.964549999999765, 53.968250000000474 ], [ 13.964549999999765, 53.959950000000475 ], [ 13.964549999999765, 53.951650000000477 ], [ 13.978449999999764, 53.951650000000477 ], [ 13.978449999999764, 53.959950000000475 ], [ 13.978449999999764, 53.968250000000474 ], [ 13.978449999999764, 53.976550000000472 ] ] ] } },
{ "type": "Feature", "properties": { "grid": "coarse" }, "geometry": { "type": "Polygon", "coordinates": [ [ [ -3.4996, 60.000000000000341 ], [ -3.4996, 59.950000000000344 ], [ -3.4996, 59.900000000000347 ], [ -3.4996, 59.85000000000035 ], [ -3.4996, 59.800000000000352 ], [ -3.4996, 59.750000000000355 ], [ -3.4996, 59.700000000000358 ], [ -3.4996, 59.650000000000361 ], [ -3.4996, 59.600000000000364 ], [ -3.4996, 59.550000000000367 ], [ -3.4996, 59.500000000000369 ], [ -3.4996, 59.450000000000372 ], [ -3.4996, 59.400000000000375 ], [ -3.4996, 59.350000000000378 ], [ -3.4996, 59.300000000000381 ], [ -3.4996, 59.250000000000384 ], [ -3.4996, 59.200000000000387 ], [ -3.4996, 59.150000000000389 ], [ -3.4162, 59.150000000000389 ], [ -3.3328, 59.150000000000389 ], [ -3.2494, 59.150000000000389 ], [ -3.166, 59.150000000000389 ], [ -3.166, 59.100000000000392 ], [ -3.0826, 59.100000000000392 ], [ -2.9992, 59.100000000000392 ], [ -2.9992, 59.050000000000395 ], [ -3.0826, 59.050000000000395 ], [ -3.0826, 59.000000000000398 ], [ -2.9992, 59.000000000000398 ], [ -2.9158, 59.000000000000398 ], [ -2.9158, 58.950000000000401 ], [ -2.9992, 58.950000000000401 ], [ -3.0826, 58.950000000000401 ], [ -3.166, 58.950000000000401 ], [ -3.2494, 58.950000000000401 ], [ -3.3328, 58.950000000000401 ], [ -3.4162, 58.950000000000401 ], [ -3.4996, 58.950000000000401 ], [ -3.4996, 58.900000000000404 ], [ -3.4162, 58.900000000000404 ], [ -3.3328, 58.900000000000404 ], [ -3.2494, 58.900000000000404 ], [ -3.2494, 58.850000000000406 ], [ -3.166, 58.850000000000406 ], [ -3.166, 58.800000000000409 ], [ -3.2494, 58.800000000000409 ], [ -3.3328, 58.800000000000409 ], [ -3.4162, 58.800000000000409 ], [ -3.4996, 58.800000000000409 ], [ -3.4996, 58.750000000000412 ], [ -3.4996, 58.700000000000415 ], [ -3.4996, 58.650000000000418 ], [ -3.4162, 58.650000000000418 ], [ -3.3328, 58.650000000000418 ], [ -3.2494, 58.650000000000418 ], [ -3.166, 58.650000000000418 ], [ -3.0826, 58.650000000000418 ], [ -3.0826, 58.600000000000421 ], [ -3.0826, 58.550000000000423 ], [ -3.0826, 58.500000000000426 ], [ -3.0826, 58.450000000000429 ], [ -3.0826, 58.400000000000432 ], [ -3.166, 58.400000000000432 ], [ -3.166, 58.350000000000435 ], [ -3.166, 58.300000000000438 ], [ -3.2494, 58.300000000000438 ], [ -3.3328, 58.300000000000438 ], [ -3.3328, 58.250000000000441 ], [ -3.4162, 58.250000000000441 ], [ -3.4162, 58.200000000000443 ], [ -3.4996, 58.200000000000443 ], [ -3.4996, 58.150000000000446 ], [ -3.583, 58.150000000000446 ], [ -3.583, 58.100000000000449 ], [ -3.6664, 58.100000000000449 ], [ -3.7498, 58.100000000000449 ], [ -3.7498, 58.050000000000452 ], [ -3.8332, 58.050000000000452 ], [ -3.8332, 58.000000000000455 ], [ -3.9166, 58.000000000000455 ], [ -3.9166, 57.950000000000458 ], [ -4.0, 57.950000000000458 ], [ -4.0, 57.90000000000046 ], [ -4.0, 57.850000000000463 ], [ -3.9166, 57.850000000000463 ], [ -3.9166, 57.800000000000466 ], [ -3.8332, 57.800000000000466 ], [ -3.8332, 57.750000000000469 ], [ -3.9166, 57.750000000000469 ], [ -3.9166, 57.700000000000472 ], [ -4.0, 57.700000000000472 ], [ -4.0, 57.650000000000475 ], [ -4.0, 57.600000000000477 ], [ -3.9166, 57.600000000000477 ], [ -3.8332, 57.600000000000477 ], [ -3.7498, 57.600000000000477 ], [ -3.7498, 57.650000000000475 ], [ -3.6664, 57.650000000000475 ], [ -3.583, 57.650000000000475 ], [ -3.4996, 57.650000000000475 ], [ -3.4996, 57.700000000000472 ], [ -3.4162, 57.700000000000472 ], [ -3.3328, 57.700000000000472 ], [ -3.2494, 57.700000000000472 ], [ -3.166, 57.700000000000472 ], [ -3.166, 57.650000000000475 ], [ -3.0826, 57.650000000000475 ], [ -2.9992, 57.650000000000475 ], [ -2.9158, 57.650000000000475 ], [ -2.9158, 57.700000000000472 ], [ -2.8324, 57.700000000000472 ], [ -2.749, 57.700000000000472 ], [ -2.6656, 57.700000000000472 ], [ -2.6656, 57.650000000000475 ], [ -2.5822, 57.650000000000475 ], [ -2.4988, 57.650000000000475 ], [ -2.4154, 57.650000000000475 ], [ -2.332, 57.650000000000475 ], [ -2.332, 57.700000000000472 ], [ -2.2486, 57.700000000000472 ], [ -2.1652, 57.700000000000472 ], [ -2.0818, 57.700000000000472 ], [ -1.9984, 57.700000000000472 ], [ -1.9984, 57.650000000000475 ], [ -1.915, 57.650000000000475 ], [ -1.915, 57.600000000000477 ], [ -1.8316, 57.600000000000477 ], [ -1.8316, 57.55000000000048 ], [ -1.7482, 57.55000000000048 ], [ -1.7482, 57.500000000000483 ], [ -1.7482, 57.450000000000486 ], [ -1.8316, 57.450000000000486 ], [ -1.8316, 57.400000000000489 ], [ -1.915, 57.400000000000489 ], [ -1.915, 57.350000000000492 ], [ -1.915, 57.300000000000495 ], [ -1.9984, 57.300000000000495 ], [ -1.9984, 57.250000000000497 ], [ -1.9984, 57.2000000000005 ], [ -2.0818, 57.2000000000005 ], [ -2.0818, 57.150000000000503 ], [ -2.0818, 57.100000000000506 ], [ -2.0818, 57.050000000000509 ], [ -2.1652, 57.050000000000509 ], [ -2.1652, 57.000000000000512 ], [ -2.1652, 56.950000000000514 ], [ -2.1652, 56.900000000000517 ], [ -2.2486, 56.900000000000517 ], [ -2.2486, 56.85000000000052 ], [ -2.2486, 56.800000000000523 ], [ -2.332, 56.800000000000523 ], [ -2.332, 56.750000000000526 ], [ -2.4154, 56.750000000000526 ], [ -2.4154, 56.700000000000529 ], [ -2.4988, 56.700000000000529 ], [ -2.4988, 56.650000000000531 ], [ -2.4988, 56.600000000000534 ], [ -2.4988, 56.550000000000537 ], [ -2.5822, 56.550000000000537 ], [ -2.6656, 56.550000000000537 ], [ -2.6656, 56.50000000000054 ], [ -2.749, 56.50000000000054 ], [ -2.749, 56.450000000000543 ], [ -2.8324, 56.450000000000543 ], [ -2.9158, 56.450000000000543 ], [ -2.9992, 56.450000000000543 ], [ -3.0826, 56.450000000000543 ], [ -3.0826, 56.400000000000546 ], [ -2.9992, 56.400000000000546 ], [ -2.9158, 56.400000000000546 ], [ -2.8324, 56.400000000000546 ], [ -2.8324, 56.350000000000549 ], [ -2.749, 56.350000000000549 ], [ -2.749, 56.300000000000551 ], [ -2.6656, 56.300000000000551 ], [ -2.5822, 56.300000000000551 ], [ -2.5822, 56.250000000000554 ], [ -2.6656, 56.250000000000554 ], [ -2.6656, 56.200000000000557 ], [ -2.749, 56.200000000000557 ], [ -2.8324, 56.200000000000557 ], [ -2.9158, 56.200000000000557 ], [ -2.9992, 56.200000000000557 ], [ -2.9992, 56.15000000000056 ], [ -3.0826, 56.15000000000056 ], [ -3.0826, 56.100000000000563 ], [ -3.166, 56.100000000000563 ], [ -3.166, 56.050000000000566 ], [ -3.2494, 56.050000000000566 ], [ -3.3328, 56.050000000000566 ], [ -3.3328, 56.000000000000568 ], [ -3.2494, 56.000000000000568 ], [ -3.166, 56.000000000000568 ], [ -3.166, 55.950000000000571 ], [ -3.0826, 55.950000000000571 ], [ -2.9992, 55.950000000000571 ], [ -2.9158, 55.950000000000571 ], [ -2.9158, 56.000000000000568 ], [ -2.8324, 56.000000000000568 ], [ -2.8324, 56.050000000000566 ], [ -2.749, 56.050000000000566 ], [ -2.6656, 56.050000000000566 ], [ -2.5822, 56.050000000000566 ], [ -2.5822, 56.000000000000568 ], [ -2.4988, 56.000000000000568 ], [ -2.4154, 56.000000000000568 ], [ -2.4154, 55.950000000000571 ], [ -2.332, 55.950000000000571 ], [ -2.2486, 55.950000000000571 ], [ -2.2486, 55.900000000000574 ], [ -2.1652, 55.900000000000574 ], [ -2.0818, 55.900000000000574 ], [ -2.0818, 55.850000000000577 ], [ -2.0818, 55.80000000000058 ], [ -1.9984, 55.80000000000058 ], [ -1.9984, 55.750000000000583 ], [ -1.915, 55.750000000000583 ], [ -1.915, 55.700000000000585 ], [ -1.915, 55.650000000000588 ], [ -1.8316, 55.650000000000588 ], [ -1.8316, 55.600000000000591 ], [ -1.7482, 55.600000000000591 ], [ -1.6648, 55.600000000000591 ], [ -1.6648, 55.550000000000594 ], [ -1.6648, 55.500000000000597 ], [ -1.5814, 55.500000000000597 ], [ -1.5814, 55.4500000000006 ], [ -1.5814, 55.400000000000603 ], [ -1.5814, 55.350000000000605 ], [ -1.5814, 55.300000000000608 ], [ -1.5814, 55.250000000000611 ], [ -1.5814, 55.200000000000614 ], [ -1.498, 55.200000000000614 ], [ -1.498, 55.150000000000617 ], [ -1.498, 55.10000000000062 ], [ -1.498, 55.050000000000622 ], [ -1.4146, 55.050000000000622 ], [ -1.4146, 55.000000000000625 ], [ -1.4146, 54.950000000000628 ], [ -1.3312, 54.950000000000628 ], [ -1.3312, 54.900000000000631 ], [ -1.3312, 54.850000000000634 ], [ -1.3312, 54.800000000000637 ], [ -1.3312, 54.750000000000639 ], [ -1.2478, 54.750000000000639 ], [ -1.2478, 54.700000000000642 ], [ -1.2478, 54.650000000000645 ], [ -1.1644, 54.650000000000645 ], [ -1.1644, 54.600000000000648 ], [ -1.081, 54.600000000000648 ], [ -0.9976, 54.600000000000648 ], [ -0.9142, 54.600000000000648 ], [ -0.9142, 54.550000000000651 ], [ -0.8308, 54.550000000000651 ], [ -0.7474, 54.550000000000651 ], [ -0.664, 54.550000000000651 ], [ -0.664, 54.500000000000654 ], [ -0.5806, 54.500000000000654 ], [ -0.5806, 54.450000000000657 ], [ -0.4972, 54.450000000000657 ], [ -0.4972, 54.400000000000659 ], [ -0.4972, 54.350000000000662 ], [ -0.4138, 54.350000000000662 ], [ -0.4138, 54.300000000000665 ], [ -0.4138, 54.250000000000668 ], [ -0.3304, 54.250000000000668 ], [ -0.3304, 54.200000000000671 ], [ -0.247, 54.200000000000671 ], [ -0.247, 54.150000000000674 ], [ -0.1636, 54.150000000000674 ], [ -0.0802, 54.150000000000674 ], [ -0.0802, 54.100000000000676 ], [ -0.1636, 54.100000000000676 ], [ -0.1636, 54.050000000000679 ], [ -0.247, 54.050000000000679 ], [ -0.247, 54.000000000000682 ], [ -0.1636, 54.000000000000682 ], [ -0.1636, 53.950000000000685 ], [ -0.1636, 53.900000000000688 ], [ -0.1636, 53.850000000000691 ], [ -0.0802, 53.850000000000691 ], [ -0.0802, 53.800000000000693 ], [ 0.0032, 53.800000000000693 ], [ 0.0032, 53.750000000000696 ], [ 0.0866, 53.750000000000696 ], [ 0.0866, 53.700000000000699 ], [ 0.0866, 53.650000000000702 ], [ 0.0032, 53.650000000000702 ], [ -0.0802, 53.650000000000702 ], [ -0.0802, 53.700000000000699 ], [ -0.1636, 53.700000000000699 ], [ -0.1636, 53.750000000000696 ], [ -0.247, 53.750000000000696 ], [ -0.3304, 53.750000000000696 ], [ -0.3304, 53.700000000000699 ], [ -0.247, 53.700000000000699 ], [ -0.247, 53.650000000000702 ], [ -0.1636, 53.650000000000702 ], [ -0.1636, 53.600000000000705 ], [ -0.0802, 53.600000000000705 ], [ -0.0802, 53.550000000000708 ], [ 0.0032, 53.550000000000708 ], [ 0.0032, 53.500000000000711 ], [ 0.0866, 53.500000000000711 ], [ 0.17, 53.500000000000711 ], [ 0.17, 53.450000000000713 ], [ 0.17, 53.400000000000716 ], [ 0.2534, 53.400000000000716 ], [ 0.2534, 53.350000000000719 ], [ 0.2534, 53.300000000000722 ], [ 0.3368, 53.300000000000722 ], [ 0.3368, 53.250000000000725 ], [ 0.3368, 53.200000000000728 ], [ 0.3368, 53.15000000000073 ], [ 0.3368, 53.100000000000733 ], [ 0.2534, 53.100000000000733 ], [ 0.2534, 53.050000000000736 ], [ 0.17, 53.050000000000736 ], [ 0.17, 53.000000000000739 ], [ 0.0866, 53.000000000000739 ], [ 0.0866, 52.950000000000742 ], [ 0.0866, 52.900000000000745 ], [ 0.0866, 52.850000000000747 ], [ 0.17, 52.850000000000747 ], [ 0.17, 52.80000000000075 ], [ 0.2534, 52.80000000000075 ], [ 0.3368, 52.80000000000075 ], [ 0.4202, 52.80000000000075 ], [ 0.4202, 52.850000000000747 ], [ 0.5036, 52.850000000000747 ], [ 0.5036, 52.900000000000745 ], [ 0.5036, 52.950000000000742 ], [ 0.587, 52.950000000000742 ], [ 0.6704, 52.950000000000742 ], [ 0.6704, 53.000000000000739 ], [ 0.7538, 53.000000000000739 ], [ 0.8372, 53.000000000000739 ], [ 0.9206, 53.000000000000739 ], [ 0.9206, 52.950000000000742 ], [ 1.004, 52.950000000000742 ], [ 1.0874, 52.950000000000742 ], [ 1.1708, 52.950000000000742 ], [ 1.2542, 52.950000000000742 ], [ 1.3376, 52.950000000000742 ], [ 1.3376, 52.900000000000745 ], [ 1.421, 52.900000000000745 ], [ 1.421, 52.850000000000747 ], [ 1.5044, 52.850000000000747 ], [ 1.5044, 52.80000000000075 ], [ 1.5878, 52.80000000000075 ], [ 1.5878, 52.750000000000753 ], [ 1.6712, 52.750000000000753 ], [ 1.6712, 52.700000000000756 ], [ 1.7546, 52.700000000000756 ], [ 1.7546, 52.650000000000759 ], [ 1.7546, 52.600000000000762 ], [ 1.7546, 52.550000000000765 ], [ 1.7546, 52.500000000000767 ], [ 1.7546, 52.45000000000077 ], [ 1.7546, 52.400000000000773 ], [ 1.7546, 52.350000000000776 ], [ 1.6712, 52.350000000000776 ], [ 1.6712, 52.300000000000779 ], [ 1.6712, 52.250000000000782 ], [ 1.5878, 52.250000000000782 ], [ 1.5878, 52.200000000000784 ], [ 1.5878, 52.150000000000787 ], [ 1.5878, 52.10000000000079 ], [ 1.5878, 52.050000000000793 ], [ 1.5044, 52.050000000000793 ], [ 1.421, 52.050000000000793 ], [ 1.421, 52.000000000000796 ], [ 1.3376, 52.000000000000796 ], [ 1.3376, 51.950000000000799 ], [ 1.2542, 51.950000000000799 ], [ 1.2542, 51.900000000000801 ], [ 1.2542, 51.850000000000804 ], [ 1.2542, 51.800000000000807 ], [ 1.1708, 51.800000000000807 ], [ 1.0874, 51.800000000000807 ], [ 1.004, 51.800000000000807 ], [ 0.9206, 51.800000000000807 ], [ 0.8372, 51.800000000000807 ], [ 0.8372, 51.75000000000081 ], [ 0.9206, 51.75000000000081 ], [ 0.9206, 51.700000000000813 ], [ 0.9206, 51.650000000000816 ], [ 0.9206, 51.600000000000819 ], [ 0.8372, 51.600000000000819 ], [ 0.8372, 51.550000000000821 ], [ 0.7538, 51.550000000000821 ], [ 0.6704, 51.550000000000821 ], [ 0.587, 51.550000000000821 ], [ 0.5036, 51.550000000000821 ], [ 0.5036, 51.500000000000824 ], [ 0.587, 51.500000000000824 ], [ 0.6704, 51.500000000000824 ], [ 0.6704, 51.450000000000827 ], [ 0.587, 51.450000000000827 ], [ 0.587, 51.40000000000083 ], [ 0.6704, 51.40000000000083 ], [ 0.7538, 51.40000000000083 ], [ 0.7538, 51.450000000000827 ], [ 0.8372, 51.450000000000827 ], [ 0.8372, 51.40000000000083 ], [ 0.9206, 51.40000000000083 ], [ 0.9206, 51.350000000000833 ], [ 1.004, 51.350000000000833 ], [ 1.0874, 51.350000000000833 ], [ 1.1708, 51.350000000000833 ], [ 1.2542, 51.350000000000833 ], [ 1.2542, 51.40000000000083 ], [ 1.3376, 51.40000000000083 ], [ 1.421, 51.40000000000083 ], [ 1.421, 51.350000000000833 ], [ 1.421, 51.300000000000836 ], [ 1.421, 51.250000000000838 ], [ 1.421, 51.200000000000841 ], [ 1.421, 51.150000000000844 ], [ 1.3376, 51.150000000000844 ], [ 1.3376, 51.100000000000847 ], [ 1.2542, 51.100000000000847 ], [ 1.1708, 51.100000000000847 ], [ 1.1708, 51.05000000000085 ], [ 1.0874, 51.05000000000085 ], [ 1.004, 51.05000000000085 ], [ 1.004, 51.000000000000853 ], [ 1.004, 50.950000000000855 ], [ 1.004, 50.900000000000858 ], [ 0.9206, 50.900000000000858 ], [ 0.8372, 50.900000000000858 ], [ 0.7538, 50.900000000000858 ], [ 0.6704, 50.900000000000858 ], [ 0.587, 50.900000000000858 ], [ 0.587, 50.850000000000861 ], [ 0.5036, 50.850000000000861 ], [ 0.4202, 50.850000000000861 ], [ 0.3368, 50.850000000000861 ], [ 0.3368, 50.800000000000864 ], [ 0.2534, 50.800000000000864 ], [ 0.2534, 50.750000000000867 ], [ 0.17, 50.750000000000867 ], [ 0.0866, 50.750000000000867 ], [ 0.0866, 50.800000000000864 ], [ 0.0032, 50.800000000000864 ], [ -0.0802, 50.800000000000864 ], [ -0.1636, 50.800000000000864 ], [ -0.1636, 50.850000000000861 ], [ -0.247, 50.850000000000861 ], [ -0.3304, 50.850000000000861 ], [ -0.3304, 50.800000000000864 ], [ -0.4138, 50.800000000000864 ], [ -0.4972, 50.800000000000864 ], [ -0.5806, 50.800000000000864 ], [ -0.664, 50.800000000000864 ], [ -0.664, 50.750000000000867 ], [ -0.7474, 50.750000000000867 ], [ -0.8308, 50.750000000000867 ], [ -0.9142, 50.750000000000867 ], [ -0.9142, 50.800000000000864 ], [ -0.9976, 50.800000000000864 ], [ -1.081, 50.800000000000864 ], [ -1.1644, 50.800000000000864 ], [ -1.2478, 50.800000000000864 ], [ -1.3312, 50.800000000000864 ], [ -1.4146, 50.800000000000864 ], [ -1.498, 50.800000000000864 ], [ -1.498, 50.750000000000867 ], [ -1.5814, 50.750000000000867 ], [ -1.6648, 50.750000000000867 ], [ -1.7482, 50.750000000000867 ], [ -1.7482, 50.70000000000087 ], [ -1.8316, 50.70000000000087 ], [ -1.915, 50.70000000000087 ], [ -1.915, 50.650000000000873 ], [ -1.915, 50.600000000000875 ], [ -1.9984, 50.600000000000875 ], [ -2.0818, 50.600000000000875 ], [ -2.1652, 50.600000000000875 ], [ -2.2486, 50.600000000000875 ], [ -2.2486, 50.650000000000873 ], [ -2.332, 50.650000000000873 ], [ -2.4154, 50.650000000000873 ], [ -2.4154, 50.600000000000875 ], [ -2.4154, 50.550000000000878 ], [ -2.4988, 50.550000000000878 ], [ -2.4988, 50.600000000000875 ], [ -2.4988, 50.650000000000873 ], [ -2.5822, 50.650000000000873 ], [ -2.6656, 50.650000000000873 ], [ -2.6656, 50.70000000000087 ], [ -2.749, 50.70000000000087 ], [ -2.8324, 50.70000000000087 ], [ -2.8324, 50.750000000000867 ], [ -2.9158, 50.750000000000867 ], [ -2.9158, 50.70000000000087 ], [ -2.9992, 50.70000000000087 ], [ -3.0826, 50.70000000000087 ], [ -3.166, 50.70000000000087 ], [ -3.2494, 50.70000000000087 ], [ -3.2494, 50.650000000000873 ], [ -3.3328, 50.650000000000873 ], [ -3.3328, 50.600000000000875 ], [ -3.4162, 50.600000000000875 ], [ -3.4996, 50.600000000000875 ], [ -3.4996, 50.550000000000878 ], [ -3.4996, 50.500000000000881 ], [ -3.4996, 50.450000000000884 ], [ -3.4996, 50.400000000000887 ], [ -3.4996, 50.35000000000089 ], [ -3.583, 50.35000000000089 ], [ -3.583, 50.300000000000892 ], [ -3.6664, 50.300000000000892 ], [ -3.6664, 50.250000000000895 ], [ -3.7498, 50.250000000000895 ], [ -3.8332, 50.250000000000895 ], [ -3.8332, 50.300000000000892 ], [ -3.9166, 50.300000000000892 ], [ -4.0, 50.300000000000892 ], [ -4.0834, 50.300000000000892 ], [ -4.0834, 50.250000000000895 ], [ -4.0834, 50.200000000000898 ], [ -4.0834, 50.150000000000901 ], [ -4.0834, 50.100000000000904 ], [ -4.0834, 50.050000000000907 ], [ -4.0834, 50.000000000000909 ], [ -4.0834, 49.950000000000912 ], [ -4.0834, 49.900000000000915 ], [ -4.0834, 49.850000000000918 ], [ -4.0834, 49.800000000000921 ], [ -4.0834, 49.750000000000924 ], [ -4.0834, 49.700000000000927 ], [ -4.0834, 49.650000000000929 ], [ -4.0834, 49.600000000000932 ], [ -4.0834, 49.550000000000935 ], [ -4.0834, 49.500000000000938 ], [ -4.0834, 49.450000000000941 ], [ -4.0834, 49.400000000000944 ], [ -4.0834, 49.350000000000946 ], [ -4.0834, 49.300000000000949 ], [ -4.0834, 49.250000000000952 ], [ -4.0834, 49.200000000000955 ], [ -4.0834, 49.150000000000958 ], [ -4.0834, 49.100000000000961 ], [ -4.0834, 49.050000000000963 ], [ -4.0834, 49.000000000000966 ], [ -4.0834, 48.950000000000969 ], [ -4.0834, 48.900000000000972 ], [ -4.0834, 48.850000000000975 ], [ -4.0834, 48.800000000000978 ], [ -4.0834, 48.750000000000981 ], [ -4.0834, 48.700000000000983 ], [ -4.0, 48.700000000000983 ], [ -3.9166, 48.700000000000983 ], [ -3.8332, 48.700000000000983 ], [ -3.7498, 48.700000000000983 ], [ -3.6664, 48.700000000000983 ], [ -3.583, 48.700000000000983 ], [ -3.583, 48.750000000000981 ], [ -3.583, 48.800000000000978 ], [ -3.4996, 48.800000000000978 ], [ -3.4996, 48.850000000000975 ], [ -3.4162, 48.850000000000975 ], [ -3.4162, 48.800000000000978 ], [ -3.3328, 48.800000000000978 ], [ -3.3328, 48.850000000000975 ], [ -3.2494, 48.850000000000975 ], [ -3.166, 48.850000000000975 ], [ -3.0826, 48.850000000000975 ], [ -2.9992, 48.850000000000975 ], [ -2.9992, 48.800000000000978 ], [ -2.9992, 48.750000000000981 ], [ -2.9158, 48.750000000000981 ], [ -2.9158, 48.700000000000983 ], [ -2.8324, 48.700000000000983 ], [ -2.8324, 48.650000000000986 ], [ -2.8324, 48.600000000000989 ], [ -2.749, 48.600000000000989 ], [ -2.6656, 48.600000000000989 ], [ -2.5822, 48.600000000000989 ], [ -2.4988, 48.600000000000989 ], [ -2.4988, 48.650000000000986 ], [ -2.4154, 48.650000000000986 ], [ -2.332, 48.650000000000986 ], [ -2.2486, 48.650000000000986 ], [ -2.2486, 48.600000000000989 ], [ -2.1652, 48.600000000000989 ], [ -2.0818, 48.600000000000989 ], [ -1.9984, 48.600000000000989 ], [ -1.9984, 48.650000000000986 ], [ -1.9984, 48.700000000000983 ], [ -1.915, 48.700000000000983 ], [ -1.8316, 48.700000000000983 ], [ -1.8316, 48.650000000000986 ], [ -1.8316, 48.600000000000989 ], [ -1.7482, 48.600000000000989 ], [ -1.6648, 48.600000000000989 ], [ -1.5814, 48.600000000000989 ], [ -1.498, 48.600000000000989 ], [ -1.4146, 48.600000000000989 ], [ -1.4146, 48.650000000000986 ], [ -1.498, 48.650000000000986 ], [ -1.498, 48.700000000000983 ], [ -1.5814, 48.700000000000983 ], [ -1.5814, 48.750000000000981 ], [ -1.5814, 48.800000000000978 ], [ -1.5814, 48.850000000000975 ], [ -1.5814, 48.900000000000972 ], [ -1.5814, 48.950000000000969 ], [ -1.5814, 49.000000000000966 ], [ -1.5814, 49.050000000000963 ], [ -1.5814, 49.100000000000961 ], [ -1.5814, 49.150000000000958 ], [ -1.5814, 49.200000000000955 ], [ -1.6648, 49.200000000000955 ], [ -1.6648, 49.250000000000952 ], [ -1.6648, 49.300000000000949 ], [ -1.7482, 49.300000000000949 ], [ -1.7482, 49.350000000000946 ], [ -1.7482, 49.400000000000944 ], [ -1.8316, 49.400000000000944 ], [ -1.8316, 49.450000000000941 ], [ -1.8316, 49.500000000000938 ], [ -1.915, 49.500000000000938 ], [ -1.915, 49.550000000000935 ], [ -1.8316, 49.550000000000935 ], [ -1.8316, 49.600000000000932 ], [ -1.8316, 49.650000000000929 ], [ -1.915, 49.650000000000929 ], [ -1.915, 49.700000000000927 ], [ -1.8316, 49.700000000000927 ], [ -1.7482, 49.700000000000927 ], [ -1.7482, 49.650000000000929 ], [ -1.6648, 49.650000000000929 ], [ -1.5814, 49.650000000000929 ], [ -1.498, 49.650000000000929 ], [ -1.498, 49.700000000000927 ], [ -1.4146, 49.700000000000927 ], [ -1.3312, 49.700000000000927 ], [ -1.2478, 49.700000000000927 ], [ -1.2478, 49.650000000000929 ], [ -1.2478, 49.600000000000932 ], [ -1.3312, 49.600000000000932 ], [ -1.3312, 49.550000000000935 ], [ -1.3312, 49.500000000000938 ], [ -1.2478, 49.500000000000938 ], [ -1.2478, 49.450000000000941 ], [ -1.1644, 49.450000000000941 ], [ -1.1644, 49.400000000000944 ], [ -1.1644, 49.350000000000946 ], [ -1.081, 49.350000000000946 ], [ -1.081, 49.400000000000944 ], [ -0.9976, 49.400000000000944 ], [ -0.9142, 49.400000000000944 ], [ -0.9142, 49.350000000000946 ], [ -0.8308, 49.350000000000946 ], [ -0.7474, 49.350000000000946 ], [ -0.664, 49.350000000000946 ], [ -0.5806, 49.350000000000946 ], [ -0.4972, 49.350000000000946 ], [ -0.4138, 49.350000000000946 ], [ -0.4138, 49.300000000000949 ], [ -0.3304, 49.300000000000949 ], [ -0.247, 49.300000000000949 ], [ -0.1636, 49.300000000000949 ], [ -0.0802, 49.300000000000949 ], [ 0.0032, 49.300000000000949 ], [ 0.0032, 49.350000000000946 ], [ 0.0866, 49.350000000000946 ], [ 0.0866, 49.400000000000944 ], [ 0.17, 49.400000000000944 ], [ 0.2534, 49.400000000000944 ], [ 0.3368, 49.400000000000944 ], [ 0.4202, 49.400000000000944 ], [ 0.4202, 49.450000000000941 ], [ 0.3368, 49.450000000000941 ], [ 0.2534, 49.450000000000941 ], [ 0.17, 49.450000000000941 ], [ 0.17, 49.500000000000938 ], [ 0.0866, 49.500000000000938 ], [ 0.0866, 49.550000000000935 ], [ 0.0866, 49.600000000000932 ], [ 0.17, 49.600000000000932 ], [ 0.17, 49.650000000000929 ], [ 0.17, 49.700000000000927 ], [ 0.2534, 49.700000000000927 ], [ 0.3368, 49.700000000000927 ], [ 0.3368, 49.750000000000924 ], [ 0.4202, 49.750000000000924 ], [ 0.4202, 49.800000000000921 ], [ 0.5036, 49.800000000000921 ], [ 0.5036, 49.850000000000918 ], [ 0.587, 49.850000000000918 ], [ 0.6704, 49.850000000000918 ], [ 0.7538, 49.850000000000918 ], [ 0.7538, 49.900000000000915 ], [ 0.8372, 49.900000000000915 ], [ 0.9206, 49.900000000000915 ], [ 1.004, 49.900000000000915 ], [ 1.004, 49.950000000000912 ], [ 1.0874, 49.950000000000912 ], [ 1.1708, 49.950000000000912 ], [ 1.2542, 49.950000000000912 ], [ 1.2542, 50.000000000000909 ], [ 1.3376, 50.000000000000909 ], [ 1.3376, 50.050000000000907 ], [ 1.421, 50.050000000000907 ], [ 1.421, 50.100000000000904 ], [ 1.5044, 50.100000000000904 ], [ 1.5044, 50.150000000000901 ], [ 1.5878, 50.150000000000901 ], [ 1.6712, 50.150000000000901 ], [ 1.7546, 50.150000000000901 ], [ 1.7546, 50.200000000000898 ], [ 1.6712, 50.200000000000898 ], [ 1.5878, 50.200000000000898 ], [ 1.5878, 50.250000000000895 ], [ 1.5878, 50.300000000000892 ], [ 1.5878, 50.35000000000089 ], [ 1.5878, 50.400000000000887 ], [ 1.5878, 50.450000000000884 ], [ 1.5878, 50.500000000000881 ], [ 1.5878, 50.550000000000878 ], [ 1.5878, 50.600000000000875 ], [ 1.5878, 50.650000000000873 ], [ 1.5878, 50.70000000000087 ], [ 1.5878, 50.750000000000867 ], [ 1.5878, 50.800000000000864 ], [ 1.5878, 50.850000000000861 ], [ 1.6712, 50.850000000000861 ], [ 1.6712, 50.900000000000858 ], [ 1.7546, 50.900000000000858 ], [ 1.7546, 50.950000000000855 ], [ 1.838, 50.950000000000855 ], [ 1.9214, 50.950000000000855 ], [ 1.9214, 51.000000000000853 ], [ 2.0048, 51.000000000000853 ], [ 2.0882, 51.000000000000853 ], [ 2.1716, 51.000000000000853 ], [ 2.1716, 51.05000000000085 ], [ 2.255, 51.05000000000085 ], [ 2.3384, 51.05000000000085 ], [ 2.4218, 51.05000000000085 ], [ 2.5052, 51.05000000000085 ], [ 2.5052, 51.100000000000847 ], [ 2.5886, 51.100000000000847 ], [ 2.672, 51.100000000000847 ], [ 2.672, 51.150000000000844 ], [ 2.7554, 51.150000000000844 ], [ 2.7554, 51.200000000000841 ], [ 2.8388, 51.200000000000841 ], [ 2.9222, 51.200000000000841 ], [ 2.9222, 51.250000000000838 ], [ 3.0056, 51.250000000000838 ], [ 3.0056, 51.300000000000836 ], [ 3.089, 51.300000000000836 ], [ 3.1724, 51.300000000000836 ], [ 3.1724, 51.350000000000833 ], [ 3.2558, 51.350000000000833 ], [ 3.3392, 51.350000000000833 ], [ 3.4226, 51.350000000000833 ], [ 3.4226, 51.40000000000083 ], [ 3.506, 51.40000000000083 ], [ 3.5894, 51.40000000000083 ], [ 3.5894, 51.350000000000833 ], [ 3.6728, 51.350000000000833 ], [ 3.7562, 51.350000000000833 ], [ 3.8396, 51.350000000000833 ], [ 3.923, 51.350000000000833 ], [ 4.0064, 51.350000000000833 ], [ 4.0064, 51.40000000000083 ], [ 3.923, 51.40000000000083 ], [ 3.8396, 51.40000000000083 ], [ 3.7562, 51.40000000000083 ], [ 3.7562, 51.450000000000827 ], [ 3.6728, 51.450000000000827 ], [ 3.5894, 51.450000000000827 ], [ 3.506, 51.450000000000827 ], [ 3.506, 51.500000000000824 ], [ 3.4226, 51.500000000000824 ], [ 3.4226, 51.550000000000821 ], [ 3.506, 51.550000000000821 ], [ 3.506, 51.600000000000819 ], [ 3.5894, 51.600000000000819 ], [ 3.6728, 51.600000000000819 ], [ 3.7562, 51.600000000000819 ], [ 3.8396, 51.600000000000819 ], [ 3.923, 51.600000000000819 ], [ 4.0064, 51.600000000000819 ], [ 4.0064, 51.650000000000816 ], [ 3.923, 51.650000000000816 ], [ 3.8396, 51.650000000000816 ], [ 3.8396, 51.700000000000813 ], [ 3.7562, 51.700000000000813 ], [ 3.7562, 51.75000000000081 ], [ 3.8396, 51.75000000000081 ], [ 3.8396, 51.800000000000807 ], [ 3.923, 51.800000000000807 ], [ 4.0064, 51.800000000000807 ], [ 4.0898, 51.800000000000807 ], [ 4.1732, 51.800000000000807 ], [ 4.2566, 51.800000000000807 ], [ 4.2566, 51.850000000000804 ], [ 4.1732, 51.850000000000804 ], [ 4.0898, 51.850000000000804 ], [ 4.0898, 51.900000000000801 ], [ 4.0064, 51.900000000000801 ], [ 4.0064, 51.950000000000799 ], [ 4.0898, 51.950000000000799 ], [ 4.0898, 52.000000000000796 ], [ 4.1732, 52.000000000000796 ], [ 4.1732, 52.050000000000793 ], [ 4.2566, 52.050000000000793 ], [ 4.2566, 52.10000000000079 ], [ 4.34, 52.10000000000079 ], [ 4.34, 52.150000000000787 ], [ 4.34, 52.200000000000784 ], [ 4.4234, 52.200000000000784 ], [ 4.4234, 52.250000000000782 ], [ 4.5068, 52.250000000000782 ], [ 4.5068, 52.300000000000779 ], [ 4.5068, 52.350000000000776 ], [ 4.5068, 52.400000000000773 ], [ 4.5902, 52.400000000000773 ], [ 4.5902, 52.45000000000077 ], [ 4.5902, 52.500000000000767 ], [ 4.5902, 52.550000000000765 ], [ 4.5902, 52.600000000000762 ], [ 4.6736, 52.600000000000762 ], [ 4.6736, 52.650000000000759 ], [ 4.6736, 52.700000000000756 ], [ 4.6736, 52.750000000000753 ], [ 4.6736, 52.80000000000075 ], [ 4.6736, 52.850000000000747 ], [ 4.757, 52.850000000000747 ], [ 4.757, 52.900000000000745 ], [ 4.757, 52.950000000000742 ], [ 4.757, 53.000000000000739 ], [ 4.757, 53.050000000000736 ], [ 4.757, 53.100000000000733 ], [ 4.757, 53.15000000000073 ], [ 4.8404, 53.15000000000073 ], [ 4.9238, 53.15000000000073 ], [ 4.9238, 53.100000000000733 ], [ 4.9238, 53.050000000000736 ], [ 4.8404, 53.050000000000736 ], [ 4.8404, 53.000000000000739 ], [ 4.8404, 52.950000000000742 ], [ 4.8404, 52.900000000000745 ], [ 4.9238, 52.900000000000745 ], [ 5.0072, 52.900000000000745 ], [ 5.0906, 52.900000000000745 ], [ 5.174, 52.900000000000745 ], [ 5.174, 52.950000000000742 ], [ 5.2574, 52.950000000000742 ], [ 5.2574, 53.000000000000739 ], [ 5.3408, 53.000000000000739 ], [ 5.3408, 53.050000000000736 ], [ 5.4242, 53.050000000000736 ], [ 5.4242, 53.100000000000733 ], [ 5.4242, 53.15000000000073 ], [ 5.4242, 53.200000000000728 ], [ 5.5076, 53.200000000000728 ], [ 5.5076, 53.250000000000725 ], [ 5.591, 53.250000000000725 ], [ 5.591, 53.300000000000722 ], [ 5.6744, 53.300000000000722 ], [ 5.6744, 53.350000000000719 ], [ 5.7578, 53.350000000000719 ], [ 5.8412, 53.350000000000719 ], [ 5.9246, 53.350000000000719 ], [ 6.008, 53.350000000000719 ], [ 6.008, 53.400000000000716 ], [ 6.0914, 53.400000000000716 ], [ 6.1748, 53.400000000000716 ], [ 6.2582, 53.400000000000716 ], [ 6.3416, 53.400000000000716 ], [ 6.3416, 53.450000000000713 ], [ 6.2582, 53.450000000000713 ], [ 6.1748, 53.450000000000713 ], [ 6.1748, 53.500000000000711 ], [ 6.2582, 53.500000000000711 ], [ 6.3416, 53.500000000000711 ], [ 6.3416, 53.550000000000708 ], [ 6.3416, 53.600000000000705 ], [ 6.3416, 53.650000000000702 ], [ 6.3416, 53.700000000000699 ], [ 6.3416, 53.750000000000696 ], [ 6.3416, 53.800000000000693 ], [ 6.3416, 53.850000000000691 ], [ 6.3416, 53.900000000000688 ], [ 6.3416, 53.950000000000685 ], [ 6.3416, 54.000000000000682 ], [ 6.3416, 54.050000000000679 ], [ 6.3416, 54.100000000000676 ], [ 6.3416, 54.150000000000674 ], [ 6.3416, 54.200000000000671 ], [ 6.3416, 54.250000000000668 ], [ 6.3416, 54.300000000000665 ], [ 6.3416, 54.350000000000662 ], [ 6.3416, 54.400000000000659 ], [ 6.3416, 54.450000000000657 ], [ 6.3416, 54.500000000000654 ], [ 6.3416, 54.550000000000651 ], [ 6.3416, 54.600000000000648 ], [ 6.3416, 54.650000000000645 ], [ 6.3416, 54.700000000000642 ], [ 6.3416, 54.750000000000639 ], [ 6.3416, 54.800000000000637 ], [ 6.3416, 54.850000000000634 ], [ 6.3416, 54.900000000000631 ], [ 6.3416, 54.950000000000628 ], [ 6.3416, 55.000000000000625 ], [ 6.3416, 55.050000000000622 ], [ 6.3416, 55.10000000000062 ], [ 6.3416, 55.150000000000617 ], [ 6.3416, 55.200000000000614 ], [ 6.3416, 55.250000000000611 ], [ 6.3416, 55.300000000000608 ], [ 6.3416, 55.350000000000605 ], [ 6.3416, 55.400000000000603 ], [ 6.3416, 55.4500000000006 ], [ 6.3416, 55.500000000000597 ], [ 6.3416, 55.550000000000594 ], [ 6.3416, 55.600000000000591 ], [ 6.3416, 55.650000000000588 ], [ 6.3416, 55.700000000000585 ], [ 6.3416, 55.750000000000583 ], [ 6.3416, 55.80000000000058 ], [ 6.3416, 55.850000000000577 ], [ 6.3416, 55.900000000000574 ], [ 6.3416, 55.950000000000571 ], [ 6.3416, 56.000000000000568 ], [ 6.3416, 56.050000000000566 ], [ 6.3416, 56.100000000000563 ], [ 6.3416, 56.15000000000056 ], [ 6.3416, 56.200000000000557 ], [ 6.3416, 56.250000000000554 ], [ 6.3416, 56.300000000000551 ], [ 6.3416, 56.350000000000549 ], [ 6.425, 56.350000000000549 ], [ 6.5084, 56.350000000000549 ], [ 6.5918, 56.350000000000549 ], [ 6.6752, 56.350000000000549 ], [ 6.7586, 56.350000000000549 ], [ 6.842, 56.350000000000549 ], [ 6.9254, 56.350000000000549 ], [ 7.0088, 56.350000000000549 ], [ 7.0922, 56.350000000000549 ], [ 7.1756, 56.350000000000549 ], [ 7.259, 56.350000000000549 ], [ 7.3424, 56.350000000000549 ], [ 7.4258, 56.350000000000549 ], [ 7.5092, 56.350000000000549 ], [ 7.5926, 56.350000000000549 ], [ 7.676, 56.350000000000549 ], [ 7.7594, 56.350000000000549 ], [ 7.8428, 56.350000000000549 ], [ 7.9262, 56.350000000000549 ], [ 8.0096, 56.350000000000549 ], [ 8.093, 56.350000000000549 ], [ 8.1764, 56.350000000000549 ], [ 8.1764, 56.400000000000546 ], [ 8.1764, 56.450000000000543 ], [ 8.1764, 56.50000000000054 ], [ 8.1764, 56.550000000000537 ], [ 8.1764, 56.600000000000534 ], [ 8.1764, 56.650000000000531 ], [ 8.2598, 56.650000000000531 ], [ 8.2598, 56.600000000000534 ], [ 8.3432, 56.600000000000534 ], [ 8.3432, 56.550000000000537 ], [ 8.4266, 56.550000000000537 ], [ 8.51, 56.550000000000537 ], [ 8.5934, 56.550000000000537 ], [ 8.5934, 56.50000000000054 ], [ 8.6768, 56.50000000000054 ], [ 8.6768, 56.450000000000543 ], [ 8.7602, 56.450000000000543 ], [ 8.7602, 56.50000000000054 ], [ 8.7602, 56.550000000000537 ], [ 8.7602, 56.600000000000534 ], [ 8.7602, 56.650000000000531 ], [ 8.8436, 56.650000000000531 ], [ 8.8436, 56.700000000000529 ], [ 8.927, 56.700000000000529 ], [ 8.927, 56.750000000000526 ], [ 8.927, 56.800000000000523 ], [ 9.0104, 56.800000000000523 ], [ 9.0104, 56.85000000000052 ], [ 9.0938, 56.85000000000052 ], [ 9.0938, 56.800000000000523 ], [ 9.0938, 56.750000000000526 ], [ 9.0938, 56.700000000000529 ], [ 9.0938, 56.650000000000531 ], [ 9.0938, 56.600000000000534 ], [ 9.1772, 56.600000000000534 ], [ 9.1772, 56.650000000000531 ], [ 9.2606, 56.650000000000531 ], [ 9.2606, 56.600000000000534 ], [ 9.344, 56.600000000000534 ], [ 9.344, 56.650000000000531 ], [ 9.344, 56.700000000000529 ], [ 9.2606, 56.700000000000529 ], [ 9.2606, 56.750000000000526 ], [ 9.1772, 56.750000000000526 ], [ 9.1772, 56.800000000000523 ], [ 9.1772, 56.85000000000052 ], [ 9.1772, 56.900000000000517 ], [ 9.1772, 56.950000000000514 ], [ 9.2606, 56.950000000000514 ], [ 9.2606, 57.000000000000512 ], [ 9.1772, 57.000000000000512 ], [ 9.1772, 57.050000000000509 ], [ 9.0938, 57.050000000000509 ], [ 9.0938, 57.000000000000512 ], [ 9.0104, 57.000000000000512 ], [ 8.927, 57.000000000000512 ], [ 8.8436, 57.000000000000512 ], [ 8.8436, 56.950000000000514 ], [ 8.927, 56.950000000000514 ], [ 8.927, 56.900000000000517 ], [ 8.8436, 56.900000000000517 ], [ 8.8436, 56.85000000000052 ], [ 8.8436, 56.800000000000523 ], [ 8.8436, 56.750000000000526 ], [ 8.7602, 56.750000000000526 ], [ 8.7602, 56.700000000000529 ], [ 8.6768, 56.700000000000529 ], [ 8.5934, 56.700000000000529 ], [ 8.5934, 56.650000000000531 ], [ 8.5934, 56.600000000000534 ], [ 8.51, 56.600000000000534 ], [ 8.51, 56.650000000000531 ], [ 8.4266, 56.650000000000531 ], [ 8.4266, 56.700000000000529 ], [ 8.3432, 56.700000000000529 ], [ 8.2598, 56.700000000000529 ], [ 8.2598, 56.750000000000526 ], [ 8.2598, 56.800000000000523 ], [ 8.2598, 56.85000000000052 ], [ 8.3432, 56.85000000000052 ], [ 8.3432, 56.900000000000517 ], [ 8.3432, 56.950000000000514 ], [ 8.4266, 56.950000000000514 ], [ 8.4266, 57.000000000000512 ], [ 8.51, 57.000000000000512 ], [ 8.51, 57.050000000000509 ], [ 8.5934, 57.050000000000509 ], [ 8.5934, 57.100000000000506 ], [ 8.6768, 57.100000000000506 ], [ 8.7602, 57.100000000000506 ], [ 8.8436, 57.100000000000506 ], [ 8.927, 57.100000000000506 ], [ 8.927, 57.150000000000503 ], [ 9.0104, 57.150000000000503 ], [ 9.0938, 57.150000000000503 ], [ 9.1772, 57.150000000000503 ], [ 9.2606, 57.150000000000503 ], [ 9.344, 57.150000000000503 ], [ 9.4274, 57.150000000000503 ], [ 9.4274, 57.2000000000005 ], [ 9.5108, 57.2000000000005 ], [ 9.5108, 57.250000000000497 ], [ 9.5942, 57.250000000000497 ], [ 9.5942, 57.300000000000495 ], [ 9.6776, 57.300000000000495 ], [ 9.6776, 57.350000000000492 ], [ 9.6776, 57.400000000000489 ], [ 9.761, 57.400000000000489 ], [ 9.761, 57.450000000000486 ], [ 9.8444, 57.450000000000486 ], [ 9.8444, 57.500000000000483 ], [ 9.8444, 57.55000000000048 ], [ 9.9278, 57.55000000000048 ], [ 9.9278, 57.600000000000477 ], [ 10.0112, 57.600000000000477 ], [ 10.0946, 57.600000000000477 ], [ 10.178, 57.600000000000477 ], [ 10.2614, 57.600000000000477 ], [ 10.2614, 57.650000000000475 ], [ 10.3448, 57.650000000000475 ], [ 10.4282, 57.650000000000475 ], [ 10.4282, 57.600000000000477 ], [ 10.4282, 57.55000000000048 ], [ 10.5116, 57.55000000000048 ], [ 10.5116, 57.500000000000483 ], [ 10.5116, 57.450000000000486 ], [ 10.5116, 57.400000000000489 ], [ 10.5116, 57.350000000000492 ], [ 10.5116, 57.300000000000495 ], [ 10.5116, 57.250000000000497 ], [ 10.5116, 57.2000000000005 ], [ 10.4282, 57.2000000000005 ], [ 10.4282, 57.150000000000503 ], [ 10.4282, 57.100000000000506 ], [ 10.4282, 57.050000000000509 ], [ 10.3448, 57.050000000000509 ], [ 10.3448, 57.000000000000512 ], [ 10.3448, 56.950000000000514 ], [ 10.2614, 56.950000000000514 ], [ 10.2614, 56.900000000000517 ], [ 10.2614, 56.85000000000052 ], [ 10.2614, 56.800000000000523 ], [ 10.2614, 56.750000000000526 ], [ 10.3448, 56.750000000000526 ], [ 10.3448, 56.700000000000529 ], [ 10.3448, 56.650000000000531 ], [ 10.3448, 56.600000000000534 ], [ 10.3448, 56.550000000000537 ], [ 10.4282, 56.550000000000537 ], [ 10.4282, 56.50000000000054 ], [ 10.5116, 56.50000000000054 ], [ 10.595, 56.50000000000054 ], [ 10.595, 56.550000000000537 ], [ 10.6784, 56.550000000000537 ], [ 10.7618, 56.550000000000537 ], [ 10.8452, 56.550000000000537 ], [ 10.8452, 56.50000000000054 ], [ 10.9286, 56.50000000000054 ], [ 10.9286, 56.450000000000543 ], [ 10.9286, 56.400000000000546 ], [ 10.9286, 56.350000000000549 ], [ 11.012, 56.350000000000549 ], [ 11.0954, 56.350000000000549 ], [ 11.1788, 56.350000000000549 ], [ 11.2622, 56.350000000000549 ], [ 11.3456, 56.350000000000549 ], [ 11.429, 56.350000000000549 ], [ 11.5124, 56.350000000000549 ], [ 11.5958, 56.350000000000549 ], [ 11.6792, 56.350000000000549 ], [ 11.7626, 56.350000000000549 ], [ 11.846, 56.350000000000549 ], [ 11.9294, 56.350000000000549 ], [ 12.0128, 56.350000000000549 ], [ 12.0962, 56.350000000000549 ], [ 12.1796, 56.350000000000549 ], [ 12.263, 56.350000000000549 ], [ 12.3464, 56.350000000000549 ], [ 12.4298, 56.350000000000549 ], [ 12.5132, 56.350000000000549 ], [ 12.5966, 56.350000000000549 ], [ 12.68, 56.350000000000549 ], [ 12.68, 56.400000000000546 ], [ 12.68, 56.450000000000543 ], [ 12.7634, 56.450000000000543 ], [ 12.8468, 56.450000000000543 ], [ 12.9302, 56.450000000000543 ], [ 12.9302, 56.50000000000054 ], [ 12.9302, 56.550000000000537 ], [ 12.9302, 56.600000000000534 ], [ 12.9302, 56.650000000000531 ], [ 12.8468, 56.650000000000531 ], [ 12.7634, 56.650000000000531 ], [ 12.68, 56.650000000000531 ], [ 12.68, 56.700000000000529 ], [ 12.68, 56.750000000000526 ], [ 12.5966, 56.750000000000526 ], [ 12.5966, 56.800000000000523 ], [ 12.5966, 56.85000000000052 ], [ 12.5132, 56.85000000000052 ], [ 12.5132, 56.900000000000517 ], [ 12.4298, 56.900000000000517 ], [ 12.3464, 56.900000000000517 ], [ 12.3464, 56.950000000000514 ], [ 12.3464, 57.000000000000512 ], [ 12.3464, 57.050000000000509 ], [ 12.263, 57.050000000000509 ], [ 12.263, 57.100000000000506 ], [ 12.263, 57.150000000000503 ], [ 12.1796, 57.150000000000503 ], [ 12.1796, 57.2000000000005 ], [ 12.1796, 57.250000000000497 ], [ 12.1796, 57.300000000000495 ], [ 12.1796, 57.350000000000492 ], [ 12.0962, 57.350000000000492 ], [ 12.0128, 57.350000000000492 ], [ 11.9294, 57.350000000000492 ], [ 11.9294, 57.400000000000489 ], [ 11.9294, 57.450000000000486 ], [ 11.9294, 57.500000000000483 ], [ 11.9294, 57.55000000000048 ], [ 11.9294, 57.600000000000477 ], [ 11.846, 57.600000000000477 ], [ 11.846, 57.55000000000048 ], [ 11.7626, 57.55000000000048 ], [ 11.7626, 57.600000000000477 ], [ 11.7626, 57.650000000000475 ], [ 11.846, 57.650000000000475 ], [ 11.846, 57.700000000000472 ], [ 11.7626, 57.700000000000472 ], [ 11.7626, 57.750000000000469 ], [ 11.846, 57.750000000000469 ], [ 11.846, 57.800000000000466 ], [ 11.7626, 57.800000000000466 ], [ 11.7626, 57.850000000000463 ], [ 11.6792, 57.850000000000463 ], [ 11.6792, 57.90000000000046 ], [ 11.6792, 57.950000000000458 ], [ 11.5958, 57.950000000000458 ], [ 11.5958, 58.000000000000455 ], [ 11.5124, 58.000000000000455 ], [ 11.5124, 58.050000000000452 ], [ 11.5958, 58.050000000000452 ], [ 11.6792, 58.050000000000452 ], [ 11.6792, 58.100000000000449 ], [ 11.5958, 58.100000000000449 ], [ 11.5124, 58.100000000000449 ], [ 11.429, 58.100000000000449 ], [ 11.429, 58.150000000000446 ], [ 11.5124, 58.150000000000446 ], [ 11.5124, 58.200000000000443 ], [ 11.429, 58.200000000000443 ], [ 11.429, 58.250000000000441 ], [ 11.5124, 58.250000000000441 ], [ 11.5124, 58.300000000000438 ], [ 11.429, 58.300000000000438 ], [ 11.429, 58.350000000000435 ], [ 11.429, 58.400000000000432 ], [ 11.3456, 58.400000000000432 ], [ 11.3456, 58.350000000000435 ], [ 11.2622, 58.350000000000435 ], [ 11.2622, 58.400000000000432 ], [ 11.2622, 58.450000000000429 ], [ 11.3456, 58.450000000000429 ], [ 11.3456, 58.500000000000426 ], [ 11.2622, 58.500000000000426 ], [ 11.2622, 58.550000000000423 ], [ 11.3456, 58.550000000000423 ], [ 11.3456, 58.600000000000421 ], [ 11.2622, 58.600000000000421 ], [ 11.2622, 58.650000000000418 ], [ 11.2622, 58.700000000000415 ], [ 11.2622, 58.750000000000412 ], [ 11.2622, 58.800000000000409 ], [ 11.2622, 58.850000000000406 ], [ 11.1788, 58.850000000000406 ], [ 11.1788, 58.900000000000404 ], [ 11.1788, 58.950000000000401 ], [ 11.1788, 59.000000000000398 ], [ 11.1788, 59.050000000000395 ], [ 11.2622, 59.050000000000395 ], [ 11.2622, 59.100000000000392 ], [ 11.2622, 59.150000000000389 ], [ 11.1788, 59.150000000000389 ], [ 11.0954, 59.150000000000389 ], [ 11.012, 59.150000000000389 ], [ 11.012, 59.200000000000387 ], [ 10.9286, 59.200000000000387 ], [ 10.8452, 59.200000000000387 ], [ 10.7618, 59.200000000000387 ], [ 10.7618, 59.250000000000384 ], [ 10.7618, 59.300000000000381 ], [ 10.7618, 59.350000000000378 ], [ 10.6784, 59.350000000000378 ], [ 10.6784, 59.400000000000375 ], [ 10.6784, 59.450000000000372 ], [ 10.6784, 59.500000000000369 ], [ 10.6784, 59.550000000000367 ], [ 10.6784, 59.600000000000364 ], [ 10.6784, 59.650000000000361 ], [ 10.6784, 59.700000000000358 ], [ 10.595, 59.700000000000358 ], [ 10.595, 59.650000000000361 ], [ 10.595, 59.600000000000364 ], [ 10.595, 59.550000000000367 ], [ 10.5116, 59.550000000000367 ], [ 10.4282, 59.550000000000367 ], [ 10.3448, 59.550000000000367 ], [ 10.2614, 59.550000000000367 ], [ 10.2614, 59.500000000000369 ], [ 10.3448, 59.500000000000369 ], [ 10.3448, 59.450000000000372 ], [ 10.4282, 59.450000000000372 ], [ 10.5116, 59.450000000000372 ], [ 10.5116, 59.400000000000375 ], [ 10.5116, 59.350000000000378 ], [ 10.5116, 59.300000000000381 ], [ 10.5116, 59.250000000000384 ], [ 10.5116, 59.200000000000387 ], [ 10.5116, 59.150000000000389 ], [ 10.5116, 59.100000000000392 ], [ 10.4282, 59.100000000000392 ], [ 10.4282, 59.150000000000389 ], [ 10.3448, 59.150000000000389 ], [ 10.2614, 59.150000000000389 ], [ 10.2614, 59.100000000000392 ], [ 10.2614, 59.050000000000395 ], [ 10.178, 59.050000000000395 ], [ 10.178, 59.000000000000398 ], [ 10.0946, 59.000000000000398 ], [ 10.0946, 59.050000000000395 ], [ 10.0112, 59.050000000000395 ], [ 10.0112, 59.000000000000398 ], [ 10.0112, 58.950000000000401 ], [ 9.9278, 58.950000000000401 ], [ 9.9278, 59.000000000000398 ], [ 9.8444, 59.000000000000398 ], [ 9.8444, 59.050000000000395 ], [ 9.761, 59.050000000000395 ], [ 9.761, 59.000000000000398 ], [ 9.6776, 59.000000000000398 ], [ 9.6776, 58.950000000000401 ], [ 9.5942, 58.950000000000401 ], [ 9.5942, 58.900000000000404 ], [ 9.5108, 58.900000000000404 ], [ 9.5108, 58.850000000000406 ], [ 9.4274, 58.850000000000406 ], [ 9.4274, 58.800000000000409 ], [ 9.344, 58.800000000000409 ], [ 9.344, 58.750000000000412 ], [ 9.2606, 58.750000000000412 ], [ 9.1772, 58.750000000000412 ], [ 9.0938, 58.750000000000412 ], [ 9.0938, 58.700000000000415 ], [ 9.1772, 58.700000000000415 ], [ 9.1772, 58.650000000000418 ], [ 9.0938, 58.650000000000418 ], [ 9.0938, 58.600000000000421 ], [ 9.0104, 58.600000000000421 ], [ 8.927, 58.600000000000421 ], [ 8.927, 58.550000000000423 ], [ 8.927, 58.500000000000426 ], [ 8.8436, 58.500000000000426 ], [ 8.8436, 58.450000000000429 ], [ 8.7602, 58.450000000000429 ], [ 8.7602, 58.400000000000432 ], [ 8.6768, 58.400000000000432 ], [ 8.6768, 58.350000000000435 ], [ 8.5934, 58.350000000000435 ], [ 8.5934, 58.300000000000438 ], [ 8.51, 58.300000000000438 ], [ 8.51, 58.250000000000441 ], [ 8.4266, 58.250000000000441 ], [ 8.3432, 58.250000000000441 ], [ 8.3432, 58.200000000000443 ], [ 8.2598, 58.200000000000443 ], [ 8.2598, 58.150000000000446 ], [ 8.1764, 58.150000000000446 ], [ 8.093, 58.150000000000446 ], [ 8.093, 58.200000000000443 ], [ 8.0096, 58.200000000000443 ], [ 8.0096, 58.150000000000446 ], [ 8.0096, 58.100000000000449 ], [ 7.9262, 58.100000000000449 ], [ 7.8428, 58.100000000000449 ], [ 7.7594, 58.100000000000449 ], [ 7.7594, 58.050000000000452 ], [ 7.676, 58.050000000000452 ], [ 7.5926, 58.050000000000452 ], [ 7.5926, 58.000000000000455 ], [ 7.5092, 58.000000000000455 ], [ 7.4258, 58.000000000000455 ], [ 7.3424, 58.000000000000455 ], [ 7.3424, 58.050000000000452 ], [ 7.259, 58.050000000000452 ], [ 7.1756, 58.050000000000452 ], [ 7.0922, 58.050000000000452 ], [ 7.0088, 58.050000000000452 ], [ 7.0088, 58.100000000000449 ], [ 6.9254, 58.100000000000449 ], [ 6.842, 58.100000000000449 ], [ 6.7586, 58.100000000000449 ], [ 6.7586, 58.050000000000452 ], [ 6.6752, 58.050000000000452 ], [ 6.6752, 58.100000000000449 ], [ 6.5918, 58.100000000000449 ], [ 6.5918, 58.150000000000446 ], [ 6.6752, 58.150000000000446 ], [ 6.6752, 58.200000000000443 ], [ 6.7586, 58.200000000000443 ], [ 6.7586, 58.250000000000441 ], [ 6.6752, 58.250000000000441 ], [ 6.5918, 58.250000000000441 ], [ 6.5084, 58.250000000000441 ], [ 6.5084, 58.300000000000438 ], [ 6.425, 58.300000000000438 ], [ 6.3416, 58.300000000000438 ], [ 6.3416, 58.350000000000435 ], [ 6.2582, 58.350000000000435 ], [ 6.1748, 58.350000000000435 ], [ 6.0914, 58.350000000000435 ], [ 6.0914, 58.400000000000432 ], [ 6.008, 58.400000000000432 ], [ 6.008, 58.450000000000429 ], [ 5.9246, 58.450000000000429 ], [ 5.8412, 58.450000000000429 ], [ 5.8412, 58.500000000000426 ], [ 5.7578, 58.500000000000426 ], [ 5.7578, 58.550000000000423 ], [ 5.6744, 58.550000000000423 ], [ 5.6744, 58.600000000000421 ], [ 5.591, 58.600000000000421 ], [ 5.591, 58.650000000000418 ], [ 5.591, 58.700000000000415 ], [ 5.5076, 58.700000000000415 ], [ 5.5076, 58.750000000000412 ], [ 5.5076, 58.800000000000409 ], [ 5.591, 58.800000000000409 ], [ 5.591, 58.850000000000406 ], [ 5.591, 58.900000000000404 ], [ 5.6744, 58.900000000000404 ], [ 5.6744, 58.950000000000401 ], [ 5.591, 58.950000000000401 ], [ 5.591, 59.000000000000398 ], [ 5.6744, 59.000000000000398 ], [ 5.7578, 59.000000000000398 ], [ 5.7578, 58.950000000000401 ], [ 5.7578, 58.900000000000404 ], [ 5.8412, 58.900000000000404 ], [ 5.8412, 58.950000000000401 ], [ 5.9246, 58.950000000000401 ], [ 5.9246, 58.900000000000404 ], [ 6.008, 58.900000000000404 ], [ 6.008, 58.950000000000401 ], [ 6.0914, 58.950000000000401 ], [ 6.0914, 58.900000000000404 ], [ 6.0914, 58.850000000000406 ], [ 6.1748, 58.850000000000406 ], [ 6.1748, 58.900000000000404 ], [ 6.1748, 58.950000000000401 ], [ 6.2582, 58.950000000000401 ], [ 6.2582, 59.000000000000398 ], [ 6.1748, 59.000000000000398 ], [ 6.0914, 59.000000000000398 ], [ 6.008, 59.000000000000398 ], [ 6.008, 59.050000000000395 ], [ 5.9246, 59.050000000000395 ], [ 5.9246, 59.100000000000392 ], [ 6.008, 59.100000000000392 ], [ 6.0914, 59.100000000000392 ], [ 6.0914, 59.150000000000389 ], [ 6.0914, 59.200000000000387 ], [ 6.1748, 59.200000000000387 ], [ 6.1748, 59.250000000000384 ], [ 6.2582, 59.250000000000384 ], [ 6.3416, 59.250000000000384 ], [ 6.3416, 59.300000000000381 ], [ 6.2582, 59.300000000000381 ], [ 6.2582, 59.350000000000378 ], [ 6.1748, 59.350000000000378 ], [ 6.0914, 59.350000000000378 ], [ 6.0914, 59.400000000000375 ], [ 6.008, 59.400000000000375 ], [ 5.9246, 59.400000000000375 ], [ 5.9246, 59.450000000000372 ], [ 6.008, 59.450000000000372 ], [ 6.0914, 59.450000000000372 ], [ 6.1748, 59.450000000000372 ], [ 6.1748, 59.400000000000375 ], [ 6.2582, 59.400000000000375 ], [ 6.2582, 59.450000000000372 ], [ 6.2582, 59.500000000000369 ], [ 6.3416, 59.500000000000369 ], [ 6.425, 59.500000000000369 ], [ 6.425, 59.550000000000367 ], [ 6.3416, 59.550000000000367 ], [ 6.3416, 59.600000000000364 ], [ 6.3416, 59.650000000000361 ], [ 6.2582, 59.650000000000361 ], [ 6.2582, 59.600000000000364 ], [ 6.2582, 59.550000000000367 ], [ 6.1748, 59.550000000000367 ], [ 6.1748, 59.500000000000369 ], [ 6.0914, 59.500000000000369 ], [ 6.008, 59.500000000000369 ], [ 5.9246, 59.500000000000369 ], [ 5.9246, 59.550000000000367 ], [ 5.8412, 59.550000000000367 ], [ 5.8412, 59.500000000000369 ], [ 5.8412, 59.450000000000372 ], [ 5.7578, 59.450000000000372 ], [ 5.7578, 59.400000000000375 ], [ 5.8412, 59.400000000000375 ], [ 5.8412, 59.350000000000378 ], [ 5.7578, 59.350000000000378 ], [ 5.7578, 59.300000000000381 ], [ 5.6744, 59.300000000000381 ], [ 5.6744, 59.350000000000378 ], [ 5.6744, 59.400000000000375 ], [ 5.591, 59.400000000000375 ], [ 5.591, 59.350000000000378 ], [ 5.591, 59.300000000000381 ], [ 5.5076, 59.300000000000381 ], [ 5.4242, 59.300000000000381 ], [ 5.4242, 59.350000000000378 ], [ 5.4242, 59.400000000000375 ], [ 5.3408, 59.400000000000375 ], [ 5.2574, 59.400000000000375 ], [ 5.2574, 59.450000000000372 ], [ 5.2574, 59.500000000000369 ], [ 5.2574, 59.550000000000367 ], [ 5.3408, 59.550000000000367 ], [ 5.3408, 59.600000000000364 ], [ 5.3408, 59.650000000000361 ], [ 5.4242, 59.650000000000361 ], [ 5.4242, 59.600000000000364 ], [ 5.5076, 59.600000000000364 ], [ 5.5076, 59.550000000000367 ], [ 5.4242, 59.550000000000367 ], [ 5.4242, 59.500000000000369 ], [ 5.5076, 59.500000000000369 ], [ 5.591, 59.500000000000369 ], [ 5.591, 59.550000000000367 ], [ 5.591, 59.600000000000364 ], [ 5.591, 59.650000000000361 ], [ 5.6744, 59.650000000000361 ], [ 5.7578, 59.650000000000361 ], [ 5.7578, 59.600000000000364 ], [ 5.8412, 59.600000000000364 ], [ 5.8412, 59.650000000000361 ], [ 5.8412, 59.700000000000358 ], [ 5.9246, 59.700000000000358 ], [ 5.9246, 59.750000000000355 ], [ 6.008, 59.750000000000355 ], [ 6.008, 59.800000000000352 ], [ 6.008, 59.85000000000035 ], [ 5.9246, 59.85000000000035 ], [ 5.9246, 59.800000000000352 ], [ 5.8412, 59.800000000000352 ], [ 5.8412, 59.85000000000035 ], [ 5.7578, 59.85000000000035 ], [ 5.7578, 59.900000000000347 ], [ 5.8412, 59.900000000000347 ], [ 5.8412, 59.950000000000344 ], [ 5.9246, 59.950000000000344 ], [ 6.008, 59.950000000000344 ], [ 6.008, 60.000000000000341 ], [ 6.008, 60.050000000000338 ], [ 6.0914, 60.050000000000338 ], [ 6.0914, 60.100000000000335 ], [ 6.1748, 60.100000000000335 ], [ 6.2582, 60.100000000000335 ], [ 6.3416, 60.100000000000335 ], [ 6.3416, 60.150000000000333 ], [ 6.2582, 60.150000000000333 ], [ 6.1748, 60.150000000000333 ], [ 6.0914, 60.150000000000333 ], [ 6.0914, 60.20000000000033 ], [ 6.1748, 60.20000000000033 ], [ 6.2582, 60.20000000000033 ], [ 6.2582, 60.250000000000327 ], [ 6.2582, 60.300000000000324 ], [ 6.3416, 60.300000000000324 ], [ 6.3416, 60.350000000000321 ], [ 6.425, 60.350000000000321 ], [ 6.5084, 60.350000000000321 ], [ 6.5084, 60.400000000000318 ], [ 6.5918, 60.400000000000318 ], [ 6.6752, 60.400000000000318 ], [ 6.6752, 60.350000000000321 ], [ 6.7586, 60.350000000000321 ], [ 6.7586, 60.400000000000318 ], [ 6.7586, 60.450000000000315 ], [ 6.6752, 60.450000000000315 ], [ 6.6752, 60.500000000000313 ], [ 6.5918, 60.500000000000313 ], [ 6.5918, 60.450000000000315 ], [ 6.5084, 60.450000000000315 ], [ 6.425, 60.450000000000315 ], [ 6.425, 60.400000000000318 ], [ 6.3416, 60.400000000000318 ], [ 6.2582, 60.400000000000318 ], [ 6.1748, 60.400000000000318 ], [ 6.1748, 60.350000000000321 ], [ 6.1748, 60.300000000000324 ], [ 6.1748, 60.250000000000327 ], [ 6.0914, 60.250000000000327 ], [ 6.008, 60.250000000000327 ], [ 6.008, 60.20000000000033 ], [ 5.9246, 60.20000000000033 ], [ 5.9246, 60.150000000000333 ], [ 5.9246, 60.100000000000335 ], [ 5.9246, 60.050000000000338 ], [ 5.8412, 60.050000000000338 ], [ 5.8412, 60.100000000000335 ], [ 5.7578, 60.100000000000335 ], [ 5.7578, 60.150000000000333 ], [ 5.7578, 60.20000000000033 ], [ 5.7578, 60.250000000000327 ], [ 5.6744, 60.250000000000327 ], [ 5.6744, 60.300000000000324 ], [ 5.6744, 60.350000000000321 ], [ 5.591, 60.350000000000321 ], [ 5.591, 60.300000000000324 ], [ 5.591, 60.250000000000327 ], [ 5.5076, 60.250000000000327 ], [ 5.5076, 60.20000000000033 ], [ 5.4242, 60.20000000000033 ], [ 5.3408, 60.20000000000033 ], [ 5.3408, 60.250000000000327 ], [ 5.2574, 60.250000000000327 ], [ 5.2574, 60.300000000000324 ], [ 5.3408, 60.300000000000324 ], [ 5.3408, 60.350000000000321 ], [ 5.2574, 60.350000000000321 ], [ 5.2574, 60.400000000000318 ], [ 5.174, 60.400000000000318 ], [ 5.0906, 60.400000000000318 ], [ 5.0906, 60.350000000000321 ], [ 5.0906, 60.300000000000324 ], [ 5.0906, 60.250000000000327 ], [ 5.0072, 60.250000000000327 ], [ 5.0072, 60.300000000000324 ], [ 5.0072, 60.350000000000321 ], [ 5.0072, 60.400000000000318 ], [ 4.9238, 60.400000000000318 ], [ 4.8404, 60.400000000000318 ], [ 4.757, 60.400000000000318 ], [ 4.6736, 60.400000000000318 ], [ 4.5902, 60.400000000000318 ], [ 4.5068, 60.400000000000318 ], [ 4.4234, 60.400000000000318 ], [ 4.34, 60.400000000000318 ], [ 4.2566, 60.400000000000318 ], [ 4.1732, 60.400000000000318 ], [ 4.0898, 60.400000000000318 ], [ 4.0064, 60.400000000000318 ], [ 3.923, 60.400000000000318 ], [ 3.8396, 60.400000000000318 ], [ 3.7562, 60.400000000000318 ], [ 3.6728, 60.400000000000318 ], [ 3.5894, 60.400000000000318 ], [ 3.506, 60.400000000000318 ], [ 3.4226, 60.400000000000318 ], [ 3.3392, 60.400000000000318 ], [ 3.2558, 60.400000000000318 ], [ 3.1724, 60.400000000000318 ], [ 3.089, 60.400000000000318 ], [ 3.0056, 60.400000000000318 ], [ 2.9222, 60.400000000000318 ], [ 2.8388, 60.400000000000318 ], [ 2.7554, 60.400000000000318 ], [ 2.672, 60.400000000000318 ], [ 2.5886, 60.400000000000318 ], [ 2.5052, 60.400000000000318 ], [ 2.4218, 60.400000000000318 ], [ 2.3384, 60.400000000000318 ], [ 2.255, 60.400000000000318 ], [ 2.1716, 60.400000000000318 ], [ 2.0882, 60.400000000000318 ], [ 2.0048, 60.400000000000318 ], [ 1.9214, 60.400000000000318 ], [ 1.838, 60.400000000000318 ], [ 1.7546, 60.400000000000318 ], [ 1.6712, 60.400000000000318 ], [ 1.5878, 60.400000000000318 ], [ 1.5044, 60.400000000000318 ], [ 1.421, 60.400000000000318 ], [ 1.3376, 60.400000000000318 ], [ 1.2542, 60.400000000000318 ], [ 1.1708, 60.400000000000318 ], [ 1.0874, 60.400000000000318 ], [ 1.004, 60.400000000000318 ], [ 0.9206, 60.400000000000318 ], [ 0.8372, 60.400000000000318 ], [ 0.7538, 60.400000000000318 ], [ 0.6704, 60.400000000000318 ], [ 0.587, 60.400000000000318 ], [ 0.5036, 60.400000000000318 ], [ 0.4202, 60.400000000000318 ], [ 0.3368, 60.400000000000318 ], [ 0.2534, 60.400000000000318 ], [ 0.17, 60.400000000000318 ], [ 0.0866, 60.400000000000318 ], [ 0.0032, 60.400000000000318 ], [ -0.0802, 60.400000000000318 ], [ -0.1636, 60.400000000000318 ], [ -0.247, 60.400000000000318 ], [ -0.3304, 60.400000000000318 ], [ -0.4138, 60.400000000000318 ], [ -0.4972, 60.400000000000318 ], [ -0.5806, 60.400000000000318 ], [ -0.664, 60.400000000000318 ], [ -0.7474, 60.400000000000318 ], [ -0.8308, 60.400000000000318 ], [ -0.9142, 60.400000000000318 ], [ -0.9976, 60.400000000000318 ], [ -1.081, 60.400000000000318 ], [ -1.1644, 60.400000000000318 ], [ -1.1644, 60.350000000000321 ], [ -1.1644, 60.300000000000324 ], [ -1.1644, 60.250000000000327 ], [ -1.1644, 60.20000000000033 ], [ -1.1644, 60.150000000000333 ], [ -1.081, 60.150000000000333 ], [ -1.081, 60.100000000000335 ], [ -1.1644, 60.100000000000335 ], [ -1.1644, 60.050000000000338 ], [ -1.2478, 60.050000000000338 ], [ -1.2478, 60.100000000000335 ], [ -1.2478, 60.150000000000333 ], [ -1.2478, 60.20000000000033 ], [ -1.3312, 60.20000000000033 ], [ -1.3312, 60.250000000000327 ], [ -1.4146, 60.250000000000327 ], [ -1.4146, 60.20000000000033 ], [ -1.4146, 60.150000000000333 ], [ -1.498, 60.150000000000333 ], [ -1.498, 60.20000000000033 ], [ -1.5814, 60.20000000000033 ], [ -1.5814, 60.250000000000327 ], [ -1.6648, 60.250000000000327 ], [ -1.6648, 60.300000000000324 ], [ -1.6648, 60.350000000000321 ], [ -1.6648, 60.400000000000318 ], [ -1.7482, 60.400000000000318 ], [ -1.8316, 60.400000000000318 ], [ -1.915, 60.400000000000318 ], [ -1.9984, 60.400000000000318 ], [ -2.0818, 60.400000000000318 ], [ -2.1652, 60.400000000000318 ], [ -2.2486, 60.400000000000318 ], [ -2.332, 60.400000000000318 ], [ -2.4154, 60.400000000000318 ], [ -2.4988, 60.400000000000318 ], [ -2.5822, 60.400000000000318 ], [ -2.6656, 60.400000000000318 ], [ -2.749, 60.400000000000318 ], [ -2.8324, 60.400000000000318 ], [ -2.9158, 60.400000000000318 ], [ -2.9992, 60.400000000000318 ], [ -3.0826, 60.400000000000318 ], [ -3.166, 60.400000000000318 ], [ -3.2494, 60.400000000000318 ], [ -3.3328, 60.400000000000318 ], [ -3.4162, 60.400000000000318 ], [ -3.4996, 60.400000000000318 ], [ -3.4996, 60.350000000000321 ], [ -3.4996, 60.300000000000324 ], [ -3.4996, 60.250000000000327 ], [ -3.4996, 60.20000000000033 ], [ -3.4996, 60.150000000000333 ], [ -3.4996, 60.100000000000335 ], [ -3.4996, 60.050000000000338 ], [ -3.4996, 60.000000000000341 ] ], [ [ -2.9158, 59.050000000000395 ], [ -2.8324, 59.050000000000395 ], [ -2.8324, 59.000000000000398 ], [ -2.9158, 59.000000000000398 ], [ -2.9158, 59.050000000000395 ] ], [ [ -2.8324, 58.950000000000401 ], [ -2.749, 58.950000000000401 ], [ -2.749, 58.900000000000404 ], [ -2.8324, 58.900000000000404 ], [ -2.9158, 58.900000000000404 ], [ -2.9158, 58.950000000000401 ], [ -2.8324, 58.950000000000401 ] ], [ [ 0.17, 53.650000000000702 ], [ 0.17, 53.600000000000705 ], [ 0.0866, 53.600000000000705 ], [ 0.0866, 53.650000000000702 ], [ 0.17, 53.650000000000702 ] ], [ [ 10.4282, 57.700000000000472 ], [ 10.5116, 57.700000000000472 ], [ 10.5116, 57.650000000000475 ], [ 10.4282, 57.650000000000475 ], [ 10.4282, 57.700000000000472 ] ], [ [ 10.5116, 57.750000000000469 ], [ 10.595, 57.750000000000469 ], [ 10.595, 57.700000000000472 ], [ 10.5116, 57.700000000000472 ], [ 10.5116, 57.750000000000469 ] ], [ [ 11.0954, 59.050000000000395 ], [ 11.0954, 59.100000000000392 ], [ 11.1788, 59.100000000000392 ], [ 11.1788, 59.050000000000395 ], [ 11.0954, 59.050000000000395 ] ], [ [ 5.4242, 59.700000000000358 ], [ 5.5076, 59.700000000000358 ], [ 5.5076, 59.650000000000361 ], [ 5.4242, 59.650000000000361 ], [ 5.4242, 59.700000000000358 ] ], [ [ 5.8412, 60.000000000000341 ], [ 5.7578, 60.000000000000341 ], [ 5.7578, 60.050000000000338 ], [ 5.8412, 60.050000000000338 ], [ 5.8412, 60.000000000000341 ] ], [ [ 5.174, 60.250000000000327 ], [ 5.174, 60.20000000000033 ], [ 5.0906, 60.20000000000033 ], [ 5.0906, 60.250000000000327 ], [ 5.174, 60.250000000000327 ] ], [ [ -1.2478, 60.000000000000341 ], [ -1.2478, 59.950000000000344 ], [ -1.2478, 59.900000000000347 ], [ -1.3312, 59.900000000000347 ], [ -1.3312, 59.950000000000344 ], [ -1.3312, 60.000000000000341 ], [ -1.3312, 60.050000000000338 ], [ -1.2478, 60.050000000000338 ], [ -1.2478, 60.000000000000341 ] ], [ [ 5.4242, 53.400000000000716 ], [ 5.3408, 53.400000000000716 ], [ 5.3408, 53.450000000000713 ], [ 5.4242, 53.450000000000713 ], [ 5.5076, 53.450000000000713 ], [ 5.5076, 53.400000000000716 ], [ 5.4242, 53.400000000000716 ] ], [ [ 5.3408, 53.350000000000719 ], [ 5.2574, 53.350000000000719 ], [ 5.174, 53.350000000000719 ], [ 5.174, 53.400000000000716 ], [ 5.2574, 53.400000000000716 ], [ 5.3408, 53.400000000000716 ], [ 5.3408, 53.350000000000719 ] ], [ [ -2.6656, 59.150000000000389 ], [ -2.5822, 59.150000000000389 ], [ -2.5822, 59.100000000000392 ], [ -2.6656, 59.100000000000392 ], [ -2.6656, 59.150000000000389 ] ], [ [ -2.6656, 59.250000000000384 ], [ -2.5822, 59.250000000000384 ], [ -2.5822, 59.200000000000387 ], [ -2.6656, 59.200000000000387 ], [ -2.6656, 59.250000000000384 ] ], [ [ -2.5822, 59.300000000000381 ], [ -2.4988, 59.300000000000381 ], [ -2.4988, 59.250000000000384 ], [ -2.5822, 59.250000000000384 ], [ -2.5822, 59.300000000000381 ] ], [ [ -2.9992, 59.250000000000384 ], [ -2.9992, 59.300000000000381 ], [ -2.9158, 59.300000000000381 ], [ -2.9158, 59.250000000000384 ], [ -2.9992, 59.250000000000384 ] ], [ [ -2.8324, 59.200000000000387 ], [ -2.8324, 59.250000000000384 ], [ -2.749, 59.250000000000384 ], [ -2.749, 59.200000000000387 ], [ -2.8324, 59.200000000000387 ] ], [ [ -2.8324, 59.150000000000389 ], [ -2.9158, 59.150000000000389 ], [ -2.9158, 59.200000000000387 ], [ -2.8324, 59.200000000000387 ], [ -2.8324, 59.150000000000389 ] ], [ [ -3.0826, 59.200000000000387 ], [ -2.9992, 59.200000000000387 ], [ -2.9992, 59.150000000000389 ], [ -3.0826, 59.150000000000389 ], [ -3.0826, 59.200000000000387 ] ], [ [ -2.9158, 58.800000000000409 ], [ -2.9158, 58.750000000000412 ], [ -2.9992, 58.750000000000412 ], [ -2.9992, 58.800000000000409 ], [ -2.9158, 58.800000000000409 ] ], [ [ -2.1652, 49.250000000000952 ], [ -2.0818, 49.250000000000952 ], [ -2.0818, 49.200000000000955 ], [ -1.9984, 49.200000000000955 ], [ -1.9984, 49.150000000000958 ], [ -2.0818, 49.150000000000958 ], [ -2.1652, 49.150000000000958 ], [ -2.2486, 49.150000000000958 ], [ -2.2486, 49.200000000000955 ], [ -2.2486, 49.250000000000952 ], [ -2.1652, 49.250000000000952 ] ], [ [ -2.4988, 49.450000000000941 ], [ -2.5822, 49.450000000000941 ], [ -2.5822, 49.500000000000938 ], [ -2.4988, 49.500000000000938 ], [ -2.4988, 49.450000000000941 ] ], [ [ -2.4154, 49.400000000000944 ], [ -2.4154, 49.450000000000941 ], [ -2.332, 49.450000000000941 ], [ -2.332, 49.400000000000944 ], [ -2.4154, 49.400000000000944 ] ], [ [ -1.3312, 50.750000000000867 ], [ -1.2478, 50.750000000000867 ], [ -1.1644, 50.750000000000867 ], [ -1.081, 50.750000000000867 ], [ -1.081, 50.70000000000087 ], [ -1.1644, 50.70000000000087 ], [ -1.1644, 50.650000000000873 ], [ -1.1644, 50.600000000000875 ], [ -1.2478, 50.600000000000875 ], [ -1.3312, 50.600000000000875 ], [ -1.3312, 50.650000000000873 ], [ -1.4146, 50.650000000000873 ], [ -1.498, 50.650000000000873 ], [ -1.498, 50.70000000000087 ], [ -1.4146, 50.70000000000087 ], [ -1.4146, 50.750000000000867 ], [ -1.3312, 50.750000000000867 ] ], [ [ 5.2574, 59.350000000000378 ], [ 5.3408, 59.350000000000378 ], [ 5.3408, 59.300000000000381 ], [ 5.3408, 59.250000000000384 ], [ 5.3408, 59.200000000000387 ], [ 5.3408, 59.150000000000389 ], [ 5.2574, 59.150000000000389 ], [ 5.174, 59.150000000000389 ], [ 5.174, 59.200000000000387 ], [ 5.174, 59.250000000000384 ], [ 5.2574, 59.250000000000384 ], [ 5.2574, 59.300000000000381 ], [ 5.2574, 59.350000000000378 ] ], [ [ 5.3408, 59.800000000000352 ], [ 5.3408, 59.750000000000355 ], [ 5.2574, 59.750000000000355 ], [ 5.2574, 59.700000000000358 ], [ 5.2574, 59.650000000000361 ], [ 5.174, 59.650000000000361 ], [ 5.174, 59.700000000000358 ], [ 5.174, 59.750000000000355 ], [ 5.174, 59.800000000000352 ], [ 5.2574, 59.800000000000352 ], [ 5.3408, 59.800000000000352 ] ], [ [ 5.3408, 59.85000000000035 ], [ 5.3408, 59.900000000000347 ], [ 5.3408, 59.950000000000344 ], [ 5.4242, 59.950000000000344 ], [ 5.4242, 59.900000000000347 ], [ 5.5076, 59.900000000000347 ], [ 5.5076, 59.85000000000035 ], [ 5.5076, 59.800000000000352 ], [ 5.5076, 59.750000000000355 ], [ 5.4242, 59.750000000000355 ], [ 5.4242, 59.800000000000352 ], [ 5.3408, 59.800000000000352 ], [ 5.3408, 59.85000000000035 ] ], [ [ 5.0906, 59.900000000000347 ], [ 5.174, 59.900000000000347 ], [ 5.174, 59.85000000000035 ], [ 5.0906, 59.85000000000035 ], [ 5.0906, 59.900000000000347 ] ], [ [ 5.2574, 60.050000000000338 ], [ 5.2574, 60.000000000000341 ], [ 5.2574, 59.950000000000344 ], [ 5.174, 59.950000000000344 ], [ 5.174, 60.000000000000341 ], [ 5.174, 60.050000000000338 ], [ 5.174, 60.100000000000335 ], [ 5.2574, 60.100000000000335 ], [ 5.2574, 60.050000000000338 ] ], [ [ 5.0906, 53.300000000000722 ], [ 5.0906, 53.250000000000725 ], [ 5.0072, 53.250000000000725 ], [ 5.0072, 53.300000000000722 ], [ 5.0906, 53.300000000000722 ] ], [ [ 5.0072, 53.200000000000728 ], [ 4.9238, 53.200000000000728 ], [ 4.9238, 53.250000000000725 ], [ 5.0072, 53.250000000000725 ], [ 5.0072, 53.200000000000728 ] ], [ [ 5.3408, 60.050000000000338 ], [ 5.4242, 60.050000000000338 ], [ 5.4242, 60.000000000000341 ], [ 5.3408, 60.000000000000341 ], [ 5.3408, 60.050000000000338 ] ], [ [ 5.591, 59.950000000000344 ], [ 5.5076, 59.950000000000344 ], [ 5.5076, 60.000000000000341 ], [ 5.5076, 60.050000000000338 ], [ 5.591, 60.050000000000338 ], [ 5.6744, 60.050000000000338 ], [ 5.6744, 60.000000000000341 ], [ 5.6744, 59.950000000000344 ], [ 5.591, 59.950000000000344 ] ], [ [ 5.5076, 59.000000000000398 ], [ 5.5076, 58.950000000000401 ], [ 5.4242, 58.950000000000401 ], [ 5.4242, 59.000000000000398 ], [ 5.5076, 59.000000000000398 ] ], [ [ 5.5076, 59.100000000000392 ], [ 5.5076, 59.050000000000395 ], [ 5.4242, 59.050000000000395 ], [ 5.4242, 59.100000000000392 ], [ 5.5076, 59.100000000000392 ] ], [ [ 5.6744, 60.150000000000333 ], [ 5.591, 60.150000000000333 ], [ 5.591, 60.20000000000033 ], [ 5.6744, 60.20000000000033 ], [ 5.6744, 60.150000000000333 ] ], [ [ 5.6744, 59.100000000000392 ], [ 5.7578, 59.100000000000392 ], [ 5.7578, 59.050000000000395 ], [ 5.6744, 59.050000000000395 ], [ 5.6744, 59.100000000000392 ] ], [ [ 6.008, 53.450000000000713 ], [ 5.9246, 53.450000000000713 ], [ 5.8412, 53.450000000000713 ], [ 5.7578, 53.450000000000713 ], [ 5.7578, 53.500000000000711 ], [ 5.8412, 53.500000000000711 ], [ 5.9246, 53.500000000000711 ], [ 6.008, 53.500000000000711 ], [ 6.008, 53.450000000000713 ] ], [ [ 5.7578, 53.400000000000716 ], [ 5.6744, 53.400000000000716 ], [ 5.591, 53.400000000000716 ], [ 5.591, 53.450000000000713 ], [ 5.6744, 53.450000000000713 ], [ 5.7578, 53.450000000000713 ], [ 5.7578, 53.400000000000716 ] ], [ [ 11.0954, 58.950000000000401 ], [ 11.012, 58.950000000000401 ], [ 11.012, 59.000000000000398 ], [ 11.0954, 59.000000000000398 ], [ 11.0954, 58.950000000000401 ] ], [ [ 11.0954, 58.900000000000404 ], [ 11.0954, 58.850000000000406 ], [ 11.012, 58.850000000000406 ], [ 11.012, 58.900000000000404 ], [ 11.0954, 58.900000000000404 ] ], [ [ 11.0954, 57.250000000000497 ], [ 11.012, 57.250000000000497 ], [ 10.9286, 57.250000000000497 ], [ 10.9286, 57.300000000000495 ], [ 11.012, 57.300000000000495 ], [ 11.0954, 57.300000000000495 ], [ 11.0954, 57.250000000000497 ] ], [ [ 11.5958, 56.700000000000529 ], [ 11.5124, 56.700000000000529 ], [ 11.5124, 56.750000000000526 ], [ 11.5958, 56.750000000000526 ], [ 11.6792, 56.750000000000526 ], [ 11.6792, 56.700000000000529 ], [ 11.5958, 56.700000000000529 ] ], [ [ 6.008, 59.250000000000384 ], [ 6.008, 59.300000000000381 ], [ 6.0914, 59.300000000000381 ], [ 6.0914, 59.250000000000384 ], [ 6.008, 59.250000000000384 ] ] ] } },
{ "type": "Feature", "properties": { "grid": "coarse" }, "geometry": { "type": "Polygon", "coordinates": [ [ [ 5.4242, 52.500000000000767 ], [ 5.4242, 52.550000000000765 ], [ 5.5076, 52.550000000000765 ], [ 5.591, 52.550000000000765 ], [ 5.591, 52.600000000000762 ], [ 5.6744, 52.600000000000762 ], [ 5.6744, 52.650000000000759 ], [ 5.591, 52.650000000000759 ], [ 5.591, 52.700000000000756 ], [ 5.591, 52.750000000000753 ], [ 5.591, 52.80000000000075 ], [ 5.6744, 52.80000000000075 ], [ 5.6744, 52.850000000000747 ], [ 5.591, 52.850000000000747 ], [ 5.5076, 52.850000000000747 ], [ 5.4242, 52.850000000000747 ], [ 5.4242, 52.900000000000745 ], [ 5.4242, 52.950000000000742 ], [ 5.4242, 53.000000000000739 ], [ 5.3408, 53.000000000000739 ], [ 5.3408, 52.950000000000742 ], [ 5.2574, 52.950000000000742 ], [ 5.2574, 52.900000000000745 ], [ 5.174, 52.900000000000745 ], [ 5.174, 52.850000000000747 ], [ 5.0906, 52.850000000000747 ], [ 5.0906, 52.80000000000075 ], [ 5.0906, 52.750000000000753 ], [ 5.174, 52.750000000000753 ], [ 5.2574, 52.750000000000753 ], [ 5.2574, 52.700000000000756 ], [ 5.3408, 52.700000000000756 ], [ 5.3408, 52.650000000000759 ], [ 5.2574, 52.650000000000759 ], [ 5.2574, 52.600000000000762 ], [ 5.174, 52.600000000000762 ], [ 5.0906, 52.600000000000762 ], [ 5.0906, 52.550000000000765 ], [ 5.0906, 52.500000000000767 ], [ 5.174, 52.500000000000767 ], [ 5.174, 52.45000000000077 ], [ 5.2574, 52.45000000000077 ], [ 5.2574, 52.500000000000767 ], [ 5.3408, 52.500000000000767 ], [ 5.4242, 52.500000000000767 ] ] ] } },
{ "type": "Feature", "properties": { "grid": "coarse" }, "geometry": { "type": "Polygon", "coordinates": [ [ [ 7.1756, 53.300000000000722 ], [ 7.0922, 53.300000000000722 ], [ 7.0922, 53.250000000000725 ], [ 7.1756, 53.250000000000725 ], [ 7.259, 53.250000000000725 ], [ 7.259, 53.300000000000722 ], [ 7.1756, 53.300000000000722 ] ] ] } },
{ "type": "Feature", "properties": { "grid": "coarse" }, "geometry": { "type": "Polygon", "coordinates": [ [ [ 11.7626, 57.950000000000458 ], [ 11.7626, 58.000000000000455 ], [ 11.6792, 58.000000000000455 ], [ 11.6792, 57.950000000000458 ], [ 11.7626, 57.950000000000458 ] ] ] } },
{ "type": "Feature", "properties": { "grid": "coarse" }, "geometry": { "type": "Polygon", "coordinates": [ [ [ 14.765, 55.80000000000058 ], [ 14.765, 55.750000000000583 ], [ 14.765, 55.700000000000585 ], [ 14.765, 55.650000000000588 ], [ 14.765, 55.600000000000591 ], [ 14.765, 55.550000000000594 ], [ 14.765, 55.500000000000597 ], [ 14.765, 55.4500000000006 ], [ 14.765, 55.400000000000603 ], [ 14.765, 55.350000000000605 ], [ 14.765, 55.300000000000608 ], [ 14.8484, 55.300000000000608 ], [ 14.8484, 55.250000000000611 ], [ 14.9318, 55.250000000000611 ], [ 14.9318, 55.200000000000614 ], [ 15.0152, 55.200000000000614 ], [ 15.0152, 55.150000000000617 ], [ 15.0986, 55.150000000000617 ], [ 15.182, 55.150000000000617 ], [ 15.182, 55.10000000000062 ], [ 15.182, 55.050000000000622 ], [ 15.0986, 55.050000000000622 ], [ 15.0986, 55.000000000000625 ], [ 15.0152, 55.000000000000625 ], [ 14.9318, 55.000000000000625 ], [ 14.9318, 55.050000000000622 ], [ 14.8484, 55.050000000000622 ], [ 14.765, 55.050000000000622 ], [ 14.765, 55.000000000000625 ], [ 14.765, 54.950000000000628 ], [ 14.765, 54.900000000000631 ], [ 14.765, 54.850000000000634 ], [ 14.765, 54.800000000000637 ], [ 14.765, 54.750000000000639 ], [ 14.765, 54.700000000000642 ], [ 14.765, 54.650000000000645 ], [ 14.765, 54.600000000000648 ], [ 14.765, 54.550000000000651 ], [ 14.765, 54.500000000000654 ], [ 14.765, 54.450000000000657 ], [ 14.765, 54.400000000000659 ], [ 14.765, 54.350000000000662 ], [ 14.765, 54.300000000000665 ], [ 14.765, 54.250000000000668 ], [ 14.765, 54.200000000000671 ], [ 14.765, 54.150000000000674 ], [ 14.765, 54.100000000000676 ], [ 14.765, 54.050000000000679 ], [ 14.8484, 54.050000000000679 ], [ 14.9318, 54.050000000000679 ], [ 15.0152, 54.050000000000679 ], [ 15.0152, 54.100000000000676 ], [ 15.0986, 54.100000000000676 ], [ 15.182, 54.100000000000676 ], [ 15.2654, 54.100000000000676 ], [ 15.2654, 54.150000000000674 ], [ 15.3488, 54.150000000000674 ], [ 15.4322, 54.150000000000674 ], [ 15.5156, 54.150000000000674 ], [ 15.599, 54.150000000000674 ], [ 15.599, 54.200000000000671 ], [ 15.6824, 54.200000000000671 ], [ 15.7658, 54.200000000000671 ], [ 15.8492, 54.200000000000671 ], [ 15.8492, 54.250000000000668 ], [ 15.9326, 54.250000000000668 ], [ 16.016, 54.250000000000668 ], [ 16.0994, 54.250000000000668 ], [ 16.0994, 54.300000000000665 ], [ 16.1828, 54.300000000000665 ], [ 16.2662, 54.300000000000665 ], [ 16.2662, 54.350000000000662 ], [ 16.3496, 54.350000000000662 ], [ 16.3496, 54.400000000000659 ], [ 16.3496, 54.450000000000657 ], [ 16.433, 54.450000000000657 ], [ 16.433, 54.500000000000654 ], [ 16.5164, 54.500000000000654 ], [ 16.5164, 54.550000000000651 ], [ 16.5998, 54.550000000000651 ], [ 16.6832, 54.550000000000651 ], [ 16.7666, 54.550000000000651 ], [ 16.85, 54.550000000000651 ], [ 16.85, 54.600000000000648 ], [ 16.9334, 54.600000000000648 ], [ 17.0168, 54.600000000000648 ], [ 17.0168, 54.650000000000645 ], [ 17.1002, 54.650000000000645 ], [ 17.1002, 54.700000000000642 ], [ 17.1836, 54.700000000000642 ], [ 17.267, 54.700000000000642 ], [ 17.267, 54.750000000000639 ], [ 17.3504, 54.750000000000639 ], [ 17.4338, 54.750000000000639 ], [ 17.5172, 54.750000000000639 ], [ 17.6006, 54.750000000000639 ], [ 17.684, 54.750000000000639 ], [ 17.684, 54.800000000000637 ], [ 17.7674, 54.800000000000637 ], [ 17.8508, 54.800000000000637 ], [ 17.9342, 54.800000000000637 ], [ 17.9342, 54.850000000000634 ], [ 18.0176, 54.850000000000634 ], [ 18.101, 54.850000000000634 ], [ 18.1844, 54.850000000000634 ], [ 18.2678, 54.850000000000634 ], [ 18.3512, 54.850000000000634 ], [ 18.4346, 54.850000000000634 ], [ 18.4346, 54.800000000000637 ], [ 18.518, 54.800000000000637 ], [ 18.6014, 54.800000000000637 ], [ 18.6014, 54.750000000000639 ], [ 18.518, 54.750000000000639 ], [ 18.4346, 54.750000000000639 ], [ 18.4346, 54.700000000000642 ], [ 18.518, 54.700000000000642 ], [ 18.518, 54.650000000000645 ], [ 18.518, 54.600000000000648 ], [ 18.6014, 54.600000000000648 ], [ 18.6014, 54.550000000000651 ], [ 18.6014, 54.500000000000654 ], [ 18.6014, 54.450000000000657 ], [ 18.6014, 54.400000000000659 ], [ 18.6848, 54.400000000000659 ], [ 18.7682, 54.400000000000659 ], [ 18.7682, 54.350000000000662 ], [ 18.8516, 54.350000000000662 ], [ 18.935, 54.350000000000662 ], [ 19.0184, 54.350000000000662 ], [ 19.1018, 54.350000000000662 ], [ 19.1852, 54.350000000000662 ], [ 19.2686, 54.350000000000662 ], [ 19.2686, 54.300000000000665 ], [ 19.2686, 54.250000000000668 ], [ 19.352, 54.250000000000668 ], [ 19.4354, 54.250000000000668 ], [ 19.4354, 54.300000000000665 ], [ 19.5188, 54.300000000000665 ], [ 19.5188, 54.350000000000662 ], [ 19.6022, 54.350000000000662 ], [ 19.6856, 54.350000000000662 ], [ 19.6856, 54.400000000000659 ], [ 19.769, 54.400000000000659 ], [ 19.769, 54.450000000000657 ], [ 19.8524, 54.450000000000657 ], [ 19.8524, 54.500000000000654 ], [ 19.9358, 54.500000000000654 ], [ 20.0192, 54.500000000000654 ], [ 20.0192, 54.550000000000651 ], [ 20.1026, 54.550000000000651 ], [ 20.186, 54.550000000000651 ], [ 20.186, 54.600000000000648 ], [ 20.2694, 54.600000000000648 ], [ 20.2694, 54.650000000000645 ], [ 20.3528, 54.650000000000645 ], [ 20.4362, 54.650000000000645 ], [ 20.4362, 54.700000000000642 ], [ 20.3528, 54.700000000000642 ], [ 20.2694, 54.700000000000642 ], [ 20.186, 54.700000000000642 ], [ 20.186, 54.650000000000645 ], [ 20.1026, 54.650000000000645 ], [ 20.1026, 54.700000000000642 ], [ 20.0192, 54.700000000000642 ], [ 19.9358, 54.700000000000642 ], [ 19.9358, 54.750000000000639 ], [ 19.9358, 54.800000000000637 ], [ 19.9358, 54.850000000000634 ], [ 19.9358, 54.900000000000631 ], [ 19.9358, 54.950000000000628 ], [ 20.0192, 54.950000000000628 ], [ 20.1026, 54.950000000000628 ], [ 20.186, 54.950000000000628 ], [ 20.2694, 54.950000000000628 ], [ 20.3528, 54.950000000000628 ], [ 20.4362, 54.950000000000628 ], [ 20.5196, 54.950000000000628 ], [ 20.5196, 55.000000000000625 ], [ 20.603, 55.000000000000625 ], [ 20.603, 54.950000000000628 ], [ 20.6864, 54.950000000000628 ], [ 20.7698, 54.950000000000628 ], [ 20.8532, 54.950000000000628 ], [ 20.8532, 54.900000000000631 ], [ 20.9366, 54.900000000000631 ], [ 21.02, 54.900000000000631 ], [ 21.1034, 54.900000000000631 ], [ 21.1868, 54.900000000000631 ], [ 21.1868, 54.950000000000628 ], [ 21.2702, 54.950000000000628 ], [ 21.2702, 55.000000000000625 ], [ 21.2702, 55.050000000000622 ], [ 21.2702, 55.10000000000062 ], [ 21.2702, 55.150000000000617 ], [ 21.1868, 55.150000000000617 ], [ 21.1868, 55.200000000000614 ], [ 21.2702, 55.200000000000614 ], [ 21.3536, 55.200000000000614 ], [ 21.3536, 55.250000000000611 ], [ 21.3536, 55.300000000000608 ], [ 21.3536, 55.350000000000605 ], [ 21.2702, 55.350000000000605 ], [ 21.2702, 55.400000000000603 ], [ 21.2702, 55.4500000000006 ], [ 21.2702, 55.500000000000597 ], [ 21.2702, 55.550000000000594 ], [ 21.2702, 55.600000000000591 ], [ 21.1868, 55.600000000000591 ], [ 21.1034, 55.600000000000591 ], [ 21.1034, 55.650000000000588 ], [ 21.1034, 55.700000000000585 ], [ 21.1034, 55.750000000000583 ], [ 21.1034, 55.80000000000058 ], [ 21.1034, 55.850000000000577 ], [ 21.1034, 55.900000000000574 ], [ 21.1034, 55.950000000000571 ], [ 21.1034, 56.000000000000568 ], [ 21.1034, 56.050000000000566 ], [ 21.1034, 56.100000000000563 ], [ 21.1034, 56.15000000000056 ], [ 21.02, 56.15000000000056 ], [ 21.02, 56.200000000000557 ], [ 21.02, 56.250000000000554 ], [ 21.02, 56.300000000000551 ], [ 21.02, 56.350000000000549 ], [ 21.02, 56.400000000000546 ], [ 21.02, 56.450000000000543 ], [ 21.02, 56.50000000000054 ], [ 21.02, 56.550000000000537 ], [ 21.02, 56.600000000000534 ], [ 21.1034, 56.600000000000534 ], [ 21.1034, 56.650000000000531 ], [ 21.1034, 56.700000000000529 ], [ 21.1034, 56.750000000000526 ], [ 21.1034, 56.800000000000523 ], [ 21.1034, 56.85000000000052 ], [ 21.1868, 56.85000000000052 ], [ 21.1868, 56.900000000000517 ], [ 21.2702, 56.900000000000517 ], [ 21.2702, 56.950000000000514 ], [ 21.3536, 56.950000000000514 ], [ 21.3536, 57.000000000000512 ], [ 21.437, 57.000000000000512 ], [ 21.437, 57.050000000000509 ], [ 21.437, 57.100000000000506 ], [ 21.437, 57.150000000000503 ], [ 21.437, 57.2000000000005 ], [ 21.437, 57.250000000000497 ], [ 21.437, 57.300000000000495 ], [ 21.5204, 57.300000000000495 ], [ 21.5204, 57.350000000000492 ], [ 21.5204, 57.400000000000489 ], [ 21.6038, 57.400000000000489 ], [ 21.6038, 57.450000000000486 ], [ 21.6872, 57.450000000000486 ], [ 21.6872, 57.500000000000483 ], [ 21.6872, 57.55000000000048 ], [ 21.7706, 57.55000000000048 ], [ 21.7706, 57.600000000000477 ], [ 21.854, 57.600000000000477 ], [ 21.9374, 57.600000000000477 ], [ 22.0208, 57.600000000000477 ], [ 22.1042, 57.600000000000477 ], [ 22.1042, 57.650000000000475 ], [ 22.1876, 57.650000000000475 ], [ 22.271, 57.650000000000475 ], [ 22.271, 57.700000000000472 ], [ 22.3544, 57.700000000000472 ], [ 22.4378, 57.700000000000472 ], [ 22.4378, 57.750000000000469 ], [ 22.5212, 57.750000000000469 ], [ 22.6046, 57.750000000000469 ], [ 22.6046, 57.700000000000472 ], [ 22.6046, 57.650000000000475 ], [ 22.6046, 57.600000000000477 ], [ 22.688, 57.600000000000477 ], [ 22.688, 57.55000000000048 ], [ 22.7714, 57.55000000000048 ], [ 22.7714, 57.500000000000483 ], [ 22.8548, 57.500000000000483 ], [ 22.8548, 57.450000000000486 ], [ 22.9382, 57.450000000000486 ], [ 22.9382, 57.400000000000489 ], [ 23.0216, 57.400000000000489 ], [ 23.0216, 57.350000000000492 ], [ 23.104999999999897, 57.350000000000492 ], [ 23.1884, 57.350000000000492 ], [ 23.1884, 57.300000000000495 ], [ 23.1884, 57.250000000000497 ], [ 23.1884, 57.2000000000005 ], [ 23.271799999999899, 57.2000000000005 ], [ 23.271799999999899, 57.150000000000503 ], [ 23.271799999999899, 57.100000000000506 ], [ 23.271799999999899, 57.050000000000509 ], [ 23.355199999999897, 57.050000000000509 ], [ 23.4386, 57.050000000000509 ], [ 23.521999999999899, 57.050000000000509 ], [ 23.521999999999899, 57.000000000000512 ], [ 23.605399999999896, 57.000000000000512 ], [ 23.605399999999896, 56.950000000000514 ], [ 23.6888, 56.950000000000514 ], [ 23.772199999999899, 56.950000000000514 ], [ 23.855599999999896, 56.950000000000514 ], [ 23.855599999999896, 57.000000000000512 ], [ 23.939, 57.000000000000512 ], [ 24.022399999999898, 57.000000000000512 ], [ 24.022399999999898, 57.050000000000509 ], [ 24.105799999999896, 57.050000000000509 ], [ 24.105799999999896, 57.100000000000506 ], [ 24.1892, 57.100000000000506 ], [ 24.272599999999898, 57.100000000000506 ], [ 24.272599999999898, 57.150000000000503 ], [ 24.355999999999895, 57.150000000000503 ], [ 24.355999999999895, 57.2000000000005 ], [ 24.439399999999893, 57.2000000000005 ], [ 24.439399999999893, 57.250000000000497 ], [ 24.439399999999893, 57.300000000000495 ], [ 24.439399999999893, 57.350000000000492 ], [ 24.439399999999893, 57.400000000000489 ], [ 24.439399999999893, 57.450000000000486 ], [ 24.439399999999893, 57.500000000000483 ], [ 24.439399999999893, 57.55000000000048 ], [ 24.439399999999893, 57.600000000000477 ], [ 24.439399999999893, 57.650000000000475 ], [ 24.355999999999895, 57.650000000000475 ], [ 24.355999999999895, 57.700000000000472 ], [ 24.355999999999895, 57.750000000000469 ], [ 24.355999999999895, 57.800000000000466 ], [ 24.355999999999895, 57.850000000000463 ], [ 24.355999999999895, 57.90000000000046 ], [ 24.439399999999893, 57.90000000000046 ], [ 24.439399999999893, 57.950000000000458 ], [ 24.439399999999893, 58.000000000000455 ], [ 24.522799999999897, 58.000000000000455 ], [ 24.522799999999897, 58.050000000000452 ], [ 24.522799999999897, 58.100000000000449 ], [ 24.522799999999897, 58.150000000000446 ], [ 24.522799999999897, 58.200000000000443 ], [ 24.522799999999897, 58.250000000000441 ], [ 24.606199999999895, 58.250000000000441 ], [ 24.606199999999895, 58.300000000000438 ], [ 24.606199999999895, 58.350000000000435 ], [ 24.522799999999897, 58.350000000000435 ], [ 24.522799999999897, 58.400000000000432 ], [ 24.439399999999893, 58.400000000000432 ], [ 24.355999999999895, 58.400000000000432 ], [ 24.355999999999895, 58.350000000000435 ], [ 24.272599999999898, 58.350000000000435 ], [ 24.272599999999898, 58.300000000000438 ], [ 24.272599999999898, 58.250000000000441 ], [ 24.1892, 58.250000000000441 ], [ 24.1892, 58.200000000000443 ], [ 24.105799999999896, 58.200000000000443 ], [ 24.105799999999896, 58.250000000000441 ], [ 24.105799999999896, 58.300000000000438 ], [ 24.022399999999898, 58.300000000000438 ], [ 23.939, 58.300000000000438 ], [ 23.939, 58.350000000000435 ], [ 23.855599999999896, 58.350000000000435 ], [ 23.772199999999899, 58.350000000000435 ], [ 23.772199999999899, 58.400000000000432 ], [ 23.6888, 58.400000000000432 ], [ 23.6888, 58.450000000000429 ], [ 23.6888, 58.500000000000426 ], [ 23.6888, 58.550000000000423 ], [ 23.605399999999896, 58.550000000000423 ], [ 23.605399999999896, 58.600000000000421 ], [ 23.521999999999899, 58.600000000000421 ], [ 23.521999999999899, 58.650000000000418 ], [ 23.521999999999899, 58.700000000000415 ], [ 23.605399999999896, 58.700000000000415 ], [ 23.605399999999896, 58.750000000000412 ], [ 23.6888, 58.750000000000412 ], [ 23.6888, 58.800000000000409 ], [ 23.605399999999896, 58.800000000000409 ], [ 23.521999999999899, 58.800000000000409 ], [ 23.521999999999899, 58.850000000000406 ], [ 23.521999999999899, 58.900000000000404 ], [ 23.4386, 58.900000000000404 ], [ 23.4386, 58.950000000000401 ], [ 23.521999999999899, 58.950000000000401 ], [ 23.521999999999899, 59.000000000000398 ], [ 23.4386, 59.000000000000398 ], [ 23.4386, 59.050000000000395 ], [ 23.521999999999899, 59.050000000000395 ], [ 23.521999999999899, 59.100000000000392 ], [ 23.521999999999899, 59.150000000000389 ], [ 23.521999999999899, 59.200000000000387 ], [ 23.605399999999896, 59.200000000000387 ], [ 23.605399999999896, 59.250000000000384 ], [ 23.6888, 59.250000000000384 ], [ 23.772199999999899, 59.250000000000384 ], [ 23.772199999999899, 59.300000000000381 ], [ 23.855599999999896, 59.300000000000381 ], [ 23.855599999999896, 59.250000000000384 ], [ 23.939, 59.250000000000384 ], [ 24.022399999999898, 59.250000000000384 ], [ 24.022399999999898, 59.300000000000381 ], [ 24.105799999999896, 59.300000000000381 ], [ 24.105799999999896, 59.350000000000378 ], [ 24.1892, 59.350000000000378 ], [ 24.272599999999898, 59.350000000000378 ], [ 24.272599999999898, 59.400000000000375 ], [ 24.355999999999895, 59.400000000000375 ], [ 24.355999999999895, 59.450000000000372 ], [ 24.439399999999893, 59.450000000000372 ], [ 24.522799999999897, 59.450000000000372 ], [ 24.606199999999895, 59.450000000000372 ], [ 24.689599999999892, 59.450000000000372 ], [ 24.772999999999897, 59.450000000000372 ], [ 24.856399999999894, 59.450000000000372 ], [ 24.856399999999894, 59.500000000000369 ], [ 24.856399999999894, 59.550000000000367 ], [ 24.939799999999892, 59.550000000000367 ], [ 24.939799999999892, 59.500000000000369 ], [ 25.023199999999896, 59.500000000000369 ], [ 25.106599999999894, 59.500000000000369 ], [ 25.189999999999891, 59.500000000000369 ], [ 25.189999999999891, 59.550000000000367 ], [ 25.273399999999896, 59.550000000000367 ], [ 25.273399999999896, 59.500000000000369 ], [ 25.356799999999893, 59.500000000000369 ], [ 25.440199999999891, 59.500000000000369 ], [ 25.523599999999895, 59.500000000000369 ], [ 25.523599999999895, 59.550000000000367 ], [ 25.523599999999895, 59.600000000000364 ], [ 25.523599999999895, 59.650000000000361 ], [ 25.606999999999893, 59.650000000000361 ], [ 25.606999999999893, 59.600000000000364 ], [ 25.69039999999989, 59.600000000000364 ], [ 25.69039999999989, 59.650000000000361 ], [ 25.773799999999888, 59.650000000000361 ], [ 25.773799999999888, 59.600000000000364 ], [ 25.857199999999892, 59.600000000000364 ], [ 25.94059999999989, 59.600000000000364 ], [ 26.023999999999887, 59.600000000000364 ], [ 26.107399999999892, 59.600000000000364 ], [ 26.190799999999889, 59.600000000000364 ], [ 26.274199999999887, 59.600000000000364 ], [ 26.274199999999887, 59.550000000000367 ], [ 26.357599999999891, 59.550000000000367 ], [ 26.440999999999889, 59.550000000000367 ], [ 26.524399999999886, 59.550000000000367 ], [ 26.607799999999891, 59.550000000000367 ], [ 26.691199999999888, 59.550000000000367 ], [ 26.691199999999888, 59.500000000000369 ], [ 26.774599999999886, 59.500000000000369 ], [ 26.85799999999989, 59.500000000000369 ], [ 26.85799999999989, 59.450000000000372 ], [ 26.941399999999888, 59.450000000000372 ], [ 27.024799999999885, 59.450000000000372 ], [ 27.108199999999883, 59.450000000000372 ], [ 27.191599999999887, 59.450000000000372 ], [ 27.274999999999885, 59.450000000000372 ], [ 27.358399999999882, 59.450000000000372 ], [ 27.441799999999887, 59.450000000000372 ], [ 27.525199999999884, 59.450000000000372 ], [ 27.525199999999884, 59.400000000000375 ], [ 27.608599999999882, 59.400000000000375 ], [ 27.691999999999886, 59.400000000000375 ], [ 27.775399999999884, 59.400000000000375 ], [ 27.858799999999881, 59.400000000000375 ], [ 27.942199999999886, 59.400000000000375 ], [ 28.025599999999883, 59.400000000000375 ], [ 28.025599999999883, 59.450000000000372 ], [ 28.108999999999881, 59.450000000000372 ], [ 28.108999999999881, 59.500000000000369 ], [ 28.108999999999881, 59.550000000000367 ], [ 28.108999999999881, 59.600000000000364 ], [ 28.108999999999881, 59.650000000000361 ], [ 28.025599999999883, 59.650000000000361 ], [ 28.025599999999883, 59.700000000000358 ], [ 28.025599999999883, 59.750000000000355 ], [ 28.108999999999881, 59.750000000000355 ], [ 28.108999999999881, 59.800000000000352 ], [ 28.192399999999886, 59.800000000000352 ], [ 28.192399999999886, 59.750000000000355 ], [ 28.275799999999883, 59.750000000000355 ], [ 28.275799999999883, 59.700000000000358 ], [ 28.275799999999883, 59.650000000000361 ], [ 28.359199999999881, 59.650000000000361 ], [ 28.442599999999885, 59.650000000000361 ], [ 28.442599999999885, 59.700000000000358 ], [ 28.442599999999885, 59.750000000000355 ], [ 28.525999999999883, 59.750000000000355 ], [ 28.525999999999883, 59.800000000000352 ], [ 28.525999999999883, 59.85000000000035 ], [ 28.60939999999988, 59.85000000000035 ], [ 28.60939999999988, 59.800000000000352 ], [ 28.692799999999885, 59.800000000000352 ], [ 28.776199999999882, 59.800000000000352 ], [ 28.85959999999988, 59.800000000000352 ], [ 28.942999999999884, 59.800000000000352 ], [ 29.026399999999882, 59.800000000000352 ], [ 29.026399999999882, 59.85000000000035 ], [ 29.109799999999879, 59.85000000000035 ], [ 29.109799999999879, 59.900000000000347 ], [ 29.109799999999879, 59.950000000000344 ], [ 29.193199999999877, 59.950000000000344 ], [ 29.193199999999877, 60.000000000000341 ], [ 29.276599999999881, 60.000000000000341 ], [ 29.359999999999879, 60.000000000000341 ], [ 29.359999999999879, 59.950000000000344 ], [ 29.443399999999876, 59.950000000000344 ], [ 29.526799999999881, 59.950000000000344 ], [ 29.610199999999878, 59.950000000000344 ], [ 29.693599999999876, 59.950000000000344 ], [ 29.693599999999876, 59.900000000000347 ], [ 29.77699999999988, 59.900000000000347 ], [ 29.860399999999878, 59.900000000000347 ], [ 29.943799999999875, 59.900000000000347 ], [ 30.02719999999988, 59.900000000000347 ], [ 30.02719999999988, 59.85000000000035 ], [ 30.110599999999877, 59.85000000000035 ], [ 30.193999999999875, 59.85000000000035 ], [ 30.193999999999875, 59.900000000000347 ], [ 30.277399999999879, 59.900000000000347 ], [ 30.277399999999879, 59.950000000000344 ], [ 30.360799999999877, 59.950000000000344 ], [ 30.360799999999877, 60.000000000000341 ], [ 30.277399999999879, 60.000000000000341 ], [ 30.193999999999875, 60.000000000000341 ], [ 30.110599999999877, 60.000000000000341 ], [ 30.02719999999988, 60.000000000000341 ], [ 30.02719999999988, 60.050000000000338 ], [ 29.943799999999875, 60.050000000000338 ], [ 29.943799999999875, 60.100000000000335 ], [ 29.943799999999875, 60.150000000000333 ], [ 29.860399999999878, 60.150000000000333 ], [ 29.860399999999878, 60.20000000000033 ], [ 29.77699999999988, 60.20000000000033 ], [ 29.693599999999876, 60.20000000000033 ], [ 29.610199999999878, 60.20000000000033 ], [ 29.526799999999881, 60.20000000000033 ], [ 29.526799999999881, 60.150000000000333 ], [ 29.443399999999876, 60.150000000000333 ], [ 29.359999999999879, 60.150000000000333 ], [ 29.276599999999881, 60.150000000000333 ], [ 29.193199999999877, 60.150000000000333 ], [ 29.109799999999879, 60.150000000000333 ], [ 29.109799999999879, 60.20000000000033 ], [ 29.026399999999882, 60.20000000000033 ], [ 29.026399999999882, 60.250000000000327 ], [ 28.942999999999884, 60.250000000000327 ], [ 28.942999999999884, 60.300000000000324 ], [ 28.85959999999988, 60.300000000000324 ], [ 28.85959999999988, 60.350000000000321 ], [ 28.776199999999882, 60.350000000000321 ], [ 28.692799999999885, 60.350000000000321 ], [ 28.60939999999988, 60.350000000000321 ], [ 28.60939999999988, 60.400000000000318 ], [ 28.60939999999988, 60.450000000000315 ], [ 28.692799999999885, 60.450000000000315 ], [ 28.776199999999882, 60.450000000000315 ], [ 28.776199999999882, 60.500000000000313 ], [ 28.692799999999885, 60.500000000000313 ], [ 28.692799999999885, 60.55000000000031 ], [ 28.692799999999885, 60.600000000000307 ], [ 28.692799999999885, 60.650000000000304 ], [ 28.776199999999882, 60.650000000000304 ], [ 28.776199999999882, 60.700000000000301 ], [ 28.692799999999885, 60.700000000000301 ], [ 28.60939999999988, 60.700000000000301 ], [ 28.60939999999988, 60.650000000000304 ], [ 28.525999999999883, 60.650000000000304 ], [ 28.442599999999885, 60.650000000000304 ], [ 28.359199999999881, 60.650000000000304 ], [ 28.359199999999881, 60.600000000000307 ], [ 28.275799999999883, 60.600000000000307 ], [ 28.275799999999883, 60.55000000000031 ], [ 28.192399999999886, 60.55000000000031 ], [ 28.192399999999886, 60.500000000000313 ], [ 28.108999999999881, 60.500000000000313 ], [ 28.025599999999883, 60.500000000000313 ], [ 27.942199999999886, 60.500000000000313 ], [ 27.942199999999886, 60.55000000000031 ], [ 27.858799999999881, 60.55000000000031 ], [ 27.775399999999884, 60.55000000000031 ], [ 27.775399999999884, 60.500000000000313 ], [ 27.691999999999886, 60.500000000000313 ], [ 27.608599999999882, 60.500000000000313 ], [ 27.525199999999884, 60.500000000000313 ], [ 27.441799999999887, 60.500000000000313 ], [ 27.358399999999882, 60.500000000000313 ], [ 27.274999999999885, 60.500000000000313 ], [ 27.274999999999885, 60.55000000000031 ], [ 27.191599999999887, 60.55000000000031 ], [ 27.108199999999883, 60.55000000000031 ], [ 27.024799999999885, 60.55000000000031 ], [ 27.024799999999885, 60.500000000000313 ], [ 26.941399999999888, 60.500000000000313 ], [ 26.941399999999888, 60.450000000000315 ], [ 26.85799999999989, 60.450000000000315 ], [ 26.774599999999886, 60.450000000000315 ], [ 26.691199999999888, 60.450000000000315 ], [ 26.607799999999891, 60.450000000000315 ], [ 26.524399999999886, 60.450000000000315 ], [ 26.440999999999889, 60.450000000000315 ], [ 26.440999999999889, 60.400000000000318 ], [ 26.357599999999891, 60.400000000000318 ], [ 26.357599999999891, 60.450000000000315 ], [ 26.274199999999887, 60.450000000000315 ], [ 26.274199999999887, 60.400000000000318 ], [ 26.190799999999889, 60.400000000000318 ], [ 26.107399999999892, 60.400000000000318 ], [ 26.107399999999892, 60.450000000000315 ], [ 26.023999999999887, 60.450000000000315 ], [ 26.023999999999887, 60.400000000000318 ], [ 26.023999999999887, 60.350000000000321 ], [ 25.94059999999989, 60.350000000000321 ], [ 25.94059999999989, 60.300000000000324 ], [ 25.857199999999892, 60.300000000000324 ], [ 25.857199999999892, 60.250000000000327 ], [ 25.773799999999888, 60.250000000000327 ], [ 25.69039999999989, 60.250000000000327 ], [ 25.606999999999893, 60.250000000000327 ], [ 25.606999999999893, 60.300000000000324 ], [ 25.523599999999895, 60.300000000000324 ], [ 25.523599999999895, 60.250000000000327 ], [ 25.440199999999891, 60.250000000000327 ], [ 25.356799999999893, 60.250000000000327 ], [ 25.273399999999896, 60.250000000000327 ], [ 25.189999999999891, 60.250000000000327 ], [ 25.189999999999891, 60.20000000000033 ], [ 25.106599999999894, 60.20000000000033 ], [ 25.023199999999896, 60.20000000000033 ], [ 25.023199999999896, 60.150000000000333 ], [ 24.939799999999892, 60.150000000000333 ], [ 24.939799999999892, 60.20000000000033 ], [ 24.856399999999894, 60.20000000000033 ], [ 24.856399999999894, 60.150000000000333 ], [ 24.772999999999897, 60.150000000000333 ], [ 24.689599999999892, 60.150000000000333 ], [ 24.606199999999895, 60.150000000000333 ], [ 24.606199999999895, 60.100000000000335 ], [ 24.606199999999895, 60.050000000000338 ], [ 24.522799999999897, 60.050000000000338 ], [ 24.522799999999897, 60.000000000000341 ], [ 24.439399999999893, 60.000000000000341 ], [ 24.439399999999893, 60.050000000000338 ], [ 24.355999999999895, 60.050000000000338 ], [ 24.272599999999898, 60.050000000000338 ], [ 24.1892, 60.050000000000338 ], [ 24.105799999999896, 60.050000000000338 ], [ 24.022399999999898, 60.050000000000338 ], [ 24.022399999999898, 60.000000000000341 ], [ 23.939, 60.000000000000341 ], [ 23.855599999999896, 60.000000000000341 ], [ 23.772199999999899, 60.000000000000341 ], [ 23.772199999999899, 59.950000000000344 ], [ 23.6888, 59.950000000000344 ], [ 23.605399999999896, 59.950000000000344 ], [ 23.521999999999899, 59.950000000000344 ], [ 23.521999999999899, 59.900000000000347 ], [ 23.4386, 59.900000000000347 ], [ 23.4386, 59.950000000000344 ], [ 23.355199999999897, 59.950000000000344 ], [ 23.355199999999897, 59.900000000000347 ], [ 23.271799999999899, 59.900000000000347 ], [ 23.271799999999899, 59.950000000000344 ], [ 23.1884, 59.950000000000344 ], [ 23.1884, 60.000000000000341 ], [ 23.104999999999897, 60.000000000000341 ], [ 23.0216, 60.000000000000341 ], [ 23.0216, 60.050000000000338 ], [ 23.0216, 60.100000000000335 ], [ 23.0216, 60.150000000000333 ], [ 22.9382, 60.150000000000333 ], [ 22.9382, 60.20000000000033 ], [ 22.9382, 60.250000000000327 ], [ 22.9382, 60.300000000000324 ], [ 22.8548, 60.300000000000324 ], [ 22.8548, 60.250000000000327 ], [ 22.8548, 60.20000000000033 ], [ 22.8548, 60.150000000000333 ], [ 22.8548, 60.100000000000335 ], [ 22.7714, 60.100000000000335 ], [ 22.7714, 60.050000000000338 ], [ 22.688, 60.050000000000338 ], [ 22.6046, 60.050000000000338 ], [ 22.5212, 60.050000000000338 ], [ 22.5212, 60.000000000000341 ], [ 22.4378, 60.000000000000341 ], [ 22.4378, 60.050000000000338 ], [ 22.4378, 60.100000000000335 ], [ 22.5212, 60.100000000000335 ], [ 22.5212, 60.150000000000333 ], [ 22.4378, 60.150000000000333 ], [ 22.4378, 60.20000000000033 ], [ 22.5212, 60.20000000000033 ], [ 22.6046, 60.20000000000033 ], [ 22.6046, 60.250000000000327 ], [ 22.5212, 60.250000000000327 ], [ 22.5212, 60.300000000000324 ], [ 22.4378, 60.300000000000324 ], [ 22.4378, 60.250000000000327 ], [ 22.3544, 60.250000000000327 ], [ 22.3544, 60.300000000000324 ], [ 22.3544, 60.350000000000321 ], [ 22.4378, 60.350000000000321 ], [ 22.4378, 60.400000000000318 ], [ 22.3544, 60.400000000000318 ], [ 22.271, 60.400000000000318 ], [ 22.271, 60.350000000000321 ], [ 22.271, 60.300000000000324 ], [ 22.1876, 60.300000000000324 ], [ 22.1876, 60.350000000000321 ], [ 22.1876, 60.400000000000318 ], [ 22.1876, 60.450000000000315 ], [ 22.1042, 60.450000000000315 ], [ 22.0208, 60.450000000000315 ], [ 22.0208, 60.400000000000318 ], [ 22.0208, 60.350000000000321 ], [ 21.9374, 60.350000000000321 ], [ 21.854, 60.350000000000321 ], [ 21.854, 60.400000000000318 ], [ 21.854, 60.450000000000315 ], [ 21.854, 60.500000000000313 ], [ 21.854, 60.55000000000031 ], [ 21.854, 60.600000000000307 ], [ 21.7706, 60.600000000000307 ], [ 21.6872, 60.600000000000307 ], [ 21.6872, 60.55000000000031 ], [ 21.6872, 60.500000000000313 ], [ 21.6038, 60.500000000000313 ], [ 21.6038, 60.55000000000031 ], [ 21.6038, 60.600000000000307 ], [ 21.5204, 60.600000000000307 ], [ 21.437, 60.600000000000307 ], [ 21.437, 60.650000000000304 ], [ 21.437, 60.700000000000301 ], [ 21.5204, 60.700000000000301 ], [ 21.5204, 60.750000000000298 ], [ 21.437, 60.750000000000298 ], [ 21.437, 60.800000000000296 ], [ 21.437, 60.850000000000293 ], [ 21.3536, 60.850000000000293 ], [ 21.3536, 60.90000000000029 ], [ 21.3536, 60.950000000000287 ], [ 21.437, 60.950000000000287 ], [ 21.437, 61.000000000000284 ], [ 21.3536, 61.000000000000284 ], [ 21.3536, 61.050000000000281 ], [ 21.437, 61.050000000000281 ], [ 21.437, 61.100000000000279 ], [ 21.5204, 61.100000000000279 ], [ 21.5204, 61.150000000000276 ], [ 21.5204, 61.200000000000273 ], [ 21.6038, 61.200000000000273 ], [ 21.6038, 61.25000000000027 ], [ 21.5204, 61.25000000000027 ], [ 21.5204, 61.300000000000267 ], [ 21.6038, 61.300000000000267 ], [ 21.6038, 61.350000000000264 ], [ 21.6038, 61.400000000000261 ], [ 21.6038, 61.450000000000259 ], [ 21.6038, 61.500000000000256 ], [ 21.6038, 61.550000000000253 ], [ 21.6872, 61.550000000000253 ], [ 21.6872, 61.60000000000025 ], [ 21.6872, 61.650000000000247 ], [ 21.6038, 61.650000000000247 ], [ 21.6038, 61.700000000000244 ], [ 21.6038, 61.750000000000242 ], [ 21.6038, 61.800000000000239 ], [ 21.5204, 61.800000000000239 ], [ 21.5204, 61.850000000000236 ], [ 21.5204, 61.900000000000233 ], [ 21.437, 61.900000000000233 ], [ 21.437, 61.95000000000023 ], [ 21.3536, 61.95000000000023 ], [ 21.3536, 62.000000000000227 ], [ 21.3536, 62.050000000000225 ], [ 21.3536, 62.100000000000222 ], [ 21.3536, 62.150000000000219 ], [ 21.437, 62.150000000000219 ], [ 21.437, 62.200000000000216 ], [ 21.437, 62.250000000000213 ], [ 21.437, 62.30000000000021 ], [ 21.3536, 62.30000000000021 ], [ 21.3536, 62.350000000000207 ], [ 21.3536, 62.400000000000205 ], [ 21.2702, 62.400000000000205 ], [ 21.2702, 62.450000000000202 ], [ 21.1868, 62.450000000000202 ], [ 21.1868, 62.500000000000199 ], [ 21.1868, 62.550000000000196 ], [ 21.1868, 62.600000000000193 ], [ 21.1868, 62.65000000000019 ], [ 21.1034, 62.65000000000019 ], [ 21.1034, 62.700000000000188 ], [ 21.1868, 62.700000000000188 ], [ 21.1868, 62.750000000000185 ], [ 21.1868, 62.800000000000182 ], [ 21.2702, 62.800000000000182 ], [ 21.2702, 62.850000000000179 ], [ 21.2702, 62.900000000000176 ], [ 21.3536, 62.900000000000176 ], [ 21.437, 62.900000000000176 ], [ 21.437, 62.950000000000173 ], [ 21.5204, 62.950000000000173 ], [ 21.5204, 63.000000000000171 ], [ 21.5204, 63.050000000000168 ], [ 21.6038, 63.050000000000168 ], [ 21.6038, 63.100000000000165 ], [ 21.6038, 63.150000000000162 ], [ 21.6038, 63.200000000000159 ], [ 21.6038, 63.250000000000156 ], [ 21.6872, 63.250000000000156 ], [ 21.7706, 63.250000000000156 ], [ 21.7706, 63.300000000000153 ], [ 21.854, 63.300000000000153 ], [ 21.854, 63.250000000000156 ], [ 21.9374, 63.250000000000156 ], [ 21.9374, 63.200000000000159 ], [ 22.0208, 63.200000000000159 ], [ 22.0208, 63.250000000000156 ], [ 22.1042, 63.250000000000156 ], [ 22.1876, 63.250000000000156 ], [ 22.271, 63.250000000000156 ], [ 22.271, 63.300000000000153 ], [ 22.3544, 63.300000000000153 ], [ 22.3544, 63.350000000000151 ], [ 22.3544, 63.400000000000148 ], [ 22.271, 63.400000000000148 ], [ 22.271, 63.450000000000145 ], [ 22.271, 63.500000000000142 ], [ 22.3544, 63.500000000000142 ], [ 22.4378, 63.500000000000142 ], [ 22.5212, 63.500000000000142 ], [ 22.5212, 63.550000000000139 ], [ 22.5212, 63.600000000000136 ], [ 22.5212, 63.650000000000134 ], [ 22.6046, 63.650000000000134 ], [ 22.6046, 63.700000000000131 ], [ 22.688, 63.700000000000131 ], [ 22.7714, 63.700000000000131 ], [ 22.8548, 63.700000000000131 ], [ 22.9382, 63.700000000000131 ], [ 22.9382, 63.750000000000128 ], [ 23.0216, 63.750000000000128 ], [ 23.0216, 63.800000000000125 ], [ 22.9382, 63.800000000000125 ], [ 22.8548, 63.800000000000125 ], [ 22.8548, 63.750000000000128 ], [ 22.7714, 63.750000000000128 ], [ 22.7714, 63.800000000000125 ], [ 22.7714, 63.850000000000122 ], [ 22.8548, 63.850000000000122 ], [ 22.9382, 63.850000000000122 ], [ 22.9382, 63.900000000000119 ], [ 23.0216, 63.900000000000119 ], [ 23.0216, 63.850000000000122 ], [ 23.104999999999897, 63.850000000000122 ], [ 23.1884, 63.850000000000122 ], [ 23.1884, 63.900000000000119 ], [ 23.271799999999899, 63.900000000000119 ], [ 23.355199999999897, 63.900000000000119 ], [ 23.4386, 63.900000000000119 ], [ 23.4386, 63.950000000000117 ], [ 23.4386, 64.000000000000114 ], [ 23.4386, 64.050000000000111 ], [ 23.521999999999899, 64.050000000000111 ], [ 23.605399999999896, 64.050000000000111 ], [ 23.6888, 64.050000000000111 ], [ 23.6888, 64.100000000000108 ], [ 23.6888, 64.150000000000105 ], [ 23.772199999999899, 64.150000000000105 ], [ 23.772199999999899, 64.200000000000102 ], [ 23.772199999999899, 64.25 ], [ 23.855599999999896, 64.25 ], [ 23.939, 64.25 ], [ 23.939, 64.3 ], [ 24.022399999999898, 64.3 ], [ 24.022399999999898, 64.35 ], [ 24.022399999999898, 64.4 ], [ 24.105799999999896, 64.4 ], [ 24.105799999999896, 64.45 ], [ 24.1892, 64.45 ], [ 24.272599999999898, 64.45 ], [ 24.272599999999898, 64.5 ], [ 24.355999999999895, 64.5 ], [ 24.355999999999895, 64.55 ], [ 24.439399999999893, 64.55 ], [ 24.439399999999893, 64.6 ], [ 24.439399999999893, 64.65 ], [ 24.439399999999893, 64.7 ], [ 24.522799999999897, 64.7 ], [ 24.606199999999895, 64.7 ], [ 24.606199999999895, 64.75 ], [ 24.606199999999895, 64.8 ], [ 24.689599999999892, 64.8 ], [ 24.689599999999892, 64.85 ], [ 24.772999999999897, 64.85 ], [ 24.856399999999894, 64.85 ], [ 24.856399999999894, 64.9 ], [ 24.939799999999892, 64.9 ], [ 25.023199999999896, 64.9 ], [ 25.106599999999894, 64.9 ], [ 25.189999999999891, 64.9 ], [ 25.273399999999896, 64.9 ], [ 25.273399999999896, 64.85 ], [ 25.356799999999893, 64.85 ], [ 25.440199999999891, 64.85 ], [ 25.440199999999891, 64.9 ], [ 25.356799999999893, 64.9 ], [ 25.356799999999893, 64.95 ], [ 25.440199999999891, 64.95 ], [ 25.440199999999891, 65.0 ], [ 25.440199999999891, 65.05 ], [ 25.440199999999891, 65.1 ], [ 25.356799999999893, 65.1 ], [ 25.356799999999893, 65.15 ], [ 25.273399999999896, 65.15 ], [ 25.273399999999896, 65.2 ], [ 25.356799999999893, 65.2 ], [ 25.356799999999893, 65.25 ], [ 25.356799999999893, 65.3 ], [ 25.356799999999893, 65.35 ], [ 25.356799999999893, 65.4 ], [ 25.356799999999893, 65.45 ], [ 25.356799999999893, 65.5 ], [ 25.273399999999896, 65.5 ], [ 25.273399999999896, 65.55 ], [ 25.189999999999891, 65.55 ], [ 25.106599999999894, 65.55 ], [ 25.106599999999894, 65.6 ], [ 25.106599999999894, 65.65 ], [ 25.023199999999896, 65.65 ], [ 24.939799999999892, 65.65 ], [ 24.856399999999894, 65.65 ], [ 24.772999999999897, 65.65 ], [ 24.689599999999892, 65.65 ], [ 24.689599999999892, 65.7 ], [ 24.606199999999895, 65.7 ], [ 24.606199999999895, 65.75 ], [ 24.522799999999897, 65.75 ], [ 24.522799999999897, 65.8 ], [ 24.439399999999893, 65.8 ], [ 24.355999999999895, 65.8 ], [ 24.272599999999898, 65.8 ], [ 24.1892, 65.8 ], [ 24.105799999999896, 65.8 ], [ 24.022399999999898, 65.8 ], [ 23.939, 65.8 ], [ 23.855599999999896, 65.8 ], [ 23.772199999999899, 65.8 ], [ 23.772199999999899, 65.85 ], [ 23.6888, 65.85 ], [ 23.6888, 65.8 ], [ 23.605399999999896, 65.8 ], [ 23.521999999999899, 65.8 ], [ 23.521999999999899, 65.85 ], [ 23.4386, 65.85 ], [ 23.4386, 65.8 ], [ 23.355199999999897, 65.8 ], [ 23.271799999999899, 65.8 ], [ 23.271799999999899, 65.75 ], [ 23.1884, 65.75 ], [ 23.1884, 65.7 ], [ 23.104999999999897, 65.7 ], [ 23.104999999999897, 65.75 ], [ 23.0216, 65.75 ], [ 23.0216, 65.8 ], [ 22.9382, 65.8 ], [ 22.8548, 65.8 ], [ 22.8548, 65.85 ], [ 22.7714, 65.85 ], [ 22.7714, 65.8 ], [ 22.7714, 65.75 ], [ 22.688, 65.75 ], [ 22.688, 65.8 ], [ 22.6046, 65.8 ], [ 22.5212, 65.8 ], [ 22.5212, 65.85 ], [ 22.4378, 65.85 ], [ 22.3544, 65.85 ], [ 22.3544, 65.8 ], [ 22.3544, 65.75 ], [ 22.271, 65.75 ], [ 22.271, 65.7 ], [ 22.271, 65.65 ], [ 22.3544, 65.65 ], [ 22.3544, 65.6 ], [ 22.3544, 65.55 ], [ 22.271, 65.55 ], [ 22.1876, 65.55 ], [ 22.1876, 65.5 ], [ 22.1042, 65.5 ], [ 22.0208, 65.5 ], [ 22.0208, 65.45 ], [ 21.9374, 65.45 ], [ 21.9374, 65.4 ], [ 21.854, 65.4 ], [ 21.7706, 65.4 ], [ 21.6872, 65.4 ], [ 21.6038, 65.4 ], [ 21.5204, 65.4 ], [ 21.5204, 65.35 ], [ 21.5204, 65.3 ], [ 21.6038, 65.3 ], [ 21.6872, 65.3 ], [ 21.6872, 65.25 ], [ 21.6038, 65.25 ], [ 21.6038, 65.2 ], [ 21.6038, 65.15 ], [ 21.6038, 65.1 ], [ 21.5204, 65.1 ], [ 21.5204, 65.05 ], [ 21.437, 65.05 ], [ 21.437, 65.0 ], [ 21.437, 64.95 ], [ 21.3536, 64.95 ], [ 21.2702, 64.95 ], [ 21.2702, 64.9 ], [ 21.2702, 64.85 ], [ 21.1868, 64.85 ], [ 21.1034, 64.85 ], [ 21.1034, 64.8 ], [ 21.1868, 64.8 ], [ 21.1868, 64.75 ], [ 21.2702, 64.75 ], [ 21.2702, 64.7 ], [ 21.1868, 64.7 ], [ 21.1868, 64.65 ], [ 21.2702, 64.65 ], [ 21.2702, 64.6 ], [ 21.3536, 64.6 ], [ 21.437, 64.6 ], [ 21.437, 64.55 ], [ 21.437, 64.5 ], [ 21.5204, 64.5 ], [ 21.5204, 64.45 ], [ 21.6038, 64.45 ], [ 21.6038, 64.4 ], [ 21.5204, 64.4 ], [ 21.5204, 64.35 ], [ 21.437, 64.35 ], [ 21.437, 64.3 ], [ 21.3536, 64.3 ], [ 21.2702, 64.3 ], [ 21.2702, 64.25 ], [ 21.1868, 64.25 ], [ 21.1868, 64.200000000000102 ], [ 21.1034, 64.200000000000102 ], [ 21.1034, 64.150000000000105 ], [ 21.02, 64.150000000000105 ], [ 21.02, 64.100000000000108 ], [ 20.9366, 64.100000000000108 ], [ 20.9366, 64.050000000000111 ], [ 20.9366, 64.000000000000114 ], [ 20.9366, 63.950000000000117 ], [ 20.8532, 63.950000000000117 ], [ 20.8532, 63.900000000000119 ], [ 20.7698, 63.900000000000119 ], [ 20.7698, 63.850000000000122 ], [ 20.6864, 63.850000000000122 ], [ 20.6864, 63.800000000000125 ], [ 20.603, 63.800000000000125 ], [ 20.5196, 63.800000000000125 ], [ 20.5196, 63.750000000000128 ], [ 20.4362, 63.750000000000128 ], [ 20.3528, 63.750000000000128 ], [ 20.3528, 63.700000000000131 ], [ 20.2694, 63.700000000000131 ], [ 20.2694, 63.650000000000134 ], [ 20.186, 63.650000000000134 ], [ 20.1026, 63.650000000000134 ], [ 20.0192, 63.650000000000134 ], [ 20.0192, 63.600000000000136 ], [ 19.9358, 63.600000000000136 ], [ 19.8524, 63.600000000000136 ], [ 19.8524, 63.550000000000139 ], [ 19.769, 63.550000000000139 ], [ 19.769, 63.500000000000142 ], [ 19.769, 63.450000000000145 ], [ 19.6856, 63.450000000000145 ], [ 19.6856, 63.500000000000142 ], [ 19.6022, 63.500000000000142 ], [ 19.6022, 63.550000000000139 ], [ 19.5188, 63.550000000000139 ], [ 19.5188, 63.500000000000142 ], [ 19.5188, 63.450000000000145 ], [ 19.4354, 63.450000000000145 ], [ 19.352, 63.450000000000145 ], [ 19.2686, 63.450000000000145 ], [ 19.2686, 63.400000000000148 ], [ 19.2686, 63.350000000000151 ], [ 19.2686, 63.300000000000153 ], [ 19.1852, 63.300000000000153 ], [ 19.1018, 63.300000000000153 ], [ 19.1018, 63.250000000000156 ], [ 19.1018, 63.200000000000159 ], [ 19.0184, 63.200000000000159 ], [ 18.935, 63.200000000000159 ], [ 18.935, 63.250000000000156 ], [ 18.935, 63.300000000000153 ], [ 18.8516, 63.300000000000153 ], [ 18.8516, 63.250000000000156 ], [ 18.8516, 63.200000000000159 ], [ 18.7682, 63.200000000000159 ], [ 18.7682, 63.250000000000156 ], [ 18.6848, 63.250000000000156 ], [ 18.6848, 63.200000000000159 ], [ 18.6848, 63.150000000000162 ], [ 18.6014, 63.150000000000162 ], [ 18.518, 63.150000000000162 ], [ 18.518, 63.100000000000165 ], [ 18.518, 63.050000000000168 ], [ 18.4346, 63.050000000000168 ], [ 18.3512, 63.050000000000168 ], [ 18.3512, 63.000000000000171 ], [ 18.4346, 63.000000000000171 ], [ 18.518, 63.000000000000171 ], [ 18.518, 62.950000000000173 ], [ 18.518, 62.900000000000176 ], [ 18.4346, 62.900000000000176 ], [ 18.4346, 62.850000000000179 ], [ 18.3512, 62.850000000000179 ], [ 18.3512, 62.900000000000176 ], [ 18.2678, 62.900000000000176 ], [ 18.2678, 62.850000000000179 ], [ 18.2678, 62.800000000000182 ], [ 18.1844, 62.800000000000182 ], [ 18.101, 62.800000000000182 ], [ 18.101, 62.850000000000179 ], [ 18.0176, 62.850000000000179 ], [ 18.0176, 62.900000000000176 ], [ 17.9342, 62.900000000000176 ], [ 17.9342, 62.850000000000179 ], [ 17.9342, 62.800000000000182 ], [ 17.9342, 62.750000000000185 ], [ 18.0176, 62.750000000000185 ], [ 18.101, 62.750000000000185 ], [ 18.1844, 62.750000000000185 ], [ 18.1844, 62.700000000000188 ], [ 18.101, 62.700000000000188 ], [ 18.0176, 62.700000000000188 ], [ 18.0176, 62.65000000000019 ], [ 18.0176, 62.600000000000193 ], [ 17.9342, 62.600000000000193 ], [ 17.9342, 62.550000000000196 ], [ 17.9342, 62.500000000000199 ], [ 17.8508, 62.500000000000199 ], [ 17.7674, 62.500000000000199 ], [ 17.684, 62.500000000000199 ], [ 17.684, 62.450000000000202 ], [ 17.6006, 62.450000000000202 ], [ 17.6006, 62.500000000000199 ], [ 17.5172, 62.500000000000199 ], [ 17.4338, 62.500000000000199 ], [ 17.4338, 62.450000000000202 ], [ 17.5172, 62.450000000000202 ], [ 17.5172, 62.400000000000205 ], [ 17.5172, 62.350000000000207 ], [ 17.4338, 62.350000000000207 ], [ 17.4338, 62.30000000000021 ], [ 17.5172, 62.30000000000021 ], [ 17.5172, 62.250000000000213 ], [ 17.5172, 62.200000000000216 ], [ 17.5172, 62.150000000000219 ], [ 17.5172, 62.100000000000222 ], [ 17.5172, 62.050000000000225 ], [ 17.4338, 62.050000000000225 ], [ 17.4338, 62.000000000000227 ], [ 17.4338, 61.95000000000023 ], [ 17.3504, 61.95000000000023 ], [ 17.3504, 61.900000000000233 ], [ 17.3504, 61.850000000000236 ], [ 17.3504, 61.800000000000239 ], [ 17.4338, 61.800000000000239 ], [ 17.4338, 61.750000000000242 ], [ 17.5172, 61.750000000000242 ], [ 17.5172, 61.700000000000244 ], [ 17.5172, 61.650000000000247 ], [ 17.4338, 61.650000000000247 ], [ 17.4338, 61.700000000000244 ], [ 17.3504, 61.700000000000244 ], [ 17.267, 61.700000000000244 ], [ 17.267, 61.650000000000247 ], [ 17.1836, 61.650000000000247 ], [ 17.1836, 61.60000000000025 ], [ 17.1836, 61.550000000000253 ], [ 17.1836, 61.500000000000256 ], [ 17.1836, 61.450000000000259 ], [ 17.1836, 61.400000000000261 ], [ 17.1836, 61.350000000000264 ], [ 17.1836, 61.300000000000267 ], [ 17.1836, 61.25000000000027 ], [ 17.1836, 61.200000000000273 ], [ 17.1836, 61.150000000000276 ], [ 17.1836, 61.100000000000279 ], [ 17.1836, 61.050000000000281 ], [ 17.1836, 61.000000000000284 ], [ 17.1836, 60.950000000000287 ], [ 17.1836, 60.90000000000029 ], [ 17.267, 60.90000000000029 ], [ 17.267, 60.850000000000293 ], [ 17.267, 60.800000000000296 ], [ 17.3504, 60.800000000000296 ], [ 17.3504, 60.750000000000298 ], [ 17.267, 60.750000000000298 ], [ 17.267, 60.700000000000301 ], [ 17.267, 60.650000000000304 ], [ 17.3504, 60.650000000000304 ], [ 17.4338, 60.650000000000304 ], [ 17.5172, 60.650000000000304 ], [ 17.6006, 60.650000000000304 ], [ 17.6006, 60.600000000000307 ], [ 17.6006, 60.55000000000031 ], [ 17.684, 60.55000000000031 ], [ 17.684, 60.500000000000313 ], [ 17.7674, 60.500000000000313 ], [ 17.7674, 60.55000000000031 ], [ 17.8508, 60.55000000000031 ], [ 17.8508, 60.600000000000307 ], [ 17.9342, 60.600000000000307 ], [ 18.0176, 60.600000000000307 ], [ 18.0176, 60.55000000000031 ], [ 18.0176, 60.500000000000313 ], [ 18.101, 60.500000000000313 ], [ 18.101, 60.450000000000315 ], [ 18.1844, 60.450000000000315 ], [ 18.1844, 60.400000000000318 ], [ 18.2678, 60.400000000000318 ], [ 18.2678, 60.350000000000321 ], [ 18.3512, 60.350000000000321 ], [ 18.4346, 60.350000000000321 ], [ 18.4346, 60.400000000000318 ], [ 18.4346, 60.450000000000315 ], [ 18.4346, 60.500000000000313 ], [ 18.518, 60.500000000000313 ], [ 18.518, 60.450000000000315 ], [ 18.518, 60.400000000000318 ], [ 18.6014, 60.400000000000318 ], [ 18.6014, 60.350000000000321 ], [ 18.6014, 60.300000000000324 ], [ 18.518, 60.300000000000324 ], [ 18.518, 60.250000000000327 ], [ 18.6014, 60.250000000000327 ], [ 18.6014, 60.20000000000033 ], [ 18.518, 60.20000000000033 ], [ 18.518, 60.150000000000333 ], [ 18.6014, 60.150000000000333 ], [ 18.6848, 60.150000000000333 ], [ 18.6848, 60.100000000000335 ], [ 18.7682, 60.100000000000335 ], [ 18.8516, 60.100000000000335 ], [ 18.8516, 60.050000000000338 ], [ 18.8516, 60.000000000000341 ], [ 18.935, 60.000000000000341 ], [ 18.935, 59.950000000000344 ], [ 18.935, 59.900000000000347 ], [ 18.935, 59.85000000000035 ], [ 19.0184, 59.85000000000035 ], [ 19.0184, 59.800000000000352 ], [ 19.0184, 59.750000000000355 ], [ 19.1018, 59.750000000000355 ], [ 19.1018, 59.700000000000358 ], [ 19.0184, 59.700000000000358 ], [ 18.935, 59.700000000000358 ], [ 18.8516, 59.700000000000358 ], [ 18.7682, 59.700000000000358 ], [ 18.7682, 59.650000000000361 ], [ 18.6848, 59.650000000000361 ], [ 18.6848, 59.600000000000364 ], [ 18.6848, 59.550000000000367 ], [ 18.6848, 59.500000000000369 ], [ 18.6014, 59.500000000000369 ], [ 18.6014, 59.550000000000367 ], [ 18.518, 59.550000000000367 ], [ 18.518, 59.500000000000369 ], [ 18.4346, 59.500000000000369 ], [ 18.4346, 59.450000000000372 ], [ 18.3512, 59.450000000000372 ], [ 18.3512, 59.400000000000375 ], [ 18.2678, 59.400000000000375 ], [ 18.1844, 59.400000000000375 ], [ 18.1844, 59.350000000000378 ], [ 18.101, 59.350000000000378 ], [ 18.101, 59.300000000000381 ], [ 18.1844, 59.300000000000381 ], [ 18.2678, 59.300000000000381 ], [ 18.2678, 59.350000000000378 ], [ 18.3512, 59.350000000000378 ], [ 18.4346, 59.350000000000378 ], [ 18.4346, 59.300000000000381 ], [ 18.3512, 59.300000000000381 ], [ 18.3512, 59.250000000000384 ], [ 18.3512, 59.200000000000387 ], [ 18.4346, 59.200000000000387 ], [ 18.4346, 59.150000000000389 ], [ 18.3512, 59.150000000000389 ], [ 18.3512, 59.100000000000392 ], [ 18.2678, 59.100000000000392 ], [ 18.1844, 59.100000000000392 ], [ 18.1844, 59.050000000000395 ], [ 18.101, 59.050000000000395 ], [ 18.101, 59.000000000000398 ], [ 18.0176, 59.000000000000398 ], [ 18.0176, 58.950000000000401 ], [ 18.0176, 58.900000000000404 ], [ 17.9342, 58.900000000000404 ], [ 17.8508, 58.900000000000404 ], [ 17.7674, 58.900000000000404 ], [ 17.7674, 58.950000000000401 ], [ 17.7674, 59.000000000000398 ], [ 17.7674, 59.050000000000395 ], [ 17.684, 59.050000000000395 ], [ 17.684, 59.000000000000398 ], [ 17.684, 58.950000000000401 ], [ 17.6006, 58.950000000000401 ], [ 17.6006, 58.900000000000404 ], [ 17.6006, 58.850000000000406 ], [ 17.5172, 58.850000000000406 ], [ 17.5172, 58.800000000000409 ], [ 17.4338, 58.800000000000409 ], [ 17.4338, 58.750000000000412 ], [ 17.3504, 58.750000000000412 ], [ 17.267, 58.750000000000412 ], [ 17.1836, 58.750000000000412 ], [ 17.1002, 58.750000000000412 ], [ 17.1002, 58.700000000000415 ], [ 17.1002, 58.650000000000418 ], [ 17.0168, 58.650000000000418 ], [ 16.9334, 58.650000000000418 ], [ 16.85, 58.650000000000418 ], [ 16.7666, 58.650000000000418 ], [ 16.6832, 58.650000000000418 ], [ 16.5998, 58.650000000000418 ], [ 16.5998, 58.600000000000421 ], [ 16.6832, 58.600000000000421 ], [ 16.7666, 58.600000000000421 ], [ 16.85, 58.600000000000421 ], [ 16.85, 58.550000000000423 ], [ 16.85, 58.500000000000426 ], [ 16.9334, 58.500000000000426 ], [ 16.9334, 58.450000000000429 ], [ 16.85, 58.450000000000429 ], [ 16.7666, 58.450000000000429 ], [ 16.6832, 58.450000000000429 ], [ 16.6832, 58.400000000000432 ], [ 16.7666, 58.400000000000432 ], [ 16.7666, 58.350000000000435 ], [ 16.7666, 58.300000000000438 ], [ 16.7666, 58.250000000000441 ], [ 16.85, 58.250000000000441 ], [ 16.85, 58.200000000000443 ], [ 16.85, 58.150000000000446 ], [ 16.7666, 58.150000000000446 ], [ 16.6832, 58.150000000000446 ], [ 16.6832, 58.100000000000449 ], [ 16.7666, 58.100000000000449 ], [ 16.7666, 58.050000000000452 ], [ 16.7666, 58.000000000000455 ], [ 16.6832, 58.000000000000455 ], [ 16.6832, 57.950000000000458 ], [ 16.5998, 57.950000000000458 ], [ 16.5998, 57.90000000000046 ], [ 16.5164, 57.90000000000046 ], [ 16.5164, 57.850000000000463 ], [ 16.5164, 57.800000000000466 ], [ 16.5998, 57.800000000000466 ], [ 16.5998, 57.750000000000469 ], [ 16.6832, 57.750000000000469 ], [ 16.6832, 57.700000000000472 ], [ 16.6832, 57.650000000000475 ], [ 16.6832, 57.600000000000477 ], [ 16.5998, 57.600000000000477 ], [ 16.5164, 57.600000000000477 ], [ 16.5164, 57.55000000000048 ], [ 16.5998, 57.55000000000048 ], [ 16.6832, 57.55000000000048 ], [ 16.6832, 57.500000000000483 ], [ 16.6832, 57.450000000000486 ], [ 16.6832, 57.400000000000489 ], [ 16.5998, 57.400000000000489 ], [ 16.5998, 57.350000000000492 ], [ 16.5998, 57.300000000000495 ], [ 16.5164, 57.300000000000495 ], [ 16.5164, 57.250000000000497 ], [ 16.5164, 57.2000000000005 ], [ 16.5164, 57.150000000000503 ], [ 16.5164, 57.100000000000506 ], [ 16.5998, 57.100000000000506 ], [ 16.5998, 57.050000000000509 ], [ 16.5164, 57.050000000000509 ], [ 16.5164, 57.000000000000512 ], [ 16.433, 57.000000000000512 ], [ 16.433, 56.950000000000514 ], [ 16.5164, 56.950000000000514 ], [ 16.5164, 56.900000000000517 ], [ 16.433, 56.900000000000517 ], [ 16.433, 56.85000000000052 ], [ 16.433, 56.800000000000523 ], [ 16.433, 56.750000000000526 ], [ 16.3496, 56.750000000000526 ], [ 16.3496, 56.700000000000529 ], [ 16.3496, 56.650000000000531 ], [ 16.2662, 56.650000000000531 ], [ 16.2662, 56.600000000000534 ], [ 16.2662, 56.550000000000537 ], [ 16.1828, 56.550000000000537 ], [ 16.1828, 56.50000000000054 ], [ 16.1828, 56.450000000000543 ], [ 16.0994, 56.450000000000543 ], [ 16.0994, 56.400000000000546 ], [ 16.0994, 56.350000000000549 ], [ 16.0994, 56.300000000000551 ], [ 16.0994, 56.250000000000554 ], [ 16.016, 56.250000000000554 ], [ 16.016, 56.200000000000557 ], [ 15.9326, 56.200000000000557 ], [ 15.9326, 56.15000000000056 ], [ 15.9326, 56.100000000000563 ], [ 15.8492, 56.100000000000563 ], [ 15.8492, 56.15000000000056 ], [ 15.7658, 56.15000000000056 ], [ 15.6824, 56.15000000000056 ], [ 15.599, 56.15000000000056 ], [ 15.5156, 56.15000000000056 ], [ 15.5156, 56.100000000000563 ], [ 15.4322, 56.100000000000563 ], [ 15.4322, 56.15000000000056 ], [ 15.3488, 56.15000000000056 ], [ 15.2654, 56.15000000000056 ], [ 15.182, 56.15000000000056 ], [ 15.0986, 56.15000000000056 ], [ 15.0152, 56.15000000000056 ], [ 14.9318, 56.15000000000056 ], [ 14.8484, 56.15000000000056 ], [ 14.765, 56.15000000000056 ], [ 14.765, 56.100000000000563 ], [ 14.765, 56.050000000000566 ], [ 14.765, 56.000000000000568 ], [ 14.765, 55.950000000000571 ], [ 14.765, 55.900000000000574 ], [ 14.765, 55.850000000000577 ], [ 14.765, 55.80000000000058 ] ], [ [ 18.6848, 54.750000000000639 ], [ 18.6848, 54.700000000000642 ], [ 18.6014, 54.700000000000642 ], [ 18.6014, 54.750000000000639 ], [ 18.6848, 54.750000000000639 ] ], [ [ 18.7682, 54.700000000000642 ], [ 18.7682, 54.650000000000645 ], [ 18.6848, 54.650000000000645 ], [ 18.6848, 54.700000000000642 ], [ 18.7682, 54.700000000000642 ] ], [ [ 18.8516, 54.650000000000645 ], [ 18.8516, 54.600000000000648 ], [ 18.7682, 54.600000000000648 ], [ 18.7682, 54.650000000000645 ], [ 18.8516, 54.650000000000645 ] ], [ [ 20.603, 55.050000000000622 ], [ 20.6864, 55.050000000000622 ], [ 20.6864, 55.000000000000625 ], [ 20.603, 55.000000000000625 ], [ 20.603, 55.050000000000622 ] ], [ [ 20.6864, 55.10000000000062 ], [ 20.7698, 55.10000000000062 ], [ 20.7698, 55.050000000000622 ], [ 20.6864, 55.050000000000622 ], [ 20.6864, 55.10000000000062 ] ], [ [ 20.7698, 55.150000000000617 ], [ 20.8532, 55.150000000000617 ], [ 20.8532, 55.10000000000062 ], [ 20.7698, 55.10000000000062 ], [ 20.7698, 55.150000000000617 ] ], [ [ 20.8532, 55.200000000000614 ], [ 20.9366, 55.200000000000614 ], [ 20.9366, 55.150000000000617 ], [ 20.8532, 55.150000000000617 ], [ 20.8532, 55.200000000000614 ] ], [ [ 20.9366, 55.250000000000611 ], [ 20.9366, 55.300000000000608 ], [ 21.02, 55.300000000000608 ], [ 21.02, 55.250000000000611 ], [ 21.02, 55.200000000000614 ], [ 20.9366, 55.200000000000614 ], [ 20.9366, 55.250000000000611 ] ], [ [ 21.02, 55.350000000000605 ], [ 21.02, 55.400000000000603 ], [ 21.1034, 55.400000000000603 ], [ 21.1034, 55.350000000000605 ], [ 21.1034, 55.300000000000608 ], [ 21.02, 55.300000000000608 ], [ 21.02, 55.350000000000605 ] ], [ [ 21.1034, 55.4500000000006 ], [ 21.1034, 55.500000000000597 ], [ 21.1034, 55.550000000000594 ], [ 21.1868, 55.550000000000594 ], [ 21.1868, 55.500000000000597 ], [ 21.1868, 55.4500000000006 ], [ 21.1868, 55.400000000000603 ], [ 21.1034, 55.400000000000603 ], [ 21.1034, 55.4500000000006 ] ], [ [ 26.107399999999892, 60.350000000000321 ], [ 26.107399999999892, 60.300000000000324 ], [ 26.023999999999887, 60.300000000000324 ], [ 26.023999999999887, 60.350000000000321 ], [ 26.107399999999892, 60.350000000000321 ] ], [ [ 23.271799999999899, 59.85000000000035 ], [ 23.1884, 59.85000000000035 ], [ 23.104999999999897, 59.85000000000035 ], [ 23.104999999999897, 59.900000000000347 ], [ 23.1884, 59.900000000000347 ], [ 23.271799999999899, 59.900000000000347 ], [ 23.271799999999899, 59.85000000000035 ] ], [ [ 23.0216, 59.950000000000344 ], [ 23.0216, 59.900000000000347 ], [ 22.9382, 59.900000000000347 ], [ 22.9382, 59.950000000000344 ], [ 22.9382, 60.000000000000341 ], [ 23.0216, 60.000000000000341 ], [ 23.0216, 59.950000000000344 ] ], [ [ 22.3544, 60.20000000000033 ], [ 22.271, 60.20000000000033 ], [ 22.271, 60.250000000000327 ], [ 22.3544, 60.250000000000327 ], [ 22.3544, 60.20000000000033 ] ], [ [ 21.5204, 61.550000000000253 ], [ 21.5204, 61.60000000000025 ], [ 21.6038, 61.60000000000025 ], [ 21.6038, 61.550000000000253 ], [ 21.5204, 61.550000000000253 ] ], [ [ 21.6872, 63.300000000000153 ], [ 21.6872, 63.350000000000151 ], [ 21.7706, 63.350000000000151 ], [ 21.7706, 63.300000000000153 ], [ 21.6872, 63.300000000000153 ] ], [ [ 25.273399999999896, 64.95 ], [ 25.273399999999896, 65.0 ], [ 25.356799999999893, 65.0 ], [ 25.356799999999893, 64.95 ], [ 25.273399999999896, 64.95 ] ], [ [ 22.8548, 65.75 ], [ 22.8548, 65.7 ], [ 22.7714, 65.7 ], [ 22.7714, 65.75 ], [ 22.8548, 65.75 ] ], [ [ 22.9382, 65.7 ], [ 22.9382, 65.65 ], [ 22.8548, 65.65 ], [ 22.8548, 65.7 ], [ 22.9382, 65.7 ] ], [ [ 19.0184, 59.900000000000347 ], [ 19.1018, 59.900000000000347 ], [ 19.1018, 59.85000000000035 ], [ 19.0184, 59.85000000000035 ], [ 19.0184, 59.900000000000347 ] ], [ [ 18.518, 59.300000000000381 ], [ 18.518, 59.250000000000384 ], [ 18.4346, 59.250000000000384 ], [ 18.4346, 59.300000000000381 ], [ 18.518, 59.300000000000381 ] ], [ [ 18.518, 59.350000000000378 ], [ 18.518, 59.400000000000375 ], [ 18.6014, 59.400000000000375 ], [ 18.6014, 59.350000000000378 ], [ 18.6848, 59.350000000000378 ], [ 18.6848, 59.300000000000381 ], [ 18.6014, 59.300000000000381 ], [ 18.518, 59.300000000000381 ], [ 18.518, 59.350000000000378 ] ], [ [ 18.6014, 59.250000000000384 ], [ 18.6014, 59.200000000000387 ], [ 18.518, 59.200000000000387 ], [ 18.518, 59.250000000000384 ], [ 18.6014, 59.250000000000384 ] ], [ [ 16.7666, 57.950000000000458 ], [ 16.7666, 57.90000000000046 ], [ 16.6832, 57.90000000000046 ], [ 16.6832, 57.950000000000458 ], [ 16.7666, 57.950000000000458 ] ], [ [ 15.8492, 56.050000000000566 ], [ 15.7658, 56.050000000000566 ], [ 15.7658, 56.100000000000563 ], [ 15.8492, 56.100000000000563 ], [ 15.8492, 56.050000000000566 ] ], [ [ 19.1852, 58.000000000000455 ], [ 19.2686, 58.000000000000455 ], [ 19.352, 58.000000000000455 ], [ 19.352, 57.950000000000458 ], [ 19.2686, 57.950000000000458 ], [ 19.1852, 57.950000000000458 ], [ 19.1852, 58.000000000000455 ] ], [ [ 19.1852, 57.90000000000046 ], [ 19.1852, 57.850000000000463 ], [ 19.1018, 57.850000000000463 ], [ 19.0184, 57.850000000000463 ], [ 19.0184, 57.800000000000466 ], [ 19.0184, 57.750000000000469 ], [ 18.935, 57.750000000000469 ], [ 18.8516, 57.750000000000469 ], [ 18.8516, 57.700000000000472 ], [ 18.8516, 57.650000000000475 ], [ 18.7682, 57.650000000000475 ], [ 18.7682, 57.600000000000477 ], [ 18.8516, 57.600000000000477 ], [ 18.8516, 57.55000000000048 ], [ 18.7682, 57.55000000000048 ], [ 18.7682, 57.500000000000483 ], [ 18.7682, 57.450000000000486 ], [ 18.8516, 57.450000000000486 ], [ 18.935, 57.450000000000486 ], [ 18.935, 57.400000000000489 ], [ 18.8516, 57.400000000000489 ], [ 18.8516, 57.350000000000492 ], [ 18.7682, 57.350000000000492 ], [ 18.6848, 57.350000000000492 ], [ 18.6848, 57.300000000000495 ], [ 18.6848, 57.250000000000497 ], [ 18.6848, 57.2000000000005 ], [ 18.6014, 57.2000000000005 ], [ 18.518, 57.2000000000005 ], [ 18.518, 57.150000000000503 ], [ 18.4346, 57.150000000000503 ], [ 18.4346, 57.100000000000506 ], [ 18.3512, 57.100000000000506 ], [ 18.3512, 57.050000000000509 ], [ 18.3512, 57.000000000000512 ], [ 18.3512, 56.950000000000514 ], [ 18.2678, 56.950000000000514 ], [ 18.2678, 56.900000000000517 ], [ 18.1844, 56.900000000000517 ], [ 18.1844, 56.950000000000514 ], [ 18.1844, 57.000000000000512 ], [ 18.2678, 57.000000000000512 ], [ 18.2678, 57.050000000000509 ], [ 18.2678, 57.100000000000506 ], [ 18.2678, 57.150000000000503 ], [ 18.1844, 57.150000000000503 ], [ 18.1844, 57.2000000000005 ], [ 18.1844, 57.250000000000497 ], [ 18.101, 57.250000000000497 ], [ 18.101, 57.300000000000495 ], [ 18.1844, 57.300000000000495 ], [ 18.1844, 57.350000000000492 ], [ 18.1844, 57.400000000000489 ], [ 18.1844, 57.450000000000486 ], [ 18.1844, 57.500000000000483 ], [ 18.1844, 57.55000000000048 ], [ 18.1844, 57.600000000000477 ], [ 18.2678, 57.600000000000477 ], [ 18.2678, 57.650000000000475 ], [ 18.3512, 57.650000000000475 ], [ 18.3512, 57.700000000000472 ], [ 18.4346, 57.700000000000472 ], [ 18.4346, 57.750000000000469 ], [ 18.4346, 57.800000000000466 ], [ 18.518, 57.800000000000466 ], [ 18.518, 57.850000000000463 ], [ 18.6014, 57.850000000000463 ], [ 18.6848, 57.850000000000463 ], [ 18.6848, 57.90000000000046 ], [ 18.7682, 57.90000000000046 ], [ 18.7682, 57.850000000000463 ], [ 18.8516, 57.850000000000463 ], [ 18.8516, 57.90000000000046 ], [ 18.935, 57.90000000000046 ], [ 19.0184, 57.90000000000046 ], [ 19.1018, 57.90000000000046 ], [ 19.1018, 57.950000000000458 ], [ 19.1852, 57.950000000000458 ], [ 19.1852, 57.90000000000046 ] ], [ [ 19.352, 58.400000000000432 ], [ 19.352, 58.350000000000435 ], [ 19.2686, 58.350000000000435 ], [ 19.2686, 58.400000000000432 ], [ 19.352, 58.400000000000432 ] ], [ [ 16.433, 56.50000000000054 ], [ 16.433, 56.550000000000537 ], [ 16.433, 56.600000000000534 ], [ 16.5164, 56.600000000000534 ], [ 16.5164, 56.650000000000531 ], [ 16.5164, 56.700000000000529 ], [ 16.5164, 56.750000000000526 ], [ 16.5998, 56.750000000000526 ], [ 16.5998, 56.800000000000523 ], [ 16.5998, 56.85000000000052 ], [ 16.6832, 56.85000000000052 ], [ 16.6832, 56.900000000000517 ], [ 16.7666, 56.900000000000517 ], [ 16.7666, 56.950000000000514 ], [ 16.85, 56.950000000000514 ], [ 16.85, 57.000000000000512 ], [ 16.85, 57.050000000000509 ], [ 16.85, 57.100000000000506 ], [ 16.9334, 57.100000000000506 ], [ 16.9334, 57.150000000000503 ], [ 16.9334, 57.2000000000005 ], [ 16.9334, 57.250000000000497 ], [ 17.0168, 57.250000000000497 ], [ 17.0168, 57.300000000000495 ], [ 17.0168, 57.350000000000492 ], [ 17.1002, 57.350000000000492 ], [ 17.1836, 57.350000000000492 ], [ 17.1836, 57.300000000000495 ], [ 17.1002, 57.300000000000495 ], [ 17.1002, 57.250000000000497 ], [ 17.1002, 57.2000000000005 ], [ 17.1002, 57.150000000000503 ], [ 17.0168, 57.150000000000503 ], [ 17.0168, 57.100000000000506 ], [ 17.0168, 57.050000000000509 ], [ 16.9334, 57.050000000000509 ], [ 16.9334, 57.000000000000512 ], [ 16.9334, 56.950000000000514 ], [ 16.9334, 56.900000000000517 ], [ 16.85, 56.900000000000517 ], [ 16.85, 56.85000000000052 ], [ 16.85, 56.800000000000523 ], [ 16.7666, 56.800000000000523 ], [ 16.7666, 56.750000000000526 ], [ 16.7666, 56.700000000000529 ], [ 16.7666, 56.650000000000531 ], [ 16.7666, 56.600000000000534 ], [ 16.6832, 56.600000000000534 ], [ 16.6832, 56.550000000000537 ], [ 16.6832, 56.50000000000054 ], [ 16.5998, 56.50000000000054 ], [ 16.5998, 56.450000000000543 ], [ 16.5998, 56.400000000000546 ], [ 16.5998, 56.350000000000549 ], [ 16.5164, 56.350000000000549 ], [ 16.5164, 56.300000000000551 ], [ 16.5164, 56.250000000000554 ], [ 16.5164, 56.200000000000557 ], [ 16.433, 56.200000000000557 ], [ 16.433, 56.250000000000554 ], [ 16.433, 56.300000000000551 ], [ 16.433, 56.350000000000549 ], [ 16.433, 56.400000000000546 ], [ 16.433, 56.450000000000543 ], [ 16.433, 56.50000000000054 ] ], [ [ 17.6006, 62.250000000000213 ], [ 17.684, 62.250000000000213 ], [ 17.684, 62.200000000000216 ], [ 17.6006, 62.200000000000216 ], [ 17.6006, 62.250000000000213 ] ], [ [ 18.4346, 59.100000000000392 ], [ 18.518, 59.100000000000392 ], [ 18.518, 59.050000000000395 ], [ 18.4346, 59.050000000000395 ], [ 18.4346, 59.100000000000392 ] ], [ [ 18.7682, 60.150000000000333 ], [ 18.7682, 60.20000000000033 ], [ 18.8516, 60.20000000000033 ], [ 18.8516, 60.150000000000333 ], [ 18.7682, 60.150000000000333 ] ], [ [ 21.6038, 60.20000000000033 ], [ 21.6872, 60.20000000000033 ], [ 21.6872, 60.150000000000333 ], [ 21.6872, 60.100000000000335 ], [ 21.6038, 60.100000000000335 ], [ 21.5204, 60.100000000000335 ], [ 21.5204, 60.150000000000333 ], [ 21.6038, 60.150000000000333 ], [ 21.6038, 60.20000000000033 ] ], [ [ 19.769, 54.550000000000651 ], [ 19.769, 54.600000000000648 ], [ 19.8524, 54.600000000000648 ], [ 19.8524, 54.550000000000651 ], [ 19.769, 54.550000000000651 ] ], [ [ 19.769, 54.500000000000654 ], [ 19.6856, 54.500000000000654 ], [ 19.6856, 54.550000000000651 ], [ 19.769, 54.550000000000651 ], [ 19.769, 54.500000000000654 ] ], [ [ 19.6856, 54.450000000000657 ], [ 19.6022, 54.450000000000657 ], [ 19.6022, 54.500000000000654 ], [ 19.6856, 54.500000000000654 ], [ 19.6856, 54.450000000000657 ] ], [ [ 19.6022, 54.400000000000659 ], [ 19.5188, 54.400000000000659 ], [ 19.4354, 54.400000000000659 ], [ 19.4354, 54.450000000000657 ], [ 19.5188, 54.450000000000657 ], [ 19.6022, 54.450000000000657 ], [ 19.6022, 54.400000000000659 ] ], [ [ 19.4354, 54.350000000000662 ], [ 19.352, 54.350000000000662 ], [ 19.352, 54.400000000000659 ], [ 19.4354, 54.400000000000659 ], [ 19.4354, 54.350000000000662 ] ], [ [ 19.8524, 54.650000000000645 ], [ 19.9358, 54.650000000000645 ], [ 19.9358, 54.600000000000648 ], [ 19.8524, 54.600000000000648 ], [ 19.8524, 54.650000000000645 ] ], [ [ 19.6022, 60.20000000000033 ], [ 19.6022, 60.250000000000327 ], [ 19.6856, 60.250000000000327 ], [ 19.6856, 60.300000000000324 ], [ 19.769, 60.300000000000324 ], [ 19.769, 60.250000000000327 ], [ 19.8524, 60.250000000000327 ], [ 19.9358, 60.250000000000327 ], [ 19.9358, 60.300000000000324 ], [ 19.9358, 60.350000000000321 ], [ 19.8524, 60.350000000000321 ], [ 19.8524, 60.400000000000318 ], [ 19.9358, 60.400000000000318 ], [ 20.0192, 60.400000000000318 ], [ 20.0192, 60.350000000000321 ], [ 20.1026, 60.350000000000321 ], [ 20.186, 60.350000000000321 ], [ 20.186, 60.300000000000324 ], [ 20.2694, 60.300000000000324 ], [ 20.2694, 60.250000000000327 ], [ 20.2694, 60.20000000000033 ], [ 20.186, 60.20000000000033 ], [ 20.1026, 60.20000000000033 ], [ 20.0192, 60.20000000000033 ], [ 20.0192, 60.150000000000333 ], [ 20.0192, 60.100000000000335 ], [ 19.9358, 60.100000000000335 ], [ 19.8524, 60.100000000000335 ], [ 19.769, 60.100000000000335 ], [ 19.769, 60.150000000000333 ], [ 19.6856, 60.150000000000333 ], [ 19.6856, 60.20000000000033 ], [ 19.6022, 60.20000000000033 ] ], [ [ 20.1026, 60.000000000000341 ], [ 20.1026, 60.050000000000338 ], [ 20.1026, 60.100000000000335 ], [ 20.186, 60.100000000000335 ], [ 20.186, 60.050000000000338 ], [ 20.186, 60.000000000000341 ], [ 20.1026, 60.000000000000341 ] ], [ [ 20.9366, 63.800000000000125 ], [ 20.9366, 63.750000000000128 ], [ 20.9366, 63.700000000000131 ], [ 20.9366, 63.650000000000134 ], [ 20.8532, 63.650000000000134 ], [ 20.8532, 63.700000000000131 ], [ 20.8532, 63.750000000000128 ], [ 20.8532, 63.800000000000125 ], [ 20.9366, 63.800000000000125 ] ], [ [ 21.437, 63.250000000000156 ], [ 21.437, 63.200000000000159 ], [ 21.3536, 63.200000000000159 ], [ 21.3536, 63.150000000000162 ], [ 21.2702, 63.150000000000162 ], [ 21.2702, 63.200000000000159 ], [ 21.1868, 63.200000000000159 ], [ 21.1868, 63.250000000000156 ], [ 21.2702, 63.250000000000156 ], [ 21.3536, 63.250000000000156 ], [ 21.437, 63.250000000000156 ] ], [ [ 21.1868, 63.350000000000151 ], [ 21.2702, 63.350000000000151 ], [ 21.2702, 63.300000000000153 ], [ 21.1868, 63.300000000000153 ], [ 21.1868, 63.350000000000151 ] ], [ [ 21.3536, 63.300000000000153 ], [ 21.3536, 63.350000000000151 ], [ 21.437, 63.350000000000151 ], [ 21.437, 63.300000000000153 ], [ 21.3536, 63.300000000000153 ] ], [ [ 21.437, 60.55000000000031 ], [ 21.5204, 60.55000000000031 ], [ 21.5204, 60.500000000000313 ], [ 21.437, 60.500000000000313 ], [ 21.437, 60.55000000000031 ] ], [ [ 21.2702, 60.650000000000304 ], [ 21.3536, 60.650000000000304 ], [ 21.3536, 60.600000000000307 ], [ 21.2702, 60.600000000000307 ], [ 21.2702, 60.650000000000304 ] ], [ [ 23.1884, 57.800000000000466 ], [ 23.1884, 57.850000000000463 ], [ 23.271799999999899, 57.850000000000463 ], [ 23.271799999999899, 57.800000000000466 ], [ 23.1884, 57.800000000000466 ] ], [ [ 23.0216, 58.350000000000435 ], [ 22.9382, 58.350000000000435 ], [ 22.9382, 58.300000000000438 ], [ 22.8548, 58.300000000000438 ], [ 22.8548, 58.250000000000441 ], [ 22.7714, 58.250000000000441 ], [ 22.688, 58.250000000000441 ], [ 22.6046, 58.250000000000441 ], [ 22.5212, 58.250000000000441 ], [ 22.4378, 58.250000000000441 ], [ 22.4378, 58.200000000000443 ], [ 22.3544, 58.200000000000443 ], [ 22.271, 58.200000000000443 ], [ 22.271, 58.150000000000446 ], [ 22.271, 58.100000000000449 ], [ 22.271, 58.050000000000452 ], [ 22.1876, 58.050000000000452 ], [ 22.1876, 58.000000000000455 ], [ 22.1876, 57.950000000000458 ], [ 22.1042, 57.950000000000458 ], [ 22.1042, 57.90000000000046 ], [ 22.0208, 57.90000000000046 ], [ 22.0208, 57.950000000000458 ], [ 22.0208, 58.000000000000455 ], [ 22.1042, 58.000000000000455 ], [ 22.1042, 58.050000000000452 ], [ 22.1042, 58.100000000000449 ], [ 22.1876, 58.100000000000449 ], [ 22.1876, 58.150000000000446 ], [ 22.1042, 58.150000000000446 ], [ 22.1042, 58.200000000000443 ], [ 22.0208, 58.200000000000443 ], [ 22.0208, 58.250000000000441 ], [ 21.9374, 58.250000000000441 ], [ 21.854, 58.250000000000441 ], [ 21.854, 58.300000000000438 ], [ 21.9374, 58.300000000000438 ], [ 21.9374, 58.350000000000435 ], [ 22.0208, 58.350000000000435 ], [ 22.0208, 58.400000000000432 ], [ 21.9374, 58.400000000000432 ], [ 21.9374, 58.450000000000429 ], [ 21.9374, 58.500000000000426 ], [ 22.0208, 58.500000000000426 ], [ 22.0208, 58.450000000000429 ], [ 22.1042, 58.450000000000429 ], [ 22.1876, 58.450000000000429 ], [ 22.1876, 58.500000000000426 ], [ 22.271, 58.500000000000426 ], [ 22.3544, 58.500000000000426 ], [ 22.3544, 58.550000000000423 ], [ 22.4378, 58.550000000000423 ], [ 22.4378, 58.600000000000421 ], [ 22.5212, 58.600000000000421 ], [ 22.6046, 58.600000000000421 ], [ 22.688, 58.600000000000421 ], [ 22.7714, 58.600000000000421 ], [ 22.8548, 58.600000000000421 ], [ 22.9382, 58.600000000000421 ], [ 23.0216, 58.600000000000421 ], [ 23.0216, 58.550000000000423 ], [ 23.104999999999897, 58.550000000000423 ], [ 23.104999999999897, 58.600000000000421 ], [ 23.104999999999897, 58.650000000000418 ], [ 23.1884, 58.650000000000418 ], [ 23.1884, 58.700000000000415 ], [ 23.271799999999899, 58.700000000000415 ], [ 23.271799999999899, 58.650000000000418 ], [ 23.355199999999897, 58.650000000000418 ], [ 23.355199999999897, 58.600000000000421 ], [ 23.4386, 58.600000000000421 ], [ 23.4386, 58.550000000000423 ], [ 23.355199999999897, 58.550000000000423 ], [ 23.271799999999899, 58.550000000000423 ], [ 23.1884, 58.550000000000423 ], [ 23.1884, 58.500000000000426 ], [ 23.271799999999899, 58.500000000000426 ], [ 23.271799999999899, 58.450000000000429 ], [ 23.1884, 58.450000000000429 ], [ 23.104999999999897, 58.450000000000429 ], [ 23.104999999999897, 58.400000000000432 ], [ 23.0216, 58.400000000000432 ], [ 23.0216, 58.350000000000435 ] ], [ [ 23.355199999999897, 59.050000000000395 ], [ 23.355199999999897, 59.000000000000398 ], [ 23.355199999999897, 58.950000000000401 ], [ 23.271799999999899, 58.950000000000401 ], [ 23.1884, 58.950000000000401 ], [ 23.1884, 59.000000000000398 ], [ 23.1884, 59.050000000000395 ], [ 23.271799999999899, 59.050000000000395 ], [ 23.355199999999897, 59.050000000000395 ] ], [ [ 22.4378, 58.950000000000401 ], [ 22.4378, 59.000000000000398 ], [ 22.5212, 59.000000000000398 ], [ 22.5212, 59.050000000000395 ], [ 22.6046, 59.050000000000395 ], [ 22.6046, 59.100000000000392 ], [ 22.688, 59.100000000000392 ], [ 22.688, 59.050000000000395 ], [ 22.7714, 59.050000000000395 ], [ 22.7714, 59.000000000000398 ], [ 22.8548, 59.000000000000398 ], [ 22.9382, 59.000000000000398 ], [ 22.9382, 58.950000000000401 ], [ 23.0216, 58.950000000000401 ], [ 23.0216, 58.900000000000404 ], [ 23.104999999999897, 58.900000000000404 ], [ 23.104999999999897, 58.850000000000406 ], [ 23.104999999999897, 58.800000000000409 ], [ 23.0216, 58.800000000000409 ], [ 23.0216, 58.850000000000406 ], [ 22.9382, 58.850000000000406 ], [ 22.9382, 58.800000000000409 ], [ 22.8548, 58.800000000000409 ], [ 22.8548, 58.750000000000412 ], [ 22.7714, 58.750000000000412 ], [ 22.688, 58.750000000000412 ], [ 22.688, 58.700000000000415 ], [ 22.6046, 58.700000000000415 ], [ 22.5212, 58.700000000000415 ], [ 22.5212, 58.750000000000412 ], [ 22.5212, 58.800000000000409 ], [ 22.4378, 58.800000000000409 ], [ 22.4378, 58.850000000000406 ], [ 22.4378, 58.900000000000404 ], [ 22.3544, 58.900000000000404 ], [ 22.271, 58.900000000000404 ], [ 22.271, 58.850000000000406 ], [ 22.1876, 58.850000000000406 ], [ 22.1876, 58.900000000000404 ], [ 22.1042, 58.900000000000404 ], [ 22.1042, 58.950000000000401 ], [ 22.1876, 58.950000000000401 ], [ 22.271, 58.950000000000401 ], [ 22.3544, 58.950000000000401 ], [ 22.4378, 58.950000000000401 ] ], [ [ 22.0208, 60.150000000000333 ], [ 22.0208, 60.20000000000033 ], [ 22.1042, 60.20000000000033 ], [ 22.1042, 60.150000000000333 ], [ 22.0208, 60.150000000000333 ] ], [ [ 21.7706, 60.150000000000333 ], [ 21.7706, 60.20000000000033 ], [ 21.854, 60.20000000000033 ], [ 21.854, 60.150000000000333 ], [ 21.7706, 60.150000000000333 ] ], [ [ 22.5212, 59.85000000000035 ], [ 22.4378, 59.85000000000035 ], [ 22.4378, 59.900000000000347 ], [ 22.5212, 59.900000000000347 ], [ 22.5212, 59.85000000000035 ] ], [ [ 24.022399999999898, 58.150000000000446 ], [ 24.022399999999898, 58.100000000000449 ], [ 23.939, 58.100000000000449 ], [ 23.939, 58.150000000000446 ], [ 24.022399999999898, 58.150000000000446 ] ], [ [ 24.606199999999895, 59.600000000000364 ], [ 24.606199999999895, 59.550000000000367 ], [ 24.522799999999897, 59.550000000000367 ], [ 24.522799999999897, 59.600000000000364 ], [ 24.606199999999895, 59.600000000000364 ] ], [ [ 27.024799999999885, 60.050000000000338 ], [ 26.941399999999888, 60.050000000000338 ], [ 26.941399999999888, 60.100000000000335 ], [ 27.024799999999885, 60.100000000000335 ], [ 27.024799999999885, 60.050000000000338 ] ], [ [ 27.108199999999883, 60.050000000000338 ], [ 27.108199999999883, 60.000000000000341 ], [ 27.024799999999885, 60.000000000000341 ], [ 27.024799999999885, 60.050000000000338 ], [ 27.108199999999883, 60.050000000000338 ] ], [ [ 27.942199999999886, 60.000000000000341 ], [ 27.858799999999881, 60.000000000000341 ], [ 27.858799999999881, 60.050000000000338 ], [ 27.942199999999886, 60.050000000000338 ], [ 27.942199999999886, 60.000000000000341 ] ], [ [ 28.359199999999881, 60.000000000000341 ], [ 28.359199999999881, 60.050000000000338 ], [ 28.442599999999885, 60.050000000000338 ], [ 28.442599999999885, 60.000000000000341 ], [ 28.359199999999881, 60.000000000000341 ] ], [ [ 28.60939999999988, 60.250000000000327 ], [ 28.60939999999988, 60.300000000000324 ], [ 28.692799999999885, 60.300000000000324 ], [ 28.692799999999885, 60.250000000000327 ], [ 28.60939999999988, 60.250000000000327 ] ], [ [ 23.772199999999899, 65.7 ], [ 23.6888, 65.7 ], [ 23.6888, 65.75 ], [ 23.772199999999899, 65.75 ], [ 23.772199999999899, 65.7 ] ], [ [ 22.5212, 65.55 ], [ 22.5212, 65.6 ], [ 22.6046, 65.6 ], [ 22.6046, 65.55 ], [ 22.5212, 65.55 ] ], [ [ 21.7706, 63.450000000000145 ], [ 21.854, 63.450000000000145 ], [ 21.854, 63.400000000000148 ], [ 21.7706, 63.400000000000148 ], [ 21.7706, 63.450000000000145 ] ], [ [ 22.271, 65.4 ], [ 22.1876, 65.4 ], [ 22.1876, 65.45 ], [ 22.271, 65.45 ], [ 22.271, 65.4 ] ], [ [ 24.939799999999892, 65.1 ], [ 25.023199999999896, 65.1 ], [ 25.023199999999896, 65.05 ], [ 24.939799999999892, 65.05 ], [ 24.856399999999894, 65.05 ], [ 24.856399999999894, 65.0 ], [ 24.856399999999894, 64.95 ], [ 24.772999999999897, 64.95 ], [ 24.772999999999897, 65.0 ], [ 24.689599999999892, 65.0 ], [ 24.606199999999895, 65.0 ], [ 24.606199999999895, 65.05 ], [ 24.689599999999892, 65.05 ], [ 24.689599999999892, 65.1 ], [ 24.772999999999897, 65.1 ], [ 24.856399999999894, 65.1 ], [ 24.939799999999892, 65.1 ] ], [ [ 25.106599999999894, 65.05 ], [ 25.106599999999894, 65.0 ], [ 25.023199999999896, 65.0 ], [ 25.023199999999896, 65.05 ], [ 25.106599999999894, 65.05 ] ] ] } }
]
}
